# 3ds Max Wavefront OBJ Exporter v0.99 - (c)2007 guruware
# ì¬‚µ‚½ƒtƒ@ƒCƒ‹ : 07.11.2024 00:47:34

mtllib RoomPlant_A.mtl

#
# object RoomPlant_A
#

v  0.3999 30.1067 -0.0871
v  12.2886 30.1067 -0.0871
v  11.3836 30.1067 -4.6367
v  12.2886 34.1568 -0.0871
v  11.3836 34.1568 -4.6367
v  14.0308 34.1568 -0.0871
v  12.9932 34.1568 -5.3034
v  14.9019 33.2205 -0.0871
v  13.7980 33.2205 -5.6367
v  14.9019 31.5874 -0.0871
v  13.7980 31.5874 -5.6367
v  17.2534 30.0850 -0.0871
v  15.9705 30.0850 -6.5366
v  18.6905 26.9494 -0.0871
v  17.2982 26.9494 -7.0865
v  19.1787 24.3004 -0.0871
v  17.7493 24.3004 -7.2734
v  19.1353 21.0778 -0.0871
v  17.7091 21.0778 -7.2568
v  18.6563 17.6809 -0.0871
v  17.2666 17.6809 -7.0735
v  13.3443 3.3097 -0.0871
v  12.3589 3.3097 -5.0407
v  13.0830 0.0000 -0.0871
v  12.1176 0.0000 -4.9407
v  0.3999 0.0000 -0.0871
v  8.8065 30.1067 -8.4936
v  8.8065 34.1568 -8.4936
v  10.0384 34.1568 -9.7255
v  10.6544 33.2205 -10.3415
v  10.6544 31.5874 -10.3415
v  12.3172 30.0850 -12.0043
v  13.3333 26.9494 -13.0204
v  13.6786 24.3004 -13.3657
v  13.6478 21.0778 -13.3350
v  13.3091 17.6809 -12.9963
v  9.5530 3.3097 -9.2401
v  9.3682 0.0000 -9.0554
v  4.9495 30.1067 -11.0708
v  4.9495 34.1568 -11.0708
v  5.6162 34.1568 -12.6803
v  5.9496 33.2205 -13.4851
v  5.9496 31.5874 -13.4851
v  6.8495 30.0850 -15.6577
v  7.3994 26.9494 -16.9853
v  7.5863 24.3004 -17.4364
v  7.5696 21.0778 -17.3963
v  7.3863 17.6809 -16.9537
v  5.3535 3.3097 -12.0461
v  5.2535 0.0000 -11.8047
v  0.3999 30.1067 -11.9757
v  0.3999 34.1568 -11.9757
v  0.3999 34.1568 -13.7179
v  0.3999 33.2205 -14.5890
v  0.3999 31.5874 -14.5890
v  0.3999 30.0850 -16.9406
v  0.3999 26.9494 -18.3776
v  0.3999 24.3004 -18.8659
v  0.3999 21.0778 -18.8224
v  0.3999 17.6809 -18.3434
v  0.3999 3.3097 -13.0314
v  0.3999 0.0000 -12.7702
v  -4.1497 30.1067 -11.0708
v  -4.1497 34.1568 -11.0708
v  -4.8164 34.1568 -12.6803
v  -5.1497 33.2205 -13.4851
v  -5.1497 31.5874 -13.4851
v  -6.0496 30.0850 -15.6577
v  -6.5996 26.9494 -16.9853
v  -6.7864 24.3004 -17.4364
v  -6.7698 21.0778 -17.3963
v  -6.5865 17.6809 -16.9537
v  -4.5537 3.3097 -12.0461
v  -4.4537 0.0000 -11.8047
v  -8.0066 30.1067 -8.4936
v  -8.0066 34.1568 -8.4936
v  -9.2385 34.1568 -9.7255
v  -9.8545 33.2205 -10.3415
v  -9.8545 31.5874 -10.3415
v  -11.5173 30.0850 -12.0043
v  -12.5334 26.9494 -13.0204
v  -12.8787 24.3004 -13.3657
v  -12.8480 21.0778 -13.3350
v  -12.5093 17.6809 -12.9963
v  -8.7531 3.3097 -9.2401
v  -8.5684 0.0000 -9.0554
v  -10.5838 30.1067 -4.6367
v  -10.5838 34.1568 -4.6367
v  -12.1933 34.1568 -5.3034
v  -12.9981 33.2205 -5.6367
v  -12.9981 31.5874 -5.6367
v  -15.1707 30.0850 -6.5366
v  -16.4983 26.9494 -7.0865
v  -16.9494 24.3004 -7.2734
v  -16.9093 21.0778 -7.2568
v  -16.4667 17.6809 -7.0735
v  -11.5591 3.3097 -5.0406
v  -11.3177 0.0000 -4.9407
v  -11.4887 30.1067 -0.0871
v  -11.4887 34.1568 -0.0871
v  -13.2309 34.1568 -0.0871
v  -14.1020 33.2205 -0.0871
v  -14.1020 31.5874 -0.0871
v  -16.4536 30.0850 -0.0871
v  -17.8906 26.9494 -0.0871
v  -18.3789 24.3004 -0.0871
v  -18.3354 21.0778 -0.0871
v  -17.8564 17.6809 -0.0871
v  -12.5444 3.3097 -0.0871
v  -12.2832 0.0000 -0.0871
v  -10.5838 30.1067 4.4625
v  -10.5838 34.1568 4.4625
v  -12.1933 34.1568 5.1292
v  -12.9981 33.2205 5.4626
v  -12.9981 31.5874 5.4626
v  -15.1707 30.0850 6.3625
v  -16.4983 26.9494 6.9124
v  -16.9494 24.3004 7.0993
v  -16.9093 21.0778 7.0826
v  -16.4667 17.6809 6.8993
v  -11.5591 3.3097 4.8665
v  -11.3177 0.0000 4.7666
v  -8.0066 30.1067 8.3195
v  -8.0066 34.1568 8.3195
v  -9.2385 34.1568 9.5514
v  -9.8545 33.2205 10.1674
v  -9.8545 31.5874 10.1674
v  -11.5173 30.0850 11.8302
v  -12.5334 26.9494 12.8463
v  -12.8787 24.3004 13.1916
v  -12.8480 21.0778 13.1608
v  -12.5093 17.6809 12.8221
v  -8.7531 3.3097 9.0660
v  -8.5684 0.0000 8.8812
v  -4.1497 30.1067 10.8966
v  -4.1497 34.1568 10.8966
v  -4.8164 34.1568 12.5062
v  -5.1497 33.2205 13.3110
v  -5.1497 31.5874 13.3110
v  -6.0496 30.0850 15.4836
v  -6.5995 26.9494 16.8112
v  -6.7864 24.3004 17.2623
v  -6.7698 21.0778 17.2221
v  -6.5865 17.6809 16.7796
v  -4.5536 3.3097 11.8719
v  -4.4537 0.0000 11.6306
v  0.3999 30.1067 11.8016
v  0.3999 34.1568 11.8016
v  0.3999 34.1568 13.5438
v  0.3999 33.2205 14.4149
v  0.3999 31.5874 14.4149
v  0.3999 30.0850 16.7664
v  0.3999 26.9494 18.2035
v  0.3999 24.3004 18.6917
v  0.3999 21.0778 18.6483
v  0.3999 17.6809 18.1693
v  0.3999 3.3097 12.8573
v  0.3999 0.0000 12.5960
v  4.9495 30.1067 10.8966
v  4.9495 34.1568 10.8966
v  5.6162 34.1568 12.5062
v  5.9496 33.2205 13.3110
v  5.9496 31.5874 13.3110
v  6.8495 30.0850 15.4836
v  7.3994 26.9494 16.8112
v  7.5863 24.3004 17.2623
v  7.5696 21.0778 17.2221
v  7.3863 17.6809 16.7796
v  5.3535 3.3097 11.8719
v  5.2535 0.0000 11.6306
v  8.8065 30.1067 8.3195
v  8.8065 34.1568 8.3195
v  10.0384 34.1568 9.5514
v  10.6544 33.2205 10.1674
v  10.6544 31.5874 10.1674
v  12.3172 30.0850 11.8302
v  13.3333 26.9494 12.8463
v  13.6786 24.3004 13.1916
v  13.6478 21.0778 13.1608
v  13.3091 17.6809 12.8221
v  9.5530 3.3097 9.0660
v  9.3682 0.0000 8.8812
v  11.3836 30.1067 4.4625
v  11.3836 34.1568 4.4625
v  12.9932 34.1568 5.1292
v  13.7980 33.2205 5.4626
v  13.7980 31.5874 5.4626
v  15.9705 30.0850 6.3625
v  17.2982 26.9494 6.9124
v  17.7493 24.3004 7.0993
v  17.7091 21.0778 7.0826
v  17.2666 17.6809 6.8993
v  12.3589 3.3097 4.8665
v  12.1176 0.0000 4.7665
v  -6.3898 40.7198 -2.1426
v  -12.5959 36.0177 -0.3056
v  -9.8710 35.1376 4.9670
v  -3.9329 39.5678 3.2087
v  -7.7132 40.1896 -7.9708
v  -13.7540 35.6638 -6.1821
v  -17.0134 29.8004 0.9395
v  -14.2885 28.9202 6.2121
v  -18.1715 29.4464 -4.9371
v  -9.9720 43.8647 -3.4406
v  -16.5754 40.9145 -0.0212
v  -13.3573 40.0928 4.9757
v  -6.9255 42.9404 1.6451
v  -12.3285 42.8521 -8.8648
v  -18.7439 40.0142 -5.5427
v  -21.9969 36.7552 2.7863
v  -18.7789 35.9334 7.7832
v  -24.1654 35.8549 -2.7352
v  -12.2626 47.4270 -5.0162
v  -17.6264 50.4715 0.0789
v  -13.4545 50.8779 4.3719
v  -8.0289 47.7980 -0.7809
v  -16.7115 45.1849 -8.3599
v  -21.3986 48.0436 -3.9055
v  -22.4840 50.2335 4.8245
v  -18.3121 50.6398 9.1176
v  -26.2562 47.8055 0.8401
v  -16.0506 49.2399 -8.2561
v  -16.5608 50.9486 -16.0548
v  -20.4004 46.3590 -15.6162
v  -19.9665 44.7525 -8.9831
v  -10.8215 52.1670 -7.9569
v  -11.3815 53.9424 -16.5157
v  -16.9354 50.7125 -21.7796
v  -20.7750 46.1229 -21.3410
v  -11.7561 53.7063 -22.2405
v  -21.2482 49.3638 -8.6943
v  -26.2355 43.1656 -7.8519
v  -24.0479 42.4934 -2.3055
v  -19.2025 48.4748 -3.1243
v  -21.7265 48.9378 -14.6600
v  -26.6211 42.8862 -13.8330
v  -29.2623 37.2179 -7.3789
v  -27.0747 36.5457 -1.8325
v  -29.6479 36.9385 -13.3600
v  -24.7271 51.9313 -9.6915
v  -31.5219 51.6966 -5.4753
v  -28.4311 51.9505 -0.3389
v  -21.5721 52.1981 -4.5950
v  -27.5923 49.6314 -14.4351
v  -33.8438 49.5066 -10.5559
v  -37.4490 49.4485 -1.7975
v  -34.3582 49.7025 3.3389
v  -39.7710 47.2586 -6.8781
v  -29.1919 53.6641 -12.6356
v  -36.5481 56.7965 -12.9093
v  -36.4984 58.7575 -7.2390
v  -28.6312 55.4782 -6.9440
v  -30.5023 50.1760 -17.3384
v  -36.7740 53.0223 -17.5680
v  -41.8509 57.2501 -13.0196
v  -41.8011 59.2110 -7.3493
v  -42.0767 53.4758 -17.6784
v  -32.6692 53.3084 -14.2488
v  -39.5075 50.7236 -17.4980
v  -40.5078 48.6831 -11.9450
v  -34.2680 50.9184 -8.9827
v  -30.2529 53.7926 -19.7194
v  -37.1120 51.2181 -22.9768
v  -44.8009 45.8148 -20.2554
v  -45.8013 43.7743 -14.7024
v  -42.4054 46.3093 -25.7342
v  -2.0711 46.4183 4.8214
v  -5.2752 41.6318 10.3733
v  0.3178 39.6893 11.3460
v  3.3690 44.2096 6.0568
v  -7.4547 47.0333 2.2448
v  -10.6744 42.2251 7.8246
v  -7.1271 37.8198 13.4092
v  -1.5342 35.8773 14.3818
v  -12.5263 38.4130 10.8605
v  -1.5649 49.8634 7.7554
v  3.2662 48.8155 14.0453
v  7.7795 48.0738 10.1619
v  3.0849 49.0584 4.0499
v  -6.3168 48.6041 11.1955
v  -1.6993 47.6553 17.2072
v  7.7173 45.5589 19.8403
v  12.2186 44.8263 15.9415
v  2.7332 44.4128 22.9781
v  8.2227 45.1625 20.4984
v  12.7241 44.4298 16.5996
v  3.2386 44.0164 23.6361
v  -3.5313 53.9413 10.3986
v  0.9157 57.8636 15.7689
v  5.4550 58.3570 11.8764
v  0.9238 54.3627 6.4017
v  -6.9506 51.7625 14.8214
v  -3.2618 55.3557 19.2702
v  6.1360 57.6250 21.8263
v  10.6933 58.1169 17.9548
v  1.8706 55.1246 25.2254
v  6.8934 57.5283 22.7056
v  11.4508 58.0203 18.8341
v  2.6280 55.0280 26.1048
v  -6.5131 54.7436 14.2882
v  -13.5721 51.8876 16.7405
v  -10.2613 48.3462 20.2755
v  -3.6946 50.9593 17.9943
v  -9.1059 56.8858 9.3195
v  -16.4436 53.8923 11.8686
v  -17.4635 49.5990 18.0923
v  -14.1526 46.0576 21.6273
v  -20.3350 51.6037 13.2204
v  -7.3420 56.0791 18.4209
v  -10.5010 49.9519 22.4803
v  -4.8299 48.2239 23.4040
v  -1.8331 53.9865 19.5493
v  -12.5863 56.9370 15.6349
v  -15.7717 50.7608 19.7298
v  -12.5357 44.5016 24.7765
v  -6.8647 42.7737 25.7002
v  -17.8064 45.3106 22.0259
v  -7.4901 58.5657 22.8202
v  -3.0319 55.8503 28.8825
v  1.7246 55.6360 25.2316
v  -2.7102 58.3332 19.2010
v  -12.4621 56.8556 25.7106
v  -8.1755 54.2744 31.5396
v  -0.0833 52.9868 32.8920
v  4.6732 52.7726 29.2411
v  -5.2269 51.4109 35.5492
v  -10.4048 61.0775 25.9982
v  -17.2227 64.1005 28.8927
v  -16.0757 59.0143 31.8618
v  -10.9249 56.3733 29.6860
v  -10.9747 64.4874 21.0944
v  -18.8993 67.7914 24.4693
v  -23.5623 64.0482 31.2520
v  -22.4153 58.9620 34.2211
v  -25.2389 67.7390 26.8286
v  -12.7652 60.4333 30.3342
v  -19.0213 55.7845 32.1366
v  -14.9845 52.8862 35.4988
v  -9.2528 57.0688 33.8475
v  -15.6267 62.3846 25.4347
v  -22.1870 57.4653 27.3248
v  -23.9491 50.5678 33.5563
v  -19.9123 47.6696 36.9185
v  -27.1148 52.2486 28.7446
v  -11.9433 61.3032 31.3635
v  -14.9660 59.0441 38.4176
v  -9.4818 56.8777 39.5269
v  -6.6364 58.9534 32.8851
v  -17.4919 61.7142 29.1176
v  -20.5236 59.4516 36.1932
v  -16.8149 56.4893 42.5688
v  -11.3307 54.3229 43.6781
v  -22.3724 56.8969 40.3444
v  6.7605 51.8533 0.7234
v  12.5265 46.5679 2.4021
v  11.8258 44.8880 -3.3152
v  6.4435 49.7281 -4.8787
v  5.6399 52.4920 6.5831
v  11.4324 47.1994 8.2676
v  16.4391 40.0714 3.8314
v  15.7385 38.3916 -1.8859
v  15.3450 40.7029 9.6969
v  10.2430 54.6467 0.4662
v  16.0318 50.2675 -2.8971
v  12.3809 49.2915 -7.5574
v  6.6953 53.5823 -4.2540
v  12.8461 53.9687 5.8294
v  18.5692 49.6458 2.5043
v  19.1586 47.2458 -4.7138
v  15.5077 46.2697 -9.3740
v  21.6960 46.6241 0.6876
v  13.4594 58.7608 1.5720
v  19.3647 62.7600 -2.0521
v  16.1263 63.7976 -6.9955
v  9.9264 59.6591 -3.1936
v  17.4550 56.1662 5.2194
v  22.3142 59.7673 2.2309
v  25.2844 63.1662 -5.8449
v  22.0460 64.2037 -10.7882
v  28.2338 60.1735 -1.5618
v  17.5919 59.8597 3.5929
v  20.0109 60.5217 11.1896
v  23.4452 55.9331 9.4148
v  21.3396 55.2413 2.8020
v  12.5927 62.9007 4.9197
v  15.2179 63.5431 13.1643
v  21.6341 59.7649 16.2874
v  25.0684 55.1763 14.5127
v  16.8411 62.7862 18.2621
v  21.9289 59.8446 4.1687
v  24.8711 53.6086 8.2251
v  26.3719 51.5913 2.7774
v  23.6335 57.2945 -0.9880
v  18.5100 61.2967 8.8807
v  21.5203 54.9169 13.0273
v  26.4179 46.9344 11.1227
v  27.9187 44.9171 5.6749
v  23.0671 48.2426 15.9248
v  26.8025 61.5880 3.1223
v  31.8970 57.3258 -1.3363
v  27.7277 56.9820 -5.6374
v  22.6784 61.1992 -1.2183
v  29.9610 60.2218 8.0373
v  34.8969 56.1177 3.7175
v  35.5451 53.0284 -4.5291
v  31.3758 52.6845 -8.8301
v  38.5450 51.8203 0.5248
v  30.3830 63.9399 4.6932
v  37.6037 66.9693 3.0550
v  36.1590 68.8793 -2.4463
v  28.4186 65.7094 -0.6929
v  32.8025 60.4768 8.9538
v  38.8852 63.2310 7.5698
v  43.2061 67.2166 1.6696
v  41.7615 69.1267 -3.8317
v  44.4876 63.4784 6.1844
v  35.0482 63.4362 6.7195
v  38.4885 60.6868 13.3982
v  40.9749 56.7018 9.6650
v  37.8181 59.1705 3.5366
v  30.8532 66.1857 10.0123
v  34.4762 63.2553 17.0457
v  40.4613 58.3299 17.2281
v  42.9478 54.3448 13.4949
v  36.4490 60.8984 20.8755
v  35.7194 63.6180 5.8294
v  43.0268 60.8280 7.5078
v  42.6990 58.7356 1.8940
v  36.0350 61.1582 0.3659
v  34.5945 64.2001 11.6942
v  41.9459 61.4069 13.3812
v  48.6924 55.8184 9.0443
v  48.3646 53.7260 3.4305
v  47.6115 56.3973 14.9176
v  2.6663 58.0007 -5.7367
v  5.5411 52.7617 -11.0553
v  -0.1740 51.1119 -11.8398
v  -2.8984 56.0229 -6.7962
v  8.1078 58.4638 -3.2515
v  10.9848 53.2298 -8.5759
v  7.4624 47.6531 -14.3091
v  1.7473 46.0033 -15.0936
v  12.9061 48.1213 -11.8298
v  2.8558 62.6211 -8.6111
v  -2.9094 64.1873 -13.9319
v  -6.9304 63.8336 -9.4927
v  -1.2578 62.2700 -4.2574
v  6.5096 60.9423 -13.0644
v  1.1868 62.4962 -17.9768
v  -8.7165 62.9402 -19.2912
v  -12.7319 62.5878 -14.8469
v  -4.5935 61.2553 -23.3114
v  -9.1580 62.8321 -19.6987
v  -13.1734 62.4797 -15.2544
v  -5.0350 61.1471 -23.7189
v  5.1610 65.5970 -10.9882
v  0.5622 70.2399 -15.6027
v  -3.6289 70.3986 -11.3121
v  0.9783 65.7274 -6.6884
v  8.2123 63.8039 -15.8332
v  4.2640 68.0583 -19.7904
v  -4.3747 71.1871 -20.4602
v  -8.5658 71.3458 -16.1696
v  -0.6729 69.0055 -24.6479
v  8.9699 66.3694 -14.4637
v  16.4959 63.7047 -14.9723
v  13.8745 60.1781 -19.0579
v  7.2766 62.3788 -18.6120
v  10.1752 68.7477 -9.0887
v  18.2543 65.8065 -9.6347
v  23.1468 59.2816 -15.4217
v  20.3694 55.8639 -19.4967
v  24.9982 61.3185 -10.0904
v  24.6202 58.2029 -15.5213
v  21.8428 54.7852 -19.5963
v  26.4717 60.2398 -10.1900
v  9.3469 67.7836 -19.3823
v  9.8676 61.3400 -24.0949
v  4.0466 60.3802 -23.0018
v  3.5411 66.6123 -18.4223
v  15.3029 67.7359 -18.6590
v  15.8190 61.3591 -23.3332
v  10.2109 56.3457 -26.6519
v  4.3899 55.3860 -25.5588
v  16.1623 56.3649 -25.8901
v  10.6200 70.4026 -23.8687
v  6.5072 68.1216 -30.3403
v  1.5200 67.9002 -27.0117
v  5.6004 70.1544 -20.5912
v  15.7251 68.6708 -26.5027
v  11.8388 66.5770 -32.6180
v  2.8389 63.9711 -36.1124
v  -2.1473 63.7507 -32.7824
v  8.1770 62.4338 -38.3799
v  2.6999 63.8110 -36.3311
v  -2.2863 63.5907 -33.0011
v  8.0380 62.2738 -38.5986
v  14.1108 72.9337 -27.0489
v  20.3285 77.1122 -29.8561
v  19.7118 71.9688 -32.8835
v  15.3265 68.5195 -30.9266
v  14.1908 76.1969 -22.0144
v  21.6640 80.9111 -25.4081
v  26.8894 77.8621 -32.4666
v  26.2727 72.7188 -35.4940
v  28.2249 81.6611 -28.0186
v  15.9527 72.6166 -31.0425
v  19.8137 70.2757 -37.6465
v  14.4654 68.0773 -39.2474
v  10.8915 70.1635 -33.1320
v  21.1922 73.1480 -28.1676
v  25.0728 70.8011 -34.8065
v  22.6017 66.7820 -42.1629
v  17.2534 64.5836 -43.7638
v  27.8608 67.3074 -39.3229
v  -6.9132 64.0791 -1.3356
v  -12.7318 58.8791 -3.0974
v  -11.9875 57.0044 2.5534
v  -6.5440 61.7911 4.1987
v  -5.8575 64.8803 -7.1874
v  -11.7271 59.6418 -8.9632
v  -16.5355 53.1662 -4.4917
v  -15.7912 51.2914 1.1591
v  -15.5307 53.9289 -10.3576
v  -9.8756 66.8774 -0.0601
v  -14.8181 64.5402 5.7802
v  -10.0202 63.8962 9.3249
v  -5.1895 66.1555 3.6168
v  -14.0919 65.6087 -4.1360
v  -18.8379 63.4084 1.4721
v  -19.1797 60.4142 10.9340
v  -14.3818 59.7701 14.4788
v  -23.1995 59.2823 6.6259
v  -13.4426 70.9802 -1.5903
v  -19.2471 76.0221 0.6203
v  -16.8998 77.2914 5.9942
v  -10.6080 71.9656 3.6052
v  -17.1332 68.4970 -5.6170
v  -21.4978 72.8372 -3.9393
v  -26.5763 76.9230 3.6089
v  -24.2333 78.1928 8.9846
v  -28.8170 73.7368 -0.9548
v  -26.6499 76.9317 3.6389
v  -24.3070 78.2016 9.0146
v  -28.8906 73.7456 -0.9248
v  -18.6232 71.4552 -3.1154
v  -22.5780 68.9522 -9.6034
v  -25.1409 65.2204 -5.6658
v  -21.5501 67.4211 0.2251
v  -14.3963 73.8695 -6.6232
v  -18.5690 71.1855 -13.4686
v  -25.2010 66.2133 -13.9065
v  -27.7639 62.4814 -9.9690
v  -21.1920 68.4466 -17.7718
v  -23.1368 71.9718 -2.2170
v  -26.9764 64.9536 -2.1694
v  -24.5950 63.9750 3.2501
v  -20.8634 70.7648 3.2029
v  -23.6493 72.2116 -8.1903
v  -27.4768 65.2271 -8.1422
v  -28.9749 59.6804 -2.2434
v  -26.5934 58.7017 3.1761
v  -29.4752 59.9539 -8.2163
v  -27.5723 74.1838 -1.5367
v  -32.4002 71.5898 4.2911
v  -27.7205 71.4254 8.0425
v  -22.9148 74.0034 2.2415
v  -31.5749 72.4130 -5.6408
v  -36.1851 69.9758 -0.0758
v  -35.9638 68.3084 8.5926
v  -31.2841 68.1440 12.3440
v  -39.7487 66.6944 4.2258
v  -31.1652 75.9160 -3.4363
v  -35.8688 78.6983 -9.2789
v  -38.5439 73.5582 -7.7221
v  -34.6778 71.0801 -2.9113
v  -26.7190 79.4774 -5.3199
v  -32.0038 82.4813 -11.8771
v  -38.9247 79.0805 -13.2680
v  -41.5998 73.9405 -11.7112
v  -35.0598 82.8636 -15.8663
v  -35.7939 75.6163 -3.3541
v  -43.2427 72.8524 -4.2904
v  -42.4401 70.7360 1.2663
v  -35.5805 73.1844 2.1268
v  -35.2495 76.1647 -9.3041
v  -42.7369 73.3963 -10.2442
v  -48.6924 68.5376 -5.1467
v  -47.8898 66.4213 0.4100
v  -48.1866 69.0815 -11.1005
v  -2.8378 69.5786 4.1236
v  -4.9142 64.3749 9.8342
v  0.9325 63.0782 10.2005
v  2.9109 67.9812 4.7560
v  -8.4890 69.6204 2.1080
v  -10.5459 64.4864 7.7674
v  -6.3707 58.8447 13.5043
v  -0.5239 57.5481 13.8707
v  -12.0024 58.9562 11.4375
v  -4.1557 73.4632 7.1556
v  -1.8488 71.5976 14.5852
v  3.7028 70.7677 12.4659
v  1.4448 72.5765 5.1940
v  -9.8566 72.3241 8.6397
v  -7.6125 70.5314 15.8668
v  -0.2990 69.2193 19.5763
v  5.2525 68.3894 17.4570
v  -6.0628 68.1531 20.8579
v  -6.7372 76.9897 8.5843
v  -13.1881 81.7009 8.1478
v  -14.6856 77.2333 11.8624
v  -9.7126 73.2518 12.2141
v  -4.6025 79.4456 3.5433
v  -11.9750 84.6318 3.0549
v  -18.7730 83.1697 7.6628
v  -20.2705 78.7021 11.3774
v  -17.5598 86.1006 2.5699
v  -10.2528 78.0694 12.4314
v  -17.4323 74.6797 13.4133
v  -14.6859 71.3150 17.5529
v  -7.9680 74.4477 16.6341
v  -11.9428 80.0869 7.0394
v  -19.3794 76.5539 8.0565
v  -21.3519 72.1398 13.9494
v  -18.6055 68.7751 18.0889
v  -23.2990 74.0140 8.5925
v  -11.8598 79.2307 16.2727
v  -14.6428 72.4728 19.5263
v  -8.9496 71.2214 20.9483
v  -6.2750 77.6752 17.8186
v  -16.8776 79.7317 13.0214
v  -19.6637 72.9746 16.2800
v  -16.3439 66.7114 21.2669
v  -10.6508 65.4600 22.6889
v  -21.3649 67.2132 18.0206
v  -13.4367 81.6574 20.3549
v  -11.1411 78.5329 27.3526
v  -5.5089 78.2234 25.3077
v  -7.7900 81.3243 18.3539
v  -19.1097 80.0847 21.5137
v  -16.8822 77.0718 28.3041
v  -9.8321 75.9878 31.3431
v  -4.1998 75.6784 29.2981
v  -15.5732 74.5267 32.2946
v  -16.4554 84.4632 24.1262
v  -13.7213 86.8695 31.2490
v  -8.1665 87.5726 29.0928
v  -10.9648 85.1183 21.7973
v  -21.1758 81.9034 26.8029
v  -18.8659 84.2099 32.8173
v  -10.7121 85.3227 38.4972
v  -5.1564 86.0253 36.3431
v  -15.8600 82.6648 40.0575
v  -10.6820 85.3069 38.5697
v  -5.1263 86.0095 36.4155
v  -15.8299 82.6490 40.1299
v  -19.6961 84.2786 27.5112
v  -24.3456 81.9169 33.5778
v  -19.2016 79.8466 35.8697
v  -14.9096 81.9348 30.2673
v  -24.5236 84.6917 23.9722
v  -29.1822 82.3364 30.0520
v  -27.8452 78.0264 37.9127
v  -22.7011 75.9561 40.2045
v  -32.6817 78.4459 34.3868
v  5.7569 75.6818 0.3587
v  10.9257 71.5040 4.8117
v  12.1826 68.8746 -0.4330
v  7.4542 72.6008 -4.5020
v  2.7072 77.1797 5.3040
v  8.0165 72.8765 9.8765
v  14.2874 66.6187 8.0665
v  15.5443 63.9894 2.8218
v  11.3781 67.9913 13.1313
v  9.3656 78.6319 -1.7605
v  14.2777 76.0730 -7.5331
v  9.4264 75.2578 -10.9682
v  4.6550 77.7118 -5.3611
v  13.6253 77.5779 2.3314
v  18.3762 75.1392 -3.2517
v  18.6296 71.7247 -12.6473
v  13.7550 70.9339 -16.0551
v  22.7007 70.8196 -8.3338
v  19.5940 70.6619 -13.7807
v  14.7195 69.8710 -17.1885
v  23.6652 69.7568 -9.4672
v  13.3000 83.0147 -0.6902
v  17.3178 86.8418 -6.4529
v  12.3716 87.5831 -9.7674
v  8.2150 83.6556 -3.8098
v  18.4308 80.6237 1.2993
v  21.7123 84.1103 -3.4153
v  21.7185 86.5446 -13.0866
v  16.7738 87.2858 -16.4034
v  26.1075 83.8135 -10.0407
v  21.7627 86.5414 -13.1532
v  16.8180 87.2825 -16.4700
v  26.1517 83.8102 -10.1073
v  19.0697 83.4749 0.7494
v  23.9419 79.2119 5.4493
v  25.2959 76.2076 0.4352
v  20.7272 80.1641 -3.9720
v  15.9864 85.2696 5.5735
v  21.0231 80.8405 10.4321
v  26.8633 75.8253 8.2674
v  28.2174 72.8210 3.2534
v  23.9445 77.4538 13.2502
v  23.0033 84.4022 0.6031
v  27.0914 78.1646 3.4977
v  27.0684 76.2090 -2.1747
v  23.2265 81.9993 -4.8902
v  21.0312 85.6724 6.1255
v  25.1918 79.3231 9.0699
v  29.4535 72.2098 5.5410
v  29.4304 70.2543 -0.1314
v  27.5538 73.3683 11.1132
v  28.1476 86.5196 -0.9679
v  32.6793 83.0443 -6.5703
v  27.9164 82.8204 -10.2125
v  23.4119 86.2697 -4.6436
v  32.1114 84.9079 3.2381
v  36.4681 81.5996 -2.1479
v  35.9690 79.2224 -10.6373
v  31.2061 78.9984 -14.2795
v  39.7578 77.7776 -6.2149
v  32.0004 88.6062 0.8286
v  36.1243 91.5401 7.0242
v  38.9901 86.5409 5.3520
v  35.7787 83.9559 0.5134
v  27.2579 91.9198 2.4188
v  31.9822 95.1033 9.5033
v  39.3928 91.6302 12.3559
v  42.2585 86.6311 10.6836
v  35.2506 95.1934 14.8350
v  35.2319 88.0301 0.3802
v  42.7457 85.3432 0.9491
v  41.7370 83.2479 -4.5819
v  34.7930 85.6410 -5.1061
v  34.9559 88.5233 6.3535
v  42.4976 85.8367 6.9237
v  48.1239 81.2786 1.5082
v  47.1153 79.1832 -4.0229
v  47.8759 81.7720 7.4827
v  3.7311 81.5036 -5.6382
v  7.1711 75.8797 -10.1701
v  1.5781 74.3768 -11.7381
v  -1.6816 79.6450 -7.4405
v  8.7441 81.9362 -2.3698
v  12.1820 76.3298 -6.9007
v  9.5202 70.0579 -12.9689
v  3.9271 68.5550 -14.5369
v  14.5310 70.5080 -9.6995
v  5.1410 85.9744 -9.3146
v  1.9803 86.2443 -16.6588
v  -3.4879 85.9409 -14.2079
v  -0.3668 85.6583 -6.9558
v  10.3887 84.2233 -11.6375
v  7.4475 84.5639 -18.4715
v  -1.0528 83.9784 -23.7063
v  -6.5174 83.6778 -21.2472
v  4.4340 82.3134 -25.4736
v  -1.3982 83.6920 -24.5090
v  -6.8629 83.3914 -22.0499
v  4.0885 82.0270 -26.2764
v  8.2600 88.8747 -10.9889
v  14.3570 93.7069 -12.8534
v  14.4612 88.7477 -16.2290
v  10.2388 84.8429 -14.9675
v  7.5439 91.7840 -5.7905
v  14.9135 97.2821 -8.0671
v  20.9813 95.0567 -14.6318
v  21.0855 90.0974 -18.0074
v  21.5378 98.6318 -9.8455
v  12.0444 89.8890 -14.0435
v  19.9812 89.5388 -13.1027
v  19.0538 85.1968 -17.1385
v  12.3050 85.3326 -17.9384
v  11.5580 92.8386 -8.8412
v  20.2638 92.3495 -7.8093
v  26.6002 87.3958 -12.3182
v  25.6728 83.0539 -16.3540
v  26.8827 90.2066 -7.0248
v  13.8030 89.9196 -17.7018
v  17.2244 82.9947 -19.7851
v  12.0234 81.5765 -22.4192
v  8.7235 88.2241 -20.4080
v  17.9260 90.6646 -13.4069
v  21.3662 83.7043 -15.5024
v  19.0739 77.9962 -20.7456
v  13.8729 76.5780 -23.3797
v  23.2157 78.7058 -16.4628
v  15.6853 92.9378 -21.9366
v  13.2648 93.8737 -29.5040
v  7.5555 94.4624 -27.7555
v  10.0196 93.5270 -20.0515
v  20.7432 90.3561 -23.8736
v  18.5142 91.2944 -30.8425
v  11.5292 93.1575 -34.9302
v  5.8199 93.7462 -33.1818
v  16.7786 90.5782 -36.2688
v  19.9325 94.3562 -24.7750
v  27.5746 96.7220 -24.7555
v  27.2365 91.7233 -28.0567
v  21.4214 89.5737 -28.0782
v  18.8634 97.7697 -19.9578
v  27.6806 100.3044 -19.9435
v  34.6263 95.9857 -24.3626
v  34.2882 90.9869 -27.6639
v  34.7323 99.5681 -19.5507
v  21.8189 93.9155 -28.1372
v  26.8048 91.2419 -33.7933
v  21.7801 89.0831 -36.2614
v  17.1902 91.4499 -31.0520
v  26.4314 94.4918 -24.3435
v  31.4471 91.8100 -30.0348
v  30.5517 87.0951 -37.7944
v  25.5269 84.9362 -40.2625
v  35.1940 87.6632 -34.0359
v  -6.1804 88.3019 -2.0071
v  -12.8049 84.1612 -0.2836
v  -10.2970 83.2085 5.0833
v  -3.9926 87.0702 3.4423
v  -7.3623 87.7548 -7.8641
v  -13.7976 83.7886 -6.1891
v  -17.7595 78.0001 0.9381
v  -15.2203 77.0879 6.2972
v  -18.7364 77.6481 -4.9714
v  -18.6349 76.8249 1.1528
v  -16.0957 75.9126 6.5120
v  -19.6118 76.4728 -4.7566
v  -9.8561 91.7610 -3.4211
v  -16.5340 88.7182 -0.2358
v  -13.4548 87.8661 4.8429
v  -6.9556 90.8011 1.7428
v  -12.0406 90.7938 -8.9249
v  -18.5385 87.8596 -5.8255
v  -21.9974 84.5071 2.3703
v  -18.9183 83.6551 7.4489
v  -24.0019 83.6485 -3.2195
v  -11.7165 95.5916 -5.6614
v  -13.2873 100.2631 -11.9630
v  -17.0062 95.5546 -11.9611
v  -15.9151 91.7146 -7.4890
v  -6.3615 98.2264 -5.0431
v  -8.2384 103.4598 -12.5014
v  -14.7338 101.4028 -18.7601
v  -18.4527 96.6944 -18.7582
v  -9.6849 104.5995 -19.2986
v  -15.9755 97.0543 -8.2319
v  -17.3704 97.2658 -16.1065
v  -21.1512 92.8841 -14.5235
v  -19.9341 92.5828 -7.6530
v  -10.7556 99.8889 -9.0790
v  -12.2633 100.0435 -17.5905
v  -18.3505 96.1118 -21.6389
v  -22.1312 91.7300 -20.0559
v  -13.2434 98.8894 -23.1229
v  -20.5670 97.3166 -8.8236
v  -25.1067 90.8784 -10.2168
v  -24.5975 89.7254 -4.3507
v  -20.2486 95.8357 -3.0180
v  -19.1801 97.6003 -14.6542
v  -23.7023 91.2076 -16.0408
v  -27.8031 84.5640 -11.2239
v  -27.2939 83.4110 -5.3578
v  -26.3987 84.8932 -17.0480
v  -24.1549 99.3427 -9.0971
v  -30.1831 96.2056 -4.8759
v  -26.5667 95.8926 -0.0984
v  -20.5971 98.9898 -4.2786
v  -26.9155 97.7905 -14.1931
v  -32.6861 94.8293 -10.1523
v  -35.0797 91.9656 -1.4471
v  -31.4634 91.6526 3.3304
v  -37.5827 90.5893 -6.7235
v  -27.6370 101.8479 -11.5833
v  -34.7347 105.1031 -9.8440
v  -33.1465 106.5593 -4.2442
v  -25.6734 103.1853 -6.0737
v  -30.1494 98.7733 -16.0816
v  -36.2609 101.7514 -14.5807
v  -40.0580 105.5607 -8.4550
v  -38.4698 107.0168 -2.8552
v  -41.5842 102.2089 -13.1917
v  -31.7846 101.7618 -13.5973
v  -38.7226 99.3961 -16.8017
v  -39.6949 97.3563 -11.2435
v  -33.3973 99.3670 -8.3377
v  -29.4091 102.2310 -19.0870
v  -36.3645 99.8811 -22.2976
v  -44.2553 94.3521 -19.6208
v  -45.1567 92.3798 -14.0263
v  -41.9071 94.8278 -25.1216
v  -45.2403 93.3683 -20.1263
v  -46.1416 91.3960 -14.5319
v  -42.8920 93.8440 -25.6271
v  -1.0843 93.3806 4.8162
v  -3.1489 88.0540 10.4166
v  2.5764 86.2873 10.1017
v  4.5161 91.2278 4.8332
v  -6.8586 94.0613 3.3348
v  -8.9333 88.7150 8.9661
v  -4.6780 82.4660 13.9676
v  1.0473 80.6992 13.6528
v  -10.4624 83.1270 12.5171
v  -0.1434 97.4960 7.8895
v  6.7319 97.1165 11.9621
v  9.6554 96.5363 6.7547
v  2.8750 96.9001 2.7383
v  -3.1671 96.0163 12.8561
v  3.4726 95.6757 16.7892
v  10.8414 95.9756 14.3963
v  13.7649 95.3954 9.1890
v  7.5820 94.5348 19.2234
v  -1.9334 101.4169 11.2183
v  -8.1965 106.3808 11.5823
v  -8.5634 102.3061 15.9712
v  -4.2164 98.2046 15.7426
v  -0.7982 103.2596 5.6222
v  -8.0521 108.7215 6.0596
v  -16.1433 107.2854 11.7580
v  -16.2740 103.1903 16.1413
v  -16.1392 109.6383 6.2386
v  -17.3056 107.3520 11.7855
v  -17.4363 103.2569 16.1688
v  -17.3016 109.7049 6.2661
v  -3.2799 101.9982 15.5337
v  -10.5638 100.4927 18.4796
v  -7.6212 96.4427 21.7870
v  -0.9639 97.7607 19.0945
v  -5.7608 104.5796 10.7190
v  -13.4264 102.9598 13.8193
v  -14.6645 98.8676 20.1382
v  -11.7219 94.8176 23.4455
v  -17.5271 101.3347 15.4778
v  -2.9884 102.7621 19.9628
v  -4.8203 96.2428 24.2223
v  0.9448 94.7068 23.5866
v  2.6910 100.8778 19.5214
v  -8.7913 103.5331 18.6471
v  -10.6350 96.9747 22.9362
v  -6.0601 90.5992 26.6161
v  -0.2950 89.0631 25.9804
v  -11.8747 91.3311 25.3300
v  -2.1957 104.9484 24.5131
v  3.2243 101.2862 29.1188
v  6.9456 101.0046 24.4207
v  1.5612 104.6379 19.8452
v  -6.5180 103.4188 28.3832
v  -1.2736 99.8992 32.8398
v  6.7528 97.8908 32.1173
v  10.4741 97.6092 27.4192
v  2.2549 96.5038 35.8382
v  -3.9057 107.7835 29.0763
v  -3.5210 111.2693 36.2666
v  2.0329 113.4781 35.7422
v  1.6146 109.7693 27.8182
v  -8.2952 104.1997 31.0486
v  -7.9827 107.2866 36.7468
v  -2.9561 111.4488 43.0052
v  2.5979 113.6576 42.4808
v  -7.4178 107.4660 43.4853
v  -4.3890 107.3939 32.7843
v  -5.6857 104.9891 40.3033
v  -0.0660 102.9201 39.9302
v  1.1300 105.0489 32.9860
v  -10.3084 107.8122 31.8974
v  -11.6070 105.4134 39.4331
v  -6.7686 101.0686 45.7468
v  -1.1490 98.9996 45.3736
v  -12.6900 101.4929 44.8765
v  5.0638 100.0956 -2.0208
v  11.0929 95.3744 -4.3363
v  7.4839 93.8312 -8.8744
v  1.7974 98.2136 -6.6886
v  7.3775 100.3375 3.5099
v  13.3794 95.6571 1.2037
v  15.2372 89.8896 -5.7670
v  11.6283 88.3464 -10.3051
v  17.5238 90.1722 -0.2270
v  7.2625 104.0535 -3.1317
v  9.5330 103.6811 -10.7937
v  3.7768 102.9669 -12.3284
v  1.5432 103.3215 -4.7909
v  12.8503 102.7067 -1.4104
v  15.0529 102.3670 -8.8432
v  10.8349 102.6289 -15.1868
v  5.0786 101.9148 -16.7216
v  16.3548 101.3149 -13.2364
v  10.4051 107.8518 -2.9801
v  11.8898 112.1597 -9.5557
v  6.0253 112.5452 -10.7634
v  4.5187 108.1791 -4.0948
v  16.0499 105.8187 -3.0376
v  17.3185 109.7623 -8.6712
v  13.3009 112.9134 -16.1598
v  7.4364 113.2988 -17.3675
v  18.7296 110.5160 -15.2754
v  14.5662 109.9243 -2.5675
v  18.1307 112.6405 4.0594
v  21.7977 108.1429 2.5347
v  18.7726 105.6776 -3.0895
v  9.4710 112.6436 -0.9415
v  13.3809 115.5205 6.3276
v  20.6805 113.1123 8.7999
v  24.3475 108.6147 7.2751
v  15.9307 115.9923 11.0681
v  19.3744 110.5330 -4.6469
v  23.4750 104.0206 -6.8318
v  19.2502 103.0900 -10.9894
v  15.2747 109.3685 -8.8703
v  22.1596 110.5039 0.6673
v  26.2242 104.0662 -1.4989
v  25.8289 98.5466 -7.9985
v  21.6041 97.6160 -12.1560
v  28.5781 98.5922 -2.6656
v  22.8143 113.5881 -6.0434
v  25.1332 113.3580 -13.6965
v  19.3924 113.3741 -15.4408
v  17.0723 113.6048 -7.7838
v  28.1874 111.5212 -4.3532
v  30.3587 111.3699 -11.5191
v  26.9394 111.5769 -19.6577
v  21.1986 111.5930 -21.4020
v  32.1650 109.5888 -17.4803
v  27.2634 116.1990 -5.7351
v  33.2865 120.2916 -9.0478
v  30.3561 122.1623 -13.9379
v  23.6813 117.7952 -10.2762
v  31.1979 113.0225 -2.5057
v  35.7093 116.5838 -5.0002
v  40.1473 120.2832 -13.1623
v  37.3051 122.1512 -18.1052
v  42.3989 116.5808 -9.0122
v  41.1409 120.2204 -13.7573
v  38.2987 122.0885 -18.7002
v  43.3925 116.5181 -9.6073
v  31.1613 115.9063 -6.3468
v  38.8619 113.9780 -7.3385
v  36.8807 111.7376 -12.5400
v  29.8502 113.3890 -11.6331
v  32.0643 116.4759 -0.4426
v  39.8193 114.5417 -1.4422
v  44.7233 110.1562 -7.9249
v  42.7422 107.9158 -13.1264
v  45.6807 110.7199 -2.0286
v  -0.0243 106.1661 -6.4281
v  0.7058 101.5117 -12.8937
v  -4.8383 99.6504 -11.5526
v  -5.5237 103.9679 -5.4667
v  5.9424 106.7415 -6.1686
v  6.6747 102.0754 -12.6608
v  1.3219 96.7143 -17.0146
v  -4.2222 94.8530 -15.6734
v  7.2908 97.2780 -16.7817
v  -1.3847 110.1451 -8.7114
v  -8.9188 110.4905 -11.3795
v  -10.7674 109.9528 -5.6968
v  -3.4017 109.5862 -3.0883
v  0.4914 108.6291 -14.2052
v  -6.5862 109.0320 -16.7117
v  -16.1670 108.2827 -13.9464
v  -18.0057 107.7481 -8.2602
v  -13.8074 106.8327 -19.2690
v  -16.7169 108.1027 -14.1411
v  -18.5556 107.5681 -8.4549
v  -14.3572 106.6527 -19.4637
v  -0.2972 114.0270 -12.3723
v  -6.9966 118.3523 -13.0124
v  -7.5258 118.2558 -7.0365
v  -0.9201 113.9452 -6.4053
v  -0.8130 112.3778 -18.1181
v  -6.6878 116.4001 -18.6775
v  -13.9537 119.0086 -13.6178
v  -14.4829 118.9121 -7.6420
v  -13.6449 117.0564 -19.2830
v  1.6115 114.9386 -16.9708
v  8.1398 113.2664 -21.2818
v  4.1669 109.4664 -23.6851
v  -1.4483 110.7433 -19.9771
v  5.0450 117.4778 -12.7561
v  12.1261 115.5664 -17.4321
v  14.0531 109.5536 -25.1867
v  9.9245 105.8573 -27.4872
v  18.1336 111.7908 -21.3992
v  15.3680 108.6253 -26.0550
v  11.2394 104.9291 -28.3555
v  19.4485 110.8625 -22.2675
v  0.0855 115.9943 -21.4299
v  -0.4169 109.6605 -26.2911
v  -5.6374 108.5106 -23.5663
v  -5.1558 114.4891 -18.9272
v  6.0012 116.2656 -22.3947
v  5.4998 109.9904 -27.2312
v  -0.5299 102.9217 -29.3441
v  -5.7504 101.7718 -26.6193
v  5.3868 103.2516 -30.2842
v  -0.4146 117.9272 -25.1137
v  -4.7302 113.2670 -29.9777
v  -8.7548 112.5872 -25.5800
v  -4.4944 117.1801 -20.7781
v  4.4383 116.9809 -28.5127
v  0.1926 112.4059 -33.2980
v  -7.1381 109.9663 -32.6916
v  -11.1627 109.2864 -28.2939
v  -2.2153 109.1051 -36.0120
v  0.3632 121.0900 -28.6160
v  -2.4833 124.9912 -34.9939
v  -7.6486 126.6585 -32.4366
v  -4.5689 122.5452 -25.5247
v  4.0855 118.0015 -32.1665
v  1.8140 121.4557 -37.2374
v  -5.5326 125.3353 -41.3772
v  -10.6979 127.0026 -38.8199
v  -1.2352 121.7997 -43.6206
v  0.6250 120.9412 -32.6137
v  1.1917 118.9397 -40.3386
v  -4.3165 116.7099 -39.5090
v  -4.8387 118.4732 -32.3751
v  6.5947 121.4617 -32.3107
v  7.1639 119.4548 -40.0788
v  1.7111 115.6445 -45.7468
v  -3.7970 113.4147 -44.9172
v  7.6833 116.1597 -45.4870
v  -6.7084 111.9400 -2.5206
v  -12.0646 106.2617 -4.2722
v  -11.6249 104.7171 1.5089
v  -6.5487 110.0351 3.1667
v  -5.3351 112.4397 -8.3400
v  -10.6983 106.7676 -10.0926
v  -15.4025 100.5074 -5.5558
v  -14.9629 98.9627 0.2253
v  -14.0362 101.0132 -11.3762
v  -9.4196 115.6988 -2.0307
v  -14.5135 116.5720 4.0759
v  -9.8734 116.3168 7.8712
v  -4.8349 115.4387 1.8310
v  -13.9399 113.9053 -5.5449
v  -18.6521 114.8124 0.1040
v  -19.4565 114.8221 10.0016
v  -14.8164 114.5669 13.7969
v  -23.5951 113.0625 6.0297
v  -13.5555 119.1949 -4.2143
v  -19.6693 123.6987 -1.6969
v  -17.1939 124.7862 3.6594
v  -10.7373 120.1038 1.0041
v  -17.1107 116.6736 -8.3378
v  -22.1032 120.6788 -6.2747
v  -25.8557 124.6409 0.9707
v  -23.3804 125.7283 6.3271
v  -28.2896 121.6210 -3.6071
v  -18.0564 120.1516 -6.7855
v  -20.0180 118.8156 -14.4253
v  -23.6056 114.7381 -11.8753
v  -21.8548 115.8410 -5.0564
v  -12.9803 122.8167 -8.5549
v  -15.0722 121.3365 -16.7022
v  -21.3497 116.7435 -19.6121
v  -24.9374 112.6661 -17.0621
v  -16.4039 119.2644 -21.8890
v  -23.4530 120.7737 -7.7031
v  -26.0701 114.1925 -11.4232
v  -27.7747 112.3352 -5.9785
v  -25.2875 118.5328 -2.4483
v  -19.8942 121.9996 -12.3756
v  -22.5511 115.3184 -16.1506
v  -27.3770 108.7176 -13.7000
v  -29.0816 106.8603 -8.2553
v  -23.8580 109.8435 -18.4274
v  -27.5264 123.2558 -7.0760
v  -33.6637 121.8930 -2.1287
v  -29.9633 122.2606 2.5800
v  -23.8161 123.6143 -2.3744
v  -30.6631 120.9004 -11.6161
v  -36.3135 119.7400 -7.0626
v  -38.0809 118.8252 1.5822
v  -34.3805 119.1928 6.2909
v  -40.7307 116.6722 -3.3517
v  -32.0427 123.9651 -9.3972
v  -39.2972 121.5329 -11.7332
v  -39.6610 119.3942 -6.1391
v  -32.9728 121.5433 -3.9871
v  -30.3642 124.4699 -15.1355
v  -37.6511 122.0363 -17.4809
v  -44.5119 117.6168 -13.5695
v  -44.8757 115.4780 -7.9755
v  -42.8658 118.1201 -19.3173
v  -1.1276 117.6519 4.7047
v  -1.7385 112.3208 10.6382
v  3.8916 110.8006 9.2270
v  4.4685 115.7874 3.6057
v  -7.1096 118.0130 4.4132
v  -7.7185 112.7066 10.3369
v  -2.2917 106.7273 14.4567
v  3.3383 105.2071 13.0454
v  -8.2717 107.1131 14.1554
v  -0.5719 121.7303 8.2528
v  5.1442 119.8011 13.5067
v  8.8852 119.1104 8.8669
v  3.3124 120.9626 3.7448
v  -4.7663 120.4775 12.3562
v  0.7159 118.6739 17.3951
v  10.2875 115.9027 18.2342
v  14.0201 115.2185 13.5866
v  5.8455 114.7861 22.1099
v  10.6764 115.5966 18.5916
v  14.4089 114.9124 13.9440
v  6.2344 114.4800 22.4674
v  -2.7936 125.6611 11.1593
v  -8.9540 130.2216 13.4510
v  -8.8615 125.7256 17.4231
v  -3.9751 121.8244 15.6184
v  -2.9287 128.2078 5.7283
v  -9.8939 133.2009 8.3284
v  -13.8113 131.6357 15.1647
v  -13.7188 127.1397 19.1368
v  -14.7512 134.6150 10.0421
v  -4.9848 127.2134 16.4624
v  -12.1198 124.6937 19.0591
v  -8.3556 121.0763 22.0164
v  -2.2888 123.0198 19.8008
v  -7.6242 129.8366 11.7557
v  -15.2725 127.0720 14.5421
v  -18.1665 119.7037 20.6521
v  -14.2378 116.2293 23.5666
v  -21.4119 122.0018 16.1592
v  -19.5399 118.4412 20.9984
v  -15.6112 114.9668 23.9128
v  -22.7853 120.7393 16.5055
v  -4.0292 127.9487 20.9955
v  -3.6154 121.2005 25.2722
v  1.7819 120.3011 22.8103
v  1.3798 126.8035 18.6651
v  -9.9938 127.9947 21.6452
v  -9.5825 121.3172 25.8889
v  -3.4797 115.4289 27.6781
v  1.9176 114.5295 25.2161
v  -9.4468 115.5456 28.2947
v  -4.0893 130.8425 24.6801
v  1.9146 130.8093 29.9671
v  5.8981 130.9380 25.4822
v  -0.1246 130.9736 20.1786
v  -7.7917 128.6676 28.8709
v  -2.0993 128.6761 33.8836
v  5.5250 129.8529 33.1465
v  9.5085 129.9816 28.6615
v  1.5111 127.7197 37.0629
v  -5.9912 131.9794 29.3974
v  -7.7917 130.0271 36.9437
v  -2.2114 127.8228 36.9759
v  -0.5613 129.5127 30.0548
v  -11.8345 132.4950 28.1365
v  -13.6444 130.5398 35.7255
v  -9.2662 126.3822 42.4857
v  -3.6859 124.1779 42.5179
v  -15.1188 126.8949 41.2676
v  4.4750 122.6023 1.3249
v  9.7575 118.0843 5.2850
v  11.0164 116.0386 -0.2132
v  6.1734 120.0622 -3.8387
v  1.4515 123.5355 6.4228
v  6.8056 118.9664 10.4336
v  13.4501 111.7500 8.4829
v  14.7056 109.7104 2.9817
v  10.5003 112.6285 13.6334
v  13.4870 111.6866 8.5149
v  14.7425 109.6470 3.0136
v  10.5372 112.5651 13.6653
v  7.7400 127.4568 0.8740
v  13.1136 127.7347 -5.0460
v  8.5881 127.0748 -8.9298
v  3.3418 126.7768 -3.1501
v  12.0928 126.0582 4.7595
v  17.2045 126.3774 -0.8719
v  17.6773 126.0278 -10.0737
v  13.1518 125.3679 -13.9575
v  21.7681 124.6705 -5.8996
v  10.8721 131.6401 3.8981
v  8.1142 135.6240 10.2638
v  11.9241 131.5273 12.4321
v  14.0666 128.0736 7.5141
v  6.2838 133.6957 0.6237
v  3.2073 137.9844 7.7435
v  5.2376 136.1976 16.4015
v  9.0475 132.1009 18.5699
v  0.3308 138.5579 13.8813
v  14.7359 132.4927 5.9684
v  16.3338 129.9380 13.3792
v  20.1555 126.2827 10.5447
v  18.6924 128.5599 3.7595
v  9.5307 134.7839 7.8806
v  11.2072 132.0674 15.6559
v  17.3370 127.3792 18.0313
v  21.1586 123.7240 15.1968
v  12.2104 129.5087 20.3080
v  19.1640 133.6606 6.3771
v  23.8005 127.4006 8.1978
v  23.5586 126.0679 2.3527
v  19.1412 131.9694 0.6204
v  17.5131 134.1104 12.1279
v  22.1492 127.8680 13.9471
v  26.5996 121.1312 9.5114
v  26.3577 119.7985 3.6663
v  24.9483 121.5986 15.2607
v  22.7348 136.7454 6.5335
v  28.4968 136.7539 0.9838
v  24.3292 136.7189 -3.3323
v  18.5726 136.7096 2.2121
v  26.6560 134.7269 10.6017
v  32.0506 134.8004 5.4059
v  33.0138 135.1290 -3.3667
v  28.8461 135.0940 -7.6828
v  36.5676 133.1756 1.0554
v  26.4876 138.0111 9.1807
v  33.7008 136.4926 12.2894
v  34.6300 134.2385 6.8070
v  28.1690 135.4436 4.0251
v  24.2317 138.6105 14.7080
v  31.5061 137.0927 17.8412
v  39.6935 132.0272 15.1410
v  40.6180 129.7766 9.6565
v  37.4998 132.6266 20.6933
v  39.7534 131.9824 15.1695
v  40.6778 129.7318 9.6849
v  37.5596 132.5818 20.7218
v  -2.7093 127.1557 -5.6254
v  -6.7454 122.2445 -10.4824
v  -10.0431 120.8856 -5.6576
v  -6.2048 125.4941 -1.0406
v  1.8831 127.2000 -9.4865
v  -2.1177 122.3551 -14.2998
v  -9.3243 116.8477 -13.7651
v  -12.6220 115.4888 -8.9402
v  -4.6967 116.9582 -17.5824
v  -4.2236 130.7343 -8.0501
v  -11.7256 128.5941 -9.8221
v  -12.6987 127.7245 -3.9657
v  -5.3361 129.8123 -2.2266
v  -2.5755 129.6487 -13.7162
v  -9.9133 127.5702 -15.4495
v  -16.0689 126.5452 -10.8480
v  -17.0419 125.6755 -4.9916
v  -14.2566 125.5212 -16.4754
v  -4.4081 134.7498 -11.1234
v  -10.4955 139.7959 -12.3400
v  -11.5343 140.1863 -6.4436
v  -5.3364 135.0572 -5.2037
v  -4.8289 132.8720 -16.8065
v  -9.9205 137.4175 -17.8184
v  -17.2430 141.1013 -13.6176
v  -18.2819 141.4917 -7.7211
v  -16.6680 138.7229 -19.0960
v  -4.6815 136.4504 -16.4407
v  1.2912 135.1478 -21.6011
v  -2.9169 131.2260 -23.3071
v  -7.8674 132.0704 -19.0225
v  -0.8651 139.2040 -12.7187
v  5.6194 137.7045 -18.3254
v  6.8043 130.9891 -25.6398
v  2.4232 127.2062 -27.2195
v  11.2338 133.4647 -22.4382
v  8.0680 129.9054 -26.5502
v  3.6869 126.1225 -28.1299
v  12.4975 132.3810 -23.3485
v  -8.1771 137.3990 -20.5159
v  -10.8665 131.1740 -24.7605
v  -14.5465 130.0343 -20.1607
v  -11.9522 135.9971 -16.0681
v  -3.1915 137.5198 -23.8519
v  -5.8654 131.3470 -28.0710
v  -12.3402 125.8181 -27.2666
v  -16.0202 124.6784 -22.6667
v  -7.3391 125.9911 -30.5771
v  -10.5224 139.8063 -23.4781
v  -18.2367 137.9879 -24.5657
v  -18.8960 137.6595 -18.6111
v  -11.2742 139.4423 -17.5365
v  -9.3370 138.1537 -29.1229
v  -16.6312 136.4967 -30.1513
v  -25.1977 134.1693 -25.5470
v  -25.8518 133.8439 -19.5917
v  -23.5684 132.6915 -31.1293
v  -25.7178 133.8729 -25.6204
v  -26.3719 133.5475 -19.6650
v  -24.0885 132.3950 -31.2026
v  -10.3598 140.9511 -27.0547
v  -12.8062 139.3099 -34.4925
v  -17.5833 137.0435 -31.6567
v  -15.3464 138.4377 -24.8599
v  -4.7207 141.4977 -29.0300
v  -7.1842 139.8531 -36.5169
v  -14.4953 135.8345 -40.1157
v  -19.2725 133.5680 -37.2799
v  -8.8733 136.3776 -42.1402
v  -4.5606 132.0082 2.0180
v  -8.5185 127.3675 7.1947
v  -3.0903 126.1086 9.4195
v  0.6369 130.3905 4.5416
v  -9.3021 131.9511 -1.6583
v  -13.2017 127.4183 3.4444
v  -11.5123 120.9105 10.8457
v  -6.0828 119.6543 13.0688
v  -16.1954 120.9616 7.0951
v  -11.5422 120.8458 10.8821
v  -6.1127 119.5897 13.1053
v  -16.2253 120.8969 7.1316
v  -7.0268 135.9412 3.7783
v  -8.1698 133.9313 11.4368
v  -2.2511 133.0256 11.8233
v  -1.1424 134.9438 4.3947
v  -12.8298 134.9216 2.6446
v  -13.9377 133.0055 10.0681
v  -9.1282 130.4080 17.8589
v  -3.2096 129.5023 18.2453
v  -14.8962 129.4821 16.4901
v  -9.9841 140.0062 4.0053
v  -11.0804 144.8630 10.2670
v  -5.1751 145.5126 11.1066
v  -4.0407 140.5317 4.6382
v  -15.5597 137.8916 4.6692
v  -16.4659 142.2466 9.8781
v  -12.1535 146.0913 16.8635
v  -6.2481 146.7409 17.7031
v  -17.5389 143.4748 16.4746
v  -14.6967 141.9216 4.9004
v  -20.6439 142.4275 -0.4264
v  -22.8868 138.1869 3.1773
v  -17.6887 137.6266 7.8331
v  -10.9704 144.5305 0.9878
v  -17.3727 145.0034 -4.7466
v  -24.8584 141.4488 -4.2012
v  -27.1014 137.2082 -0.5976
v  -21.5872 144.0247 -8.5214
v  -18.1170 142.6661 8.1531
v  -22.2119 136.6465 11.4691
v  -17.2603 135.5168 14.6637
v  -13.3310 141.2432 11.4803
v  -21.9597 142.7422 3.5458
v  -26.0216 136.7917 6.8360
v  -24.8037 130.7941 13.4168
v  -19.8521 129.6644 16.6114
v  -28.6134 130.9394 8.7837
v  -20.4471 145.4989 10.3155
v  -20.1760 145.2354 18.3066
v  -14.1869 145.0018 18.0301
v  -14.4558 145.2542 10.1042
v  -26.1630 143.6795 10.4495
v  -25.9091 143.5054 17.9346
v  -19.9396 142.9669 25.2715
v  -13.9506 142.7332 24.9950
v  -25.6728 141.2368 24.8994
v  -23.7669 146.3806 10.5076
v  -31.0319 145.1105 13.6070
v  -27.7597 142.8571 18.1031
v  -21.2645 143.8342 15.3298
v  -26.1940 146.9440 5.0494
v  -33.5133 145.6790 8.1738
v  -37.3251 140.8087 16.0310
v  -34.0479 138.5588 20.5252
v  -39.8074 141.3766 10.5982
v  -37.3879 140.7655 16.0552
v  -34.1107 138.5156 20.5494
v  -39.8702 141.3334 10.6224
v  2.8402 135.0446 3.9178
v  5.0720 129.3631 9.0889
v  8.9554 127.7021 4.8274
v  6.8454 133.0018 -0.0553
v  -2.3402 135.6996 6.8733
v  -0.0966 130.0011 12.0685
v  6.3030 123.5929 12.4598
v  10.1864 121.9318 8.1983
v  1.1344 124.2309 15.4393
v  5.8600 139.1884 5.4882
v  13.7519 139.3960 4.1938
v  12.6974 139.1125 -1.7060
v  4.8976 138.8923 -0.4267
v  6.8333 137.4176 11.1378
v  14.1742 137.7004 9.9337
v  21.3090 137.0824 2.9542
v  20.2464 136.8016 -2.9442
v  21.6825 135.4025 8.7021
v  22.1697 136.7907 2.8131
v  21.1070 136.5099 -3.0854
v  22.5431 135.1108 8.5610
v  6.6503 142.5283 9.5840
v  4.3580 146.5396 16.1151
v  7.6188 141.7045 17.5257
v  9.2124 138.3528 13.0482
v  2.4829 145.3968 6.3584
v  -0.2384 149.8680 14.1673
v  1.2895 146.6254 23.5027
v  4.6479 141.7942 24.6775
v  -3.3749 149.9513 21.7191
v  0.8440 146.5771 24.5776
v  4.2024 141.7458 25.7524
v  -3.8204 149.9030 22.7940
v  8.5987 143.0616 13.2915
v  5.6943 141.7285 20.6255
v  10.0504 137.6068 20.8184
v  12.6979 138.7617 14.1332
v  3.4466 145.7123 11.7330
v  0.3838 144.2693 19.4669
v  4.0544 140.1891 24.7666
v  8.4105 136.0675 24.9595
v  -1.2561 142.7300 23.6080
v  11.8877 143.8277 17.0651
v  12.6142 137.7849 22.2570
v  16.9242 135.9514 18.5071
v  16.2444 141.4536 13.6914
v  6.3951 144.9863 19.1840
v  7.1364 138.8483 24.4623
v  12.6503 130.6145 25.8045
v  16.9602 128.8199 22.0356
v  7.1726 131.6626 28.0173
v  12.6516 129.9258 26.1339
v  16.9615 128.1313 22.3650
v  7.1739 130.9739 28.3467
v  15.6901 146.2715 19.4095
v  23.3336 143.9643 18.9053
v  22.8245 143.7428 12.9310
v  15.2238 146.0326 13.4324
v  15.5440 144.5328 25.1502
v  22.8807 142.3498 24.6662
v  28.4261 141.3330 18.5694
v  27.9170 141.1115 12.5951
v  27.9731 139.7185 24.3303
v  15.2555 146.6506 20.7855
v  19.5334 144.8568 27.3033
v  23.4671 142.7140 23.3114
v  19.5337 144.2648 17.3208
v  10.3047 147.0668 24.1495
v  14.5953 145.2787 30.6851
v  22.6030 141.3198 32.2268
v  26.5367 139.1770 28.2350
v  17.6649 141.7417 35.6086
v  4.4320 139.3828 -5.0642
v  8.6708 133.8810 -9.0343
v  3.4731 132.4087 -11.6451
v  -0.5504 137.5721 -7.8743
v  8.7603 139.7295 -0.9234
v  12.9907 134.2531 -4.8870
v  11.4962 128.2252 -11.4698
v  6.2985 126.7529 -14.0805
v  15.8160 128.5973 -7.3225
v  6.6037 143.7717 -8.2355
v  4.4764 143.7100 -15.9472
v  -1.2587 143.2822 -14.2370
v  0.8365 143.3264 -6.6411
v  12.1740 142.1438 -9.7590
v  10.1636 142.1460 -17.0472
v  2.6879 141.7664 -22.4312
v  -3.0473 141.3385 -20.7209
v  8.3751 140.2024 -23.5311
v  9.8668 146.7625 -9.1903
v  16.1072 151.7650 -9.0090
v  17.3277 146.9914 -12.4330
v  13.0200 142.9521 -12.5871
v  7.6007 149.4124 -4.3073
v  15.1053 155.0821 -4.1108
v  22.9841 153.2223 -8.5894
v  24.2047 148.4488 -12.0133
v  21.9822 156.5395 -3.6911
v  14.1131 147.2614 -11.3588
v  21.2607 144.6819 -8.8573
v  20.7520 140.9464 -13.5250
v  14.2202 143.2406 -15.8110
v  13.0914 149.6677 -5.9582
v  20.6076 146.9174 -3.3277
v  25.7458 142.1096 -7.2876
v  25.2371 138.3742 -11.9553
v  25.0927 144.3452 -1.7581
v  17.4042 148.6807 -16.0270
v  20.2644 142.6046 -20.3746
v  14.6214 141.5528 -22.1213
v  11.8496 147.4110 -17.9069
v  22.3715 148.6114 -12.6624
v  25.2066 142.6024 -16.9725
v  21.9052 137.7655 -22.7615
v  16.2623 136.7137 -24.5082
v  26.8475 137.7633 -19.3594
v  19.1327 150.4120 -16.9314
v  25.4232 148.8574 -21.6231
v  21.2430 146.6062 -25.2917
v  15.4864 147.9263 -20.9967
v  22.7875 150.9230 -12.2005
v  29.1135 149.3675 -16.9198
v  30.2180 145.4876 -25.0226
v  26.0378 143.2365 -28.6912
v  33.9083 145.9977 -20.3193
v  -2.5359 142.4727 -6.2185
v  -3.4234 137.3939 -12.3355
v  -8.1949 135.3962 -9.2954
v  -7.3592 140.1022 -3.5508
v  3.1958 143.3380 -7.7673
v  2.2985 138.2106 -13.9457
v  -3.8020 132.3819 -16.2231
v  -8.5736 130.3843 -13.1831
v  1.9199 133.1986 -17.8334
v  -4.9359 145.6682 -8.0490
v  -12.6444 144.0178 -9.4113
v  -13.3833 143.3142 -3.4986
v  -5.8160 144.9192 -2.1614
v  -3.6498 144.3804 -13.7663
v  -11.1155 142.8080 -15.0856
v  -17.8733 141.7438 -10.3353
v  -18.6122 141.0402 -4.4227
v  -16.3444 140.5340 -16.0097
v  -5.3196 149.8781 -11.8639
v  -1.0050 155.1173 -16.0988
v  -3.5518 151.0995 -19.7554
v  -6.5211 146.8130 -16.8800
v  -2.5120 151.6155 -6.8540
v  2.4941 157.3994 -11.7920
v  4.8161 156.3037 -21.4568
v  2.0922 152.2567 -24.9498
v  8.4200 158.6033 -17.2468
v  5.6748 156.4106 -22.2502
v  2.9509 152.3636 -25.7433
v  9.2788 158.7102 -18.0403
v  -6.8762 150.7151 -17.5667
v  -3.4320 148.4628 -24.4271
v  -8.1587 144.7675 -24.4851
v  -11.2096 146.6514 -18.4081
v  -1.6933 153.1388 -15.7604
v  1.9855 150.6667 -23.0880
v  -0.6911 145.0425 -29.8867
v  -5.4178 141.3473 -29.9448
v  4.7264 147.2465 -28.5476
v  -9.2042 151.9055 -21.5581
v  -7.6244 145.9226 -26.6285
v  -12.8770 143.6539 -24.8219
v  -14.3656 149.2521 -20.0353
v  -3.3893 153.3829 -21.4897
v  -1.7787 147.2740 -26.6607
v  -6.5431 141.1782 -29.4426
v  -11.7956 138.9095 -27.6359
v  -0.6973 142.5296 -29.4747
v  -10.5379 153.5462 -22.7670
v  -13.5117 152.1058 -30.0527
v  -18.1449 149.8327 -26.9922
v  -15.4079 151.0676 -20.2892
v  -5.0369 154.0433 -25.1106
v  -8.0288 152.5998 -32.4388
v  -15.5306 149.1511 -35.3035
v  -20.1637 146.8780 -32.2429
v  -10.0476 149.6451 -37.6896
v  -6.0502 146.2486 -0.8731
v  -11.7890 140.9880 -2.7148
v  -10.8660 139.0393 2.8844
v  -5.5581 143.8016 4.5832
v  -5.0928 147.2481 -6.7112
v  -10.9107 141.9224 -8.5761
v  -15.6653 134.5207 -4.3266
v  -14.7423 132.5720 1.2726
v  -14.7870 135.4551 -10.1880
v  -8.4962 149.6858 1.0423
v  -12.9623 148.0810 7.4826
v  -7.8593 147.3132 10.5436
v  -3.5183 148.8410 4.2837
v  -13.1840 148.4901 -2.5066
v  -17.4730 146.9944 3.6783
v  -16.9768 144.4781 13.2716
v  -11.8738 143.7103 16.3326
v  -21.4875 143.3915 9.4673
v  -12.2074 154.1713 0.6803
v  -13.1388 158.1994 7.5291
v  -7.1842 158.3570 8.2490
v  -6.2537 154.3013 1.4132
v  -17.8902 152.2770 1.0226
v  -18.6769 156.0000 6.8274
v  -14.0915 158.0751 15.4372
v  -8.1371 158.2325 16.1588
v  -19.6285 155.8762 14.7257
v  -14.1010 158.0735 15.5166
v  -8.1467 158.2309 16.2382
v  -19.6381 155.8746 14.8051
v  -17.3548 155.6895 -0.7007
v  -21.0498 155.5244 -7.7943
v  -24.0496 151.3989 -4.6350
v  -20.9672 151.3287 1.2825
v  -12.6237 158.3786 -3.2277
v  -16.6965 158.0683 -11.0466
v  -24.5454 152.9270 -14.5051
v  -27.5096 148.8287 -11.2775
v  -20.2139 155.4541 -17.7994
v  -24.8072 152.7205 -15.0077
v  -27.7714 148.6222 -11.7801
v  -20.4757 155.2476 -18.3020
v  -22.4981 156.7143 1.2907
v  -27.7365 150.7073 1.9803
v  -24.9376 149.2999 7.0975
v  -19.9003 155.0393 6.4333
v  -23.6679 157.0599 -4.5840
v  -28.9005 151.0681 -3.8946
v  -30.6780 145.9041 2.2682
v  -27.8791 144.4967 7.3853
v  -31.8421 146.2650 -3.6068
v  -22.5811 157.9209 1.1848
v  -30.5074 156.9047 1.5616
v  -29.1162 154.6561 6.9476
v  -22.0027 155.4194 6.6077
v  -22.9295 158.4245 -4.7838
v  -30.9043 157.4161 -4.4033
v  -37.1820 153.0465 1.6750
v  -35.7908 150.7979 7.0609
v  -37.5789 153.5579 -4.2900
v  2.8548 150.3983 3.5889
v  7.9748 145.5195 7.3283
v  10.1247 144.2581 1.8706
v  5.2414 148.8531 -1.6948
v  -0.7369 150.3122 8.3943
v  4.3220 145.5175 12.0882
v  11.2948 140.1649 9.8738
v  13.4447 138.9034 4.4161
v  7.6420 140.1629 14.6337
v  4.5770 153.5599 6.0926
v  11.4607 150.3722 8.6330
v  12.8018 149.2531 2.8928
v  6.1029 152.3347 0.4206
v  2.2371 152.8762 11.5750
v  9.0177 149.7477 14.0774
v  16.0010 147.2188 10.3085
v  17.3421 146.0997 4.5684
v  13.5580 146.5943 15.7530
v  4.9474 157.4712 8.5823
v  4.7922 162.7123 14.6244
v  8.2806 158.1429 16.3423
v  8.4188 153.8189 11.8396
v  0.0120 159.9850 6.2751
v  -0.1536 165.8562 13.3379
v  4.5686 164.6004 20.0988
v  8.0570 160.0309 21.8167
v  -0.3772 167.7442 18.8123
v  6.6691 158.6134 13.6597
v  4.7054 155.3693 20.7039
v  9.7334 152.2282 19.7805
v  11.5158 155.0870 13.3868
v  1.0149 160.4905 12.9480
v  -1.0453 157.0414 20.3383
v  3.1746 151.3048 26.1951
v  8.2026 148.1636 25.2718
v  -2.5761 152.9768 25.8296
v  10.2250 160.2393 16.7683
v  14.2060 154.3082 20.3702
v  16.6776 153.2966 14.9972
v  12.8845 158.8664 11.5681
v  6.1958 160.2347 21.2142
v  10.1273 154.4194 24.7692
v  16.7093 147.1337 22.8724
v  19.1727 146.1459 17.4914
v  12.6297 147.2475 27.2706
v  16.9407 146.4444 23.1049
v  19.4041 145.4566 17.7239
v  12.8611 146.5581 27.5031
v  9.6763 161.6170 16.8701
v  13.2794 160.9335 23.9799
v  17.7157 158.6187 20.6691
v  14.4435 159.1228 14.2144
v  4.3609 162.1027 19.6105
v  7.9873 161.4227 26.7645
v  15.9427 158.0810 29.5427
v  20.3789 155.7662 26.2319
v  10.6505 158.5703 32.3272
v  5.3971 154.1093 -1.4399
v  11.7667 149.4381 -0.1721
v  10.4868 147.2747 -5.6202
v  4.5722 151.5312 -6.7946
v  4.9631 155.1185 4.4586
v  11.4228 150.3819 5.7432
v  15.9833 144.2354 0.9032
v  14.7034 142.0721 -4.5449
v  15.6394 145.1793 6.8185
v  7.6378 158.0971 -3.1357
v  9.4327 159.2378 -10.8478
v  3.5965 158.8399 -12.1822
v  1.8198 157.7026 -4.5480
v  13.3039 156.4411 -2.0619
v  15.0226 157.5676 -9.4467
v  10.4965 158.9636 -15.4189
v  4.6603 158.5657 -16.7533
v  16.0864 157.2934 -14.0178
v  11.6634 161.9599 -2.4209
v  13.3711 166.5738 3.8876
v  17.7046 162.4831 3.1897
v  16.5135 158.6146 -1.2871
v  5.9799 163.8782 -2.2853
v  7.9562 168.9237 4.9632
v  15.1544 167.1456 11.6305
v  19.4848 163.0540 10.9191
v  9.7411 169.4961 12.7133
v  15.1723 167.1511 11.7083
v  19.5027 163.0594 10.9969
v  9.7590 169.5015 12.7910
v  16.1587 162.8568 -2.4158
v  21.5271 161.8309 3.4261
v  23.7643 157.8338 -0.4492
v  18.9367 158.6760 -5.7028
v  12.3600 165.3373 1.5105
v  18.0491 164.2024 7.7016
v  24.9936 160.1137 7.1984
v  27.2308 156.1166 3.3231
v  21.5156 162.4852 11.4739
v  18.7815 164.4163 -3.8631
v  26.7178 163.8014 -4.6621
v  25.2293 161.4331 -9.9701
v  18.0424 161.8704 -9.2457
v  19.4215 164.9571 2.0781
v  27.4250 164.3420 1.2715
v  32.8781 161.0044 -5.1416
v  31.3897 158.6361 -10.4496
v  33.5854 161.5450 0.7920
v  -11.9358 177.1335 -10.0378
v  -17.6845 179.4063 -15.1157
v  -21.0929 177.0957 -10.7518
v  -16.0921 174.8964 -6.3337
v  -7.9043 177.4230 -14.4721
v  -13.6755 179.7236 -19.5685
v  -23.2730 177.9510 -20.2510
v  -26.6813 175.6404 -15.8870
v  -19.2640 178.2682 -24.7038
v  -7.1659 165.1902 -4.9941
v  -14.5478 162.1077 -5.0669
v  -13.4246 160.7009 0.6567
v  -6.5134 163.4927 0.7236
v  -7.0203 164.9830 -10.9888
v  -14.2653 162.0001 -11.0593
v  -20.2258 156.8685 -5.2405
v  -19.1026 155.4616 0.4831
v  -19.9433 156.7608 -11.2328
v  -8.6238 168.9963 -5.9056
v  -16.2964 167.7213 -4.0330
v  -14.2955 166.2743 1.4353
v  -7.0063 167.4314 -0.3437
v  -9.9659 168.5129 -11.7336
v  -17.5200 167.2743 -9.8899
v  -22.8477 164.7049 -2.4341
v  -20.8469 163.2579 3.0343
v  -24.0713 164.2579 -8.2910
v  -8.8251 172.6564 -6.7809
v  -10.0241 175.5730 0.5713
v  -4.2300 174.2919 1.4590
v  -3.1153 171.4627 -5.3763
v  -14.7410 171.9114 -7.4501
v  -15.8834 174.7753 -0.4447
v  -11.1332 175.1945 7.2647
v  -5.3392 173.9134 8.1524
v  -16.9925 174.3969 6.2486
v  -10.0047 175.8395 -9.6581
v  -4.4881 178.3496 -14.8799
v  -7.7188 174.8575 -18.5362
v  -12.5601 172.5199 -13.9535
v  -6.4013 177.3753 -5.1131
v  -0.5724 179.9653 -10.6306
v  -0.3229 178.6243 -18.8226
v  -3.5535 175.1322 -22.4789
v  3.5928 180.2400 -14.5733
v  -2.6263 174.9095 11.2359
v  -4.3339 177.4536 18.6259
v  1.0748 175.2239 19.9579
v  2.6413 172.7954 13.1809
v  -8.4557 175.0897 9.8268
v  -10.1665 177.6442 17.2314
v  -5.5430 177.5496 23.6960
v  -0.1343 175.3198 25.0280
v  -11.3756 177.7402 22.3015
v  -1.7745 163.5775 5.7697
v  -4.0711 160.7062 12.8747
v  1.4992 158.5080 13.2483
v  3.6629 161.1645 6.5521
v  -7.5211 164.1163 4.1308
v  -9.8290 161.2325 11.2718
v  -5.4798 157.8363 16.9926
v  0.0905 155.6381 17.3662
v  -11.2377 158.3626 15.3896
v  -0.4469 167.1884 6.8262
v  6.2513 167.3959 11.1955
v  9.0784 166.0013 6.0903
v  2.7647 165.7320 1.9719
v  -3.6939 166.5669 11.8334
v  2.8403 166.8008 16.0956
v  12.6654 165.0822 15.3795
v  15.4583 163.7005 10.2520
v  9.2398 164.4926 20.2701
v  13.3959 164.7905 15.8560
v  16.1888 163.4088 10.7285
v  9.9703 164.2009 20.7466
v  -1.5298 171.3795 7.6033
v  4.3581 175.0267 3.5995
v  1.0519 173.4555 -1.1545
v  -4.1941 169.9819 2.4121
v  2.0225 170.9301 12.4178
v  7.6558 174.5274 8.5870
v  10.9923 174.4991 -0.8399
v  7.6176 172.9354 -5.5480
v  14.2686 174.0022 4.1620
v  11.9534 174.3615 -1.4831
v  8.5787 172.7978 -6.1912
v  15.2296 173.8645 3.5189
v  -3.4861 173.6079 10.6889
v  -10.6367 172.9645 14.2181
v  -7.6740 169.7066 18.2934
v  -1.0455 170.2511 15.0219
v  -6.1668 175.0695 5.5238
v  -13.5447 174.3830 9.1652
v  -14.7247 171.7709 16.2357
v  -11.7620 168.5129 20.3110
v  -17.6327 173.1894 11.1829
v  8.4418 171.1955 -4.7911
v  15.4463 174.1402 -7.2943
v  13.4303 171.7455 -12.4130
v  7.4219 168.9662 -10.2674
v  10.3282 171.5413 0.8942
v  17.3950 174.5241 -1.6325
v  22.7120 173.2381 -9.7338
v  20.6960 170.8434 -14.8526
v  24.6606 173.6220 -4.0721
v  5.3845 162.2404 -3.3688
v  12.6630 159.7599 -5.5755
v  9.6350 157.5861 -10.2771
v  3.0340 159.7065 -8.2733
v  7.3122 162.8736 2.2777
v  14.6488 160.3848 0.0518
v  18.4883 154.9315 -7.0948
v  15.4602 152.7577 -11.7965
v  20.4740 155.5564 -1.4676
v  6.1911 165.6916 -4.6719
v  9.9474 163.9375 -11.5139
v  4.6221 162.1514 -13.6236
v  1.0062 163.8150 -7.0374
v  11.4348 165.5585 -1.7589
v  15.1812 163.8108 -8.5828
v  12.0535 162.1892 -15.3500
v  6.7281 160.4031 -17.4597
v  17.2872 162.0625 -12.4189
v  6.5963 170.1832 -4.3279
v  -0.5951 173.5313 -5.3639
v  -1.4137 171.5872 0.2530
v  4.9825 168.4199 1.1754
v  7.4032 170.0766 -10.2724
v  0.3221 173.4174 -11.2923
v  -7.5529 173.3607 -6.4371
v  -8.3716 171.4166 -0.8201
v  -6.6358 173.2467 -12.3654
v  1.0532 82.9077 -0.0420
v  7.8766 82.9337 4.1342
v  9.9109 80.5668 -0.9902
v  3.8956 80.3582 -4.6702
v  -2.0678 83.4458 5.0541
v  4.8209 83.4844 9.2683
v  13.9380 79.5461 8.1052
v  15.9670 77.1822 2.9773
v  10.8833 80.0962 13.2399
v  13.9985 79.5120 8.1448
v  16.0275 77.1481 3.0169
v  10.9438 80.0621 13.2796
v  0.6717 86.7378 -1.7794
v  5.5729 87.3897 -8.0685
v  0.8951 84.9759 -10.9480
v  -3.5101 84.2578 -5.2954
v  5.3661 87.2071 1.9277
v  10.3612 87.8464 -4.4819
v  10.2912 85.4682 -14.1229
v  5.6133 83.0544 -17.0024
v  15.0794 85.9249 -10.5362
v  -1.4578 91.1703 -0.9532
v  -9.2458 91.0944 -2.7816
v  -9.6151 88.7859 2.7442
v  -2.6835 88.6891 4.3704
v  -0.0949 91.6337 -6.7780
v  -7.9330 91.5708 -8.6168
v  -16.0271 87.9041 -4.5677
v  -16.3964 85.5956 0.9581
v  -14.7143 88.3806 -10.4029
v  -0.1250 94.8058 0.6293
v  0.0133 95.8231 8.5632
v  5.4507 93.3644 7.9387
v  5.3272 92.3111 0.8541
v  -6.1043 95.3020 0.6699
v  -5.9630 96.3122 8.7727
v  0.1496 94.1386 16.3826
v  5.5861 91.6912 15.7079
v  -5.8266 94.6254 16.6022
v  0.1599 93.9995 16.9694
v  5.5963 91.5522 16.2947
v  -5.8163 94.4863 17.1889
v  0.8073 98.0921 -0.2197
v  7.7195 97.7019 3.7889
v  9.8929 95.3535 -1.2867
v  3.4538 95.6535 -5.0206
v  -2.1777 98.5114 4.9682
v  4.7704 98.1208 8.9973
v  11.9225 96.1843 6.2909
v  14.0960 93.8360 1.2153
v  8.9734 96.6033 11.4992
v  0.5799 101.6894 -1.5502
v  6.2689 103.1467 -6.9827
v  2.3345 100.6010 -10.7297
v  -2.8311 99.1735 -5.7970
v  4.6340 102.2285 2.8400
v  10.4352 103.6921 -2.6996
v  10.9304 102.4941 -11.4340
v  6.9960 99.9484 -15.1810
v  15.0967 103.0396 -7.1510
v  -1.2319 105.5308 -1.2796
v  -8.1846 105.1450 -5.2180
v  -10.3429 102.8348 -0.1184
v  -3.8425 103.1371 3.5635
v  1.7041 105.9009 -6.4990
v  -5.2768 105.5155 -10.4532
v  -12.2962 103.7226 -7.6024
v  -14.4545 101.4125 -2.5029
v  -9.3884 104.0932 -12.8376
v  -1.2128 109.6582 -0.0125
v  -7.5109 110.3461 4.8722
v  -3.8077 107.8685 8.8906
v  1.9531 107.1475 4.4230
v  -4.8425 110.1620 -4.7635
v  -11.2485 110.8438 0.2050
v  -12.6002 109.1386 8.8193
v  -8.8969 106.6610 12.8377
v  -16.3377 109.6364 4.1521
v  0.3601 114.0569 0.2303
v  4.2026 113.8102 7.2427
v  8.5806 111.3806 3.9366
v  5.0821 111.5005 -2.4471
v  -4.8717 114.6037 3.1163
v  -0.9927 114.3560 10.1941
v  6.9398 111.6396 12.4623
v  11.3177 109.2101 9.1561
v  1.7445 112.1854 15.4137
v  -0.0653 117.6574 -1.7936
v  1.9221 118.9973 -9.4260
v  -3.3906 116.5260 -10.7172
v  -5.2512 115.2194 -3.5719
v  5.7052 118.1051 -0.2123
v  7.7160 119.4511 -7.9343
v  3.1060 118.8276 -13.9726
v  -2.2067 116.3562 -15.2637
v  8.8999 119.2813 -12.4808
v  -1.3815 122.4667 -1.3395
v  -8.4312 122.9172 -5.0944
v  -10.4025 120.5383 0.0491
v  -4.0741 119.9960 3.4193
v  1.4536 122.9220 -6.6078
v  -5.6492 123.3826 -10.3900
v  -14.1276 120.7568 -8.2768
v  -16.0989 118.3779 -3.1333
v  -11.3456 121.2222 -13.5724
v  -0.6059 126.0788 0.2129
v  -2.6875 126.9780 7.8849
v  2.6840 124.5808 9.0683
v  4.6253 123.6823 1.9132
v  -6.3731 126.4637 -1.3969
v  -8.4772 127.3630 6.3580
v  -4.0634 126.3985 12.9561
v  1.3080 124.0013 14.1395
v  -9.8531 126.7835 11.4292
v  0.6410 129.6610 -0.4157
v  7.7649 129.8931 3.2169
v  9.7810 127.5819 -1.9400
v  3.2054 127.2868 -5.2929
v  -2.0890 130.0085 4.9159
v  5.0626 130.2457 8.5623
v  12.5183 128.4677 5.7141
v  14.5344 126.1566 0.5571
v  9.8160 128.8204 11.0594
v  0.2375 133.0435 -1.6884
v  5.1376 134.4454 -7.8548
v  0.7885 131.9872 -11.1777
v  -3.7785 130.6212 -5.4305
v  4.8743 133.4771 2.0948
v  9.8340 134.8855 -4.1466
v  8.2474 134.2336 -11.7681
v  3.8983 131.7754 -15.0911
v  12.9438 134.6736 -8.0599
v  -0.9207 137.3958 -2.0362
v  -3.9448 137.3450 -9.4424
v  -8.7470 135.0901 -6.6398
v  -6.0111 135.0086 0.0587
v  4.6232 137.7564 -4.3024
v  1.5889 137.7176 -11.7314
v  -6.2693 134.7945 -15.4773
v  -11.0715 132.5396 -12.6747
v  -0.7356 135.1671 -17.7663
v  -1.4625 141.9493 -0.0474
v  -7.8463 141.9429 4.7740
v  -3.8140 139.6391 8.5732
v  1.8301 139.4628 4.3087
v  -5.0678 142.4183 -4.8204
v  -11.4921 142.4283 0.0335
v  -13.7440 138.5222 8.9593
v  -9.6926 136.2296 12.7449
v  -17.3929 139.0057 4.2210
v  -13.9674 138.3890 9.1178
v  -9.9160 136.0965 12.9034
v  -17.6163 138.8725 4.3795
v  0.7090 145.5079 -0.4194
v  7.8333 145.8733 3.2016
v  9.5916 143.5233 -2.0315
v  3.2846 143.0250 -5.2362
v  -2.0203 145.9753 4.9034
v  5.1576 146.3558 8.5503
v  14.1230 142.9946 6.6078
v  15.8814 140.6446 1.3747
v  11.4474 143.4772 11.9564
v  0.0788 149.8306 -2.1084
v  3.5670 151.0118 -9.2103
v  -1.5463 148.5800 -11.1955
v  -4.6650 147.3805 -4.8458
v  5.4187 150.2844 0.5898
v  8.9752 151.4622 -6.6515
v  6.9912 149.5031 -16.1822
v  1.8780 147.0713 -18.1674
v  12.3995 149.9534 -13.6234
v  0.7702 29.6295 -1.2519
v  -0.6345 29.6230 -1.0887
v  -0.6729 129.6248 -1.1191
v  -0.1141 129.6274 -1.1840
v  -0.4714 29.6295 0.3160
v  -0.6080 129.6274 -0.5603
v  0.9334 29.6360 0.1529
v  -0.0492 129.6300 -0.6252
v  -0.6806 149.6252 -1.1252
v  -0.2910 149.6270 -1.1705
v  -0.6353 149.6270 -0.7356
v  -0.2457 149.6288 -0.7808
v  -0.2519 35.6318 0.3975
v  0.7446 36.3152 -0.2333
v  -4.6321 41.8977 -2.4887
v  -5.4534 41.2527 -1.9198
v  0.4895 35.6270 -1.3819
v  -4.8073 41.2481 -3.4693
v  -0.5070 34.9435 -0.7511
v  -5.6286 40.6031 -2.9004
v  -10.8413 46.4509 -5.0933
v  -11.4528 45.8348 -4.5719
v  -10.9019 45.8305 -5.8913
v  -11.5134 45.2144 -5.3699
v  -17.6074 49.8829 -7.9317
v  -18.0384 49.3351 -7.4700
v  -17.5829 49.3312 -8.5595
v  -18.0140 48.7834 -8.0978
v  -24.7376 52.2051 -10.9228
v  -25.0223 51.7537 -10.5351
v  -24.6625 51.7505 -11.3948
v  -24.9471 51.2991 -11.0071
v  -31.5368 53.4392 -13.7750
v  -31.7307 53.0961 -13.4754
v  -31.4602 53.0937 -14.1212
v  -31.6541 52.7505 -13.8216
v  -4.8420 41.0622 -2.3558
v  -4.9933 41.2041 -2.7538
v  -6.5947 40.7780 -2.1639
v  -6.5230 40.7108 -1.9753
v  -4.8894 40.7715 -2.6945
v  -6.5455 40.5730 -2.1358
v  -8.4860 43.9505 -3.9285
v  -8.6869 44.0598 -4.3147
v  -10.1657 43.9485 -3.4397
v  -10.0705 43.8967 -3.2567
v  -8.6267 43.6282 -4.2074
v  -10.1372 43.7440 -3.3889
v  -11.4941 46.1843 -5.3643
v  -11.7837 46.1823 -5.7072
v  -12.3496 47.6004 -5.0830
v  -12.2124 47.6014 -4.9205
v  -11.9002 46.0000 -5.3140
v  -12.4048 47.5141 -4.8966
v  -16.1578 48.2439 -7.2726
v  -15.8910 48.5315 -7.0546
v  -16.0508 49.4331 -8.2918
v  -16.1772 49.2968 -8.3951
v  -15.7140 48.2323 -7.3384
v  -15.9669 49.2912 -8.4262
v  -19.9632 50.1277 -8.6722
v  -20.1064 50.2485 -9.0800
v  -21.4472 49.3638 -8.7414
v  -21.3794 49.3065 -8.5482
v  -19.8794 49.8651 -9.0263
v  -21.3397 49.1821 -8.7160
v  -23.3629 51.4098 -10.2413
v  -23.5879 51.4229 -10.6293
v  -24.8915 52.0607 -9.7147
v  -24.7849 52.0545 -9.5308
v  -23.6190 51.0623 -10.3639
v  -24.9063 51.8898 -9.5890
v  -28.4234 52.5857 -12.3299
v  -28.4781 52.5154 -12.7698
v  -29.2210 53.8054 -12.7631
v  -29.1951 53.8387 -12.5546
v  -28.7904 52.3752 -12.4795
v  -29.3690 53.7389 -12.6255
v  -31.3378 53.0240 -13.4092
v  -31.1501 53.2443 -13.7522
v  -32.7868 53.4445 -14.3648
v  -32.8757 53.3401 -14.2023
v  -31.2251 52.8029 -13.7831
v  -32.8223 53.2354 -14.3795
v  0.9590 41.6364 -0.1964
v  0.3238 42.2429 -1.1712
v  -1.5916 48.2161 3.9081
v  -1.0224 47.6358 4.7136
v  -0.7826 41.6221 -0.8364
v  -2.5382 47.6222 4.1554
v  -0.1474 41.0156 0.1383
v  -1.9689 47.0419 4.9609
v  -3.8589 53.1932 9.9196
v  -3.3426 52.6277 10.5218
v  -4.6324 52.6145 10.0446
v  -4.1162 52.0490 10.6467
v  -6.3707 57.0578 16.5794
v  -5.9176 56.5482 17.0050
v  -6.9817 56.5362 16.6094
v  -6.5286 56.0266 17.0350
v  -9.0493 59.8061 23.6810
v  -8.6718 59.3824 23.9627
v  -9.5103 59.3724 23.6495
v  -9.1327 58.9487 23.9313
v  -11.5996 61.4147 30.4422
v  -11.3080 61.0908 30.6349
v  -11.9391 61.0832 30.3986
v  -11.6475 60.7593 30.5913
v  -1.2575 46.6880 3.7792
v  -1.6207 46.9189 3.6519
v  -2.1979 46.4932 4.9441
v  -2.0257 46.3838 5.0044
v  -1.5907 46.4802 3.5619
v  -2.1836 46.2854 4.9014
v  -2.3653 49.4394 6.3001
v  -2.7309 49.5322 6.5433
v  -1.5424 49.9981 7.9340
v  -1.3692 49.9541 7.8188
v  -2.5473 49.1231 6.5613
v  -1.4554 49.8042 7.9426
v  -3.7533 52.3660 9.6941
v  -4.1063 52.3559 9.9710
v  -3.6152 54.1395 10.4712
v  -3.4479 54.1443 10.3400
v  -3.7011 52.2324 10.1194
v  -3.4232 54.0810 10.5415
v  -5.2339 54.6720 14.0548
v  -5.3456 55.0025 13.7725
v  -6.6555 54.8628 14.3151
v  -6.6025 54.7062 14.4488
v  -5.3926 54.5743 13.6465
v  -6.6777 54.6599 14.2554
v  -6.4403 56.7529 17.5031
v  -6.8176 56.9752 17.4053
v  -7.4911 56.0992 18.5538
v  -7.3122 55.9938 18.6002
v  -6.7294 56.5837 17.2045
v  -7.4493 55.9137 18.4587
v  -8.1033 58.6209 21.5586
v  -8.4646 58.6853 21.8169
v  -7.4799 58.6462 22.9991
v  -7.3087 58.6157 22.8767
v  -8.3227 58.2686 21.7295
v  -7.4127 58.4488 22.9577
v  -9.7594 59.7347 25.8014
v  -9.5474 59.9593 25.4758
v  -10.3802 61.2810 26.0081
v  -10.4806 61.1746 26.1624
v  -9.9500 59.7773 25.3973
v  -10.5710 61.1948 25.9709
v  -11.2786 60.8458 30.0987
v  -11.4740 61.1637 29.8495
v  -12.9631 60.4929 30.3739
v  -12.8705 60.3422 30.4920
v  -11.3900 60.7599 29.6726
v  -12.9233 60.3015 30.2901
v  -11.2459 60.9966 30.2497
v  -11.5919 61.2135 30.0637
v  -12.0430 61.4406 31.4526
v  -11.8790 61.3378 31.5407
v  -11.6273 60.7770 30.1617
v  -12.0597 61.2337 31.4990
v  0.2174 47.6256 -1.4178
v  -0.5231 48.2969 -0.6491
v  5.4984 53.5532 0.4271
v  6.0953 52.9261 -0.2504
v  -0.1023 47.6326 0.3365
v  5.8176 52.9326 1.2764
v  0.6382 46.9613 -0.4322
v  6.4144 52.3056 0.5989
v  12.3314 57.7585 1.6482
v  12.7509 57.1687 1.0559
v  12.5156 57.1749 2.3554
v  12.9351 56.5851 1.7630
v  19.6935 60.8443 2.9639
v  19.9662 60.3258 2.4622
v  19.7729 60.3312 3.5343
v  20.0456 59.8127 3.0325
v  27.3885 62.8317 4.3390
v  27.5494 62.4086 3.9342
v  27.3976 62.4129 4.7788
v  27.5585 61.9898 4.3739
v  34.5216 63.7698 5.6137
v  34.6239 63.4476 5.3047
v  34.5096 63.4510 5.9422
v  34.6119 63.1288 5.6333
v  5.3527 52.3335 0.1422
v  5.3373 52.5523 0.5337
v  6.9421 51.9015 0.8254
v  6.9494 51.7978 0.6399
v  5.2014 52.1252 0.5098
v  6.8777 51.6991 0.8141
v  9.0640 55.0322 0.8630
v  9.3100 55.1606 1.2156
v  10.4234 54.6971 0.4573
v  10.3068 54.6363 0.2902
v  9.1622 54.7378 1.1871
v  10.3534 54.4968 0.4438
v  12.7863 57.3940 1.6644
v  13.0455 57.3647 2.0296
v  13.5236 58.9315 1.6708
v  13.4008 58.9454 1.4978
v  13.2117 57.2557 1.6272
v  13.6023 58.8798 1.4802
v  17.4238 59.0583 2.4940
v  17.1245 59.3785 2.3978
v  17.6080 60.0423 3.6548
v  17.7498 59.8905 3.7004
v  17.0094 59.0366 2.6648
v  17.5534 59.8803 3.7813
v  21.1904 60.5953 3.0103
v  21.0597 60.8574 3.3504
v  22.0446 59.8561 4.3446
v  22.1066 59.7319 4.1835
v  20.8306 60.4836 3.2542
v  21.9361 59.6790 4.2991
v  25.5900 62.0215 3.8475
v  25.8926 62.0947 4.1708
v  26.9972 61.6256 3.0791
v  26.8538 61.5910 2.9260
v  25.7150 61.6859 4.1181
v  26.9130 61.4320 3.0542
v  29.5250 62.8329 4.5996
v  29.6864 62.7639 5.0126
v  30.4474 64.0857 4.8080
v  30.3709 64.1184 4.6123
v  29.9146 62.6172 4.6550
v  30.5555 64.0162 4.6385
v  34.6104 63.3204 5.4776
v  34.3795 63.6832 5.6063
v  35.1080 63.5595 6.8501
v  35.2174 63.3876 6.7891
v  34.2233 63.2729 5.6996
v  35.0339 63.3651 6.8943
v  34.2296 63.3928 5.3001
v  34.1297 63.6155 5.6767
v  35.8643 63.7484 5.9174
v  35.9116 63.6428 5.7390
v  34.1926 63.1713 5.6886
v  35.8941 63.5379 5.9231
v  -0.7278 53.6224 -0.9677
v  -0.2727 54.2097 -0.0129
v  2.3024 60.0542 -4.9382
v  1.8860 59.4953 -5.7296
v  0.7816 53.6355 -0.1622
v  3.1996 59.5080 -5.0298
v  0.3266 53.0482 -1.1170
v  2.7833 58.9492 -5.8212
v  5.3225 64.8890 -10.7150
v  4.9290 64.3489 -11.3128
v  6.0472 64.3613 -10.7195
v  5.6538 63.8212 -11.3173
v  8.6503 68.6112 -17.0809
v  8.2928 68.1275 -17.5098
v  9.2151 68.1386 -17.0223
v  8.8575 67.6550 -17.4513
v  12.1856 71.2210 -23.8435
v  11.8796 70.8215 -24.1338
v  12.6058 70.8307 -23.7514
v  12.2998 70.4312 -24.0417
v  15.4464 72.6922 -30.0813
v  15.2059 72.3854 -30.2843
v  15.7559 72.3925 -29.9951
v  15.5155 72.0857 -30.1981
v  1.8472 58.4268 -4.6074
v  2.2286 58.6370 -4.4992
v  2.8012 58.0546 -5.8760
v  2.6204 57.9551 -5.9273
v  2.1676 58.2081 -4.3817
v  2.7722 57.8514 -5.8203
v  3.6567 61.6079 -7.5247
v  3.9929 61.6590 -7.8175
v  2.8554 62.7999 -8.7433
v  2.6961 62.7757 -8.6045
v  3.6828 61.3416 -7.8850
v  2.7085 62.6495 -8.7752
v  5.2646 64.1564 -10.5104
v  5.6035 64.1531 -10.8046
v  5.2597 65.7717 -11.0386
v  5.0992 65.7733 -10.8992
v  5.1840 64.0765 -10.9446
v  5.0610 65.7354 -11.1050
v  7.1651 66.2392 -14.5157
v  7.1882 66.5772 -14.2213
v  9.1672 66.4949 -14.4612
v  9.1563 66.3348 -14.6007
v  7.2145 66.1526 -14.0781
v  9.1797 66.2938 -14.3933
v  9.0092 68.5570 -18.2799
v  9.4311 68.6976 -18.3406
v  9.4355 67.7821 -19.5561
v  9.2356 67.7155 -19.5273
v  9.3506 68.3249 -18.1038
v  9.3973 67.6055 -19.4439
v  11.2843 70.3394 -22.3508
v  11.6654 70.3932 -22.5817
v  10.6115 70.4943 -24.0680
v  10.4309 70.4688 -23.9586
v  11.4941 69.9824 -22.5239
v  10.5303 70.2996 -24.0406
v  13.7084 71.4562 -26.9559
v  13.4616 71.6129 -26.6154
v  14.0511 73.1330 -27.0437
v  14.1680 73.0587 -27.2051
v  13.8909 71.5003 -26.5483
v  14.2544 73.0797 -27.0119
v  15.0744 72.3026 -29.9211
v  15.3953 72.5229 -29.6978
v  16.0681 72.7554 -31.1316
v  15.9160 72.6510 -31.2374
v  15.4421 72.0850 -29.7839
v  16.0902 72.5479 -31.1724
v  -0.0635 59.6326 0.2279
v  0.5381 60.2424 -0.5524
v  -5.5493 65.5037 -1.0220
v  -6.0286 64.9347 -0.3401
v  0.0561 59.6251 -1.4063
v  -5.9241 64.9276 -1.7611
v  -0.5455 59.0153 -0.6260
v  -6.4034 64.3586 -1.0792
v  -12.4561 69.7136 -1.5549
v  -12.7823 69.1790 -0.9691
v  -12.6925 69.1724 -2.1766
v  -13.0186 68.6378 -1.5909
v  -19.9016 72.8065 -2.1294
v  -20.1029 72.3374 -1.6419
v  -20.0281 72.3316 -2.6361
v  -20.2294 71.8625 -2.1486
v  -27.6862 74.8028 -2.7301
v  -27.7959 74.4212 -2.3435
v  -27.7366 74.4165 -3.1243
v  -27.8463 74.0349 -2.7376
v  -34.6516 75.7464 -3.2676
v  -34.7181 75.4539 -2.9724
v  -34.6728 75.4503 -3.5659
v  -34.7392 75.1577 -3.2707
v  -5.5648 64.5057 -0.7615
v  -5.5496 64.7381 -1.1452
v  -7.0876 64.1349 -1.4331
v  -7.0948 64.0247 -1.2514
v  -5.4174 64.3093 -1.1372
v  -7.0249 63.9317 -1.4294
v  -8.6503 66.8094 -1.1175
v  -8.9785 66.9042 -1.4086
v  -10.0546 66.9759 0.0098
v  -9.8991 66.9310 0.1478
v  -8.8997 66.4786 -1.2900
v  -10.0173 66.7742 0.0660
v  -13.0101 69.4127 -1.4659
v  -13.2063 69.3908 -1.8689
v  -13.4589 71.1600 -1.7106
v  -13.3660 71.1704 -1.5196
v  -13.4537 69.3521 -1.4965
v  -13.5762 71.1417 -1.5341
v  -18.0633 71.2906 -1.8385
v  -17.8184 71.6392 -1.9798
v  -18.6886 71.5843 -3.2481
v  -18.8047 71.4192 -3.1812
v  -17.6963 71.2209 -2.0873
v  -18.6308 71.3861 -3.2990
v  -22.1247 72.9056 -2.0403
v  -22.2939 73.0546 -2.4283
v  -23.3228 71.9448 -2.2692
v  -23.2426 71.8742 -2.0854
v  -21.9896 72.7247 -2.4282
v  -23.1786 71.7885 -2.2692
v  -26.4502 74.2182 -2.4977
v  -26.7897 74.2641 -2.7876
v  -27.7502 74.2636 -1.4803
v  -27.5894 74.2418 -1.3429
v  -26.6626 73.8550 -2.6539
v  -27.6900 74.0697 -1.4169
v  -30.8325 74.7458 -2.8922
v  -30.4703 74.9864 -2.7812
v  -31.1669 76.1042 -3.4087
v  -31.3386 75.9902 -3.4613
v  -30.4952 74.7917 -3.1848
v  -31.1788 76.0120 -3.6000
v  -34.3304 75.3952 -2.9811
v  -34.2676 75.6164 -3.3665
v  -35.9384 75.7460 -3.4270
v  -35.9682 75.6412 -3.2444
v  -34.3336 75.1725 -3.3707
v  -35.9697 75.5357 -3.4290
v  0.6113 65.6350 -0.1702
v  0.2842 66.1668 -1.0850
v  -2.9300 71.9514 3.5148
v  -2.6230 71.4473 4.2771
v  -0.6800 65.6225 -1.0568
v  -3.7445 71.4354 3.5060
v  -0.3529 65.0906 -0.1419
v  -3.4375 70.9312 4.2683
v  -6.6843 76.7201 8.8870
v  -6.3801 76.2353 9.4722
v  -7.3314 76.2239 8.8159
v  -7.0272 75.7391 9.4011
v  -10.8125 80.3779 14.7943
v  -10.5258 79.9457 15.2230
v  -11.3072 79.9355 14.6821
v  -11.0204 79.5034 15.1109
v  -15.1914 82.9264 21.0600
v  -14.9401 82.5715 21.3582
v  -15.5520 82.5631 20.9333
v  -15.3007 82.2083 21.2315
v  -19.0533 84.3217 26.5860
v  -18.8522 84.0471 26.8005
v  -19.3192 84.0406 26.4757
v  -19.1181 83.7661 26.6901
v  -2.1583 70.0191 2.8586
v  -2.5611 70.2032 2.7859
v  -2.9615 69.6287 4.2795
v  -2.7707 69.5414 4.3139
v  -2.4873 69.7743 2.6762
v  -2.9266 69.4254 4.2275
v  -4.3234 73.3051 5.7708
v  -4.7457 73.4076 5.8830
v  -4.2005 73.5721 7.3129
v  -4.0004 73.5235 7.2597
v  -4.6020 72.9836 5.9140
v  -4.1324 73.3711 7.3276
v  -6.5226 75.6113 8.7405
v  -6.1609 75.7129 8.4949
v  -6.6542 77.1677 8.5857
v  -6.8256 77.1196 8.7021
v  -6.5528 75.6290 8.2930
v  -6.8400 77.1280 8.4901
v  -8.9516 78.1168 12.4564
v  -9.0350 78.4412 12.1577
v  -10.4079 78.1749 12.4296
v  -10.3684 78.0212 12.5711
v  -9.0169 78.0129 12.0247
v  -10.3993 77.9720 12.3665
v  -10.9919 80.1131 15.5127
v  -11.3880 80.2911 15.3994
v  -12.0208 79.2164 16.3918
v  -11.8331 79.1321 16.4455
v  -11.2275 79.9383 15.1731
v  -11.9447 79.0492 16.2845
v  -13.5992 81.8017 19.0510
v  -14.0207 81.8712 19.1885
v  -13.4830 81.7288 20.5240
v  -13.2832 81.6958 20.4589
v  -13.8719 81.4528 19.1236
v  -13.4125 81.5305 20.4933
v  -16.5537 83.2183 23.0774
v  -16.9724 83.1970 23.2378
v  -16.5447 84.6403 24.2141
v  -16.3463 84.6504 24.1381
v  -16.6385 82.9888 23.4537
v  -16.3865 84.5417 24.3164
v  -18.6558 83.9611 26.4753
v  -18.9475 84.1789 26.2128
v  -19.8256 84.4176 27.5887
v  -19.6874 84.3144 27.7130
v  -19.0015 83.7407 26.2929
v  -19.8512 84.2099 27.6266
v  -0.0401 71.6250 -1.3844
v  -0.5675 72.1811 -0.6571
v  5.4521 77.5300 -0.4829
v  5.8698 77.0105 -1.1155
v  -0.0898 71.6322 0.1089
v  5.8272 77.0173 0.1811
v  0.4376 71.0762 -0.6183
v  6.2449 76.4979 -0.4515
v  12.3094 81.8315 -0.2845
v  12.5889 81.3427 -0.8232
v  12.5538 81.3491 0.2766
v  12.8333 80.8603 -0.2621
v  19.7262 85.0188 -0.0699
v  19.8938 84.5899 -0.5141
v  19.8658 84.5955 0.3891
v  20.0334 84.1667 -0.0551
v  27.4997 87.1085 0.1549
v  27.5873 86.7607 -0.1938
v  27.5659 86.7653 0.5127
v  27.6535 86.4176 0.1640
v  34.1092 88.1193 0.3460
v  34.1615 87.8498 0.0779
v  34.1453 87.8533 0.6203
v  34.1976 87.5839 0.3522
v  4.7103 75.7975 -0.7135
v  4.5370 76.0884 -0.4190
v  5.8759 75.7788 0.4950
v  5.9580 75.6409 0.3554
v  4.4486 75.6501 -0.3800
v  5.8340 75.5711 0.5135
v  8.0137 78.6067 -0.5571
v  8.3423 78.7101 -0.2694
v  9.5595 78.7271 -1.8503
v  9.4038 78.6781 -1.9866
v  8.2598 78.2808 -0.3711
v  9.5204 78.5237 -1.8985
v  12.6807 81.5594 -0.2921
v  13.0471 81.5435 -0.0334
v  13.3950 83.1999 -0.6289
v  13.2214 83.2074 -0.7515
v  13.0702 81.4162 -0.4631
v  13.4059 83.1395 -0.8325
v  18.2603 83.7371 -0.3110
v  18.1102 84.0483 -0.0246
v  19.1783 83.5535 0.8875
v  19.2495 83.4061 0.7518
v  17.9497 83.6296 -0.0054
v  19.1023 83.3552 0.8966
v  21.9997 85.1223 -0.2392
v  21.9657 85.3706 0.1331
v  23.1583 84.4168 0.7357
v  23.1744 84.2991 0.5592
v  21.7277 84.9922 0.0932
v  23.0456 84.2375 0.7168
v  27.0480 86.7615 -0.0108
v  27.3950 86.8228 0.2672
v  28.3294 86.5785 -1.0363
v  28.1650 86.5494 -1.1680
v  27.2383 86.4091 0.1917
v  28.2552 86.3824 -1.0720
v  31.7006 87.3195 0.2251
v  31.3362 87.5452 0.0919
v  32.0014 88.8056 0.8054
v  32.1741 88.6986 0.8685
v  31.3454 87.3529 0.4973
v  32.0057 88.7144 0.9975
v  33.7796 87.7879 0.0791
v  33.7317 88.0101 0.4661
v  35.3749 88.1619 0.4455
v  35.3976 88.0567 0.2621
v  33.8049 87.5673 0.4691
v  35.4096 87.9521 0.4469
v  -0.6483 77.6230 -1.1091
v  -0.3986 78.1559 -0.2939
v  3.3661 83.4847 -5.0123
v  3.1255 82.9877 -5.6894
v  0.4571 77.6339 -0.2148
v  4.0849 82.9979 -4.9142
v  0.2074 77.1011 -1.0300
v  3.8443 82.5009 -5.5913
v  7.6493 87.7646 -10.3808
v  7.4010 87.2979 -10.8987
v  8.2147 87.3075 -10.2431
v  7.9664 86.8408 -10.7610
v  12.2795 90.9315 -16.1843
v  12.0392 90.5230 -16.5628
v  12.7070 90.5314 -16.0263
v  12.4667 90.1229 -16.4048
v  17.1303 93.0023 -22.2645
v  16.9176 92.6723 -22.5279
v  17.4390 92.6791 -22.1102
v  17.2262 92.3491 -22.3736
v  21.1119 93.9889 -27.2552
v  20.9389 93.7316 -27.4480
v  21.3421 93.7369 -27.1253
v  21.1690 93.4795 -27.3182
v  2.7468 82.0639 -4.6399
v  3.1183 82.2634 -4.4864
v  3.8916 81.5392 -5.7621
v  3.7155 81.4447 -5.8348
v  3.0159 81.8471 -4.3537
v  3.8431 81.3419 -5.6992
v  5.5120 85.2425 -7.8095
v  5.9333 85.2940 -7.9552
v  5.1811 86.1308 -9.4710
v  4.9814 86.1064 -9.4019
v  5.6977 84.9309 -8.0737
v  5.0694 85.9587 -9.5271
v  8.0236 87.3724 -11.0267
v  7.7309 87.4773 -10.7031
v  8.1776 89.0641 -10.9774
v  8.3163 89.0144 -11.1307
v  8.1623 87.4069 -10.6013
v  8.3820 89.0308 -10.9291
v  10.7139 89.2130 -14.3728
v  10.5560 89.5529 -14.1260
v  12.1514 90.0660 -14.0252
v  12.2263 89.9049 -14.1422
v  10.6975 89.1770 -13.9258
v  12.2185 89.8878 -13.9303
v  12.8353 90.7934 -17.2817
v  13.1945 90.9852 -17.0931
v  13.9819 89.9040 -17.7736
v  13.8117 89.8131 -17.8630
v  12.9829 90.6498 -16.8829
v  13.8816 89.7451 -17.6740
v  15.8128 92.2595 -20.7141
v  16.2426 92.2564 -20.8430
v  15.7619 93.0749 -22.0545
v  15.5582 93.0763 -21.9934
v  15.9620 91.9386 -20.9901
v  15.6289 92.9243 -22.1242
v  19.1020 93.0679 -24.8420
v  18.8078 93.3242 -24.6202
v  19.9374 94.5634 -24.7927
v  20.0768 94.4420 -24.8978
v  19.1290 93.1055 -24.3956
v  20.0896 94.4598 -24.6863
v  20.7015 93.6703 -27.1519
v  20.9817 93.8928 -26.8810
v  21.9573 94.0477 -28.2129
v  21.8246 93.9423 -28.3412
v  21.0288 93.4501 -26.9378
v  21.9796 93.8379 -28.2398
v  -0.3794 83.6301 -0.0607
v  0.3211 84.1006 -0.5065
v  -4.9547 89.7881 -2.6577
v  -5.5294 89.3449 -2.2583
v  0.1269 83.6266 -1.3117
v  -5.0904 89.3416 -3.3423
v  -0.5735 83.1561 -0.8659
v  -5.6652 88.8984 -2.9428
v  -11.0765 94.4502 -5.1540
v  -11.5018 94.0277 -4.7912
v  -11.1299 94.0246 -5.7081
v  -11.5553 93.6021 -5.3453
v  -17.7849 98.0039 -7.8895
v  -18.0819 97.6306 -7.5720
v  -17.7774 97.6279 -8.3218
v  -18.0744 97.2546 -8.0043
v  -24.8825 100.4531 -10.7837
v  -25.0787 100.1505 -10.5227
v  -24.8417 100.1482 -11.1056
v  -25.0378 99.8456 -10.8446
v  -30.4957 101.7082 -13.0727
v  -30.6369 101.4697 -12.8646
v  -30.4522 101.4679 -13.3186
v  -30.5934 101.2293 -13.1106
v  -4.4323 88.4944 -2.2217
v  -4.5559 88.6406 -2.6276
v  -6.3961 88.3785 -2.0314
v  -6.3376 88.3092 -1.8391
v  -4.4986 88.2014 -2.5552
v  -6.3690 88.1703 -1.9971
v  -8.3559 91.8681 -3.8592
v  -8.5452 91.9842 -4.2492
v  -10.0503 91.8434 -3.4246
v  -9.9606 91.7884 -3.2398
v  -8.4852 91.5508 -4.1491
v  -10.0219 91.6380 -3.3772
v  -11.7715 94.0936 -5.3737
v  -11.4359 94.2018 -5.0961
v  -11.6988 95.7839 -5.5859
v  -11.8578 95.7326 -5.7174
v  -11.3507 94.1157 -5.5282
v  -11.6584 95.7431 -5.7906
v  -15.9432 96.3180 -7.0370
v  -15.6565 96.6455 -6.9274
v  -15.9835 97.2337 -8.3115
v  -16.1193 97.0785 -8.3634
v  -15.5108 96.2858 -7.1528
v  -15.9144 97.0632 -8.4183
v  -19.4179 98.1498 -8.2763
v  -19.4308 98.3195 -8.6915
v  -20.7412 97.3113 -8.9353
v  -20.7350 97.2309 -8.7385
v  -19.1981 97.9447 -8.6095
v  -20.6309 97.1337 -8.8964
v  -22.7551 99.5019 -9.7686
v  -23.0092 99.5677 -10.1326
v  -24.3527 99.4119 -9.0775
v  -24.2323 99.3807 -8.9050
v  -22.9014 99.1507 -10.0067
v  -24.3016 99.2143 -9.0179
v  -26.8492 100.7185 -11.4904
v  -26.9941 100.6719 -11.9126
v  -27.6876 101.9982 -11.6956
v  -27.6189 102.0203 -11.4955
v  -27.2457 100.5245 -11.5715
v  -27.8068 101.9284 -11.5340
v  -30.2970 101.3875 -12.7108
v  -30.1059 101.6063 -13.0529
v  -31.9165 101.9072 -13.7176
v  -32.0071 101.8035 -13.5555
v  -30.1949 101.1678 -13.0886
v  -31.9587 101.6994 -13.7345
v  0.4773 89.6324 -0.6346
v  -0.1061 90.0795 -1.1596
v  -0.8256 95.7130 4.5420
v  -0.3166 95.2932 4.9638
v  -0.7910 89.6241 -0.7864
v  -1.4141 95.2852 4.8316
v  -0.2076 89.1770 -0.2614
v  -0.9052 94.8654 5.2534
v  -1.6578 100.3163 11.1354
v  -1.2202 99.9179 11.4302
v  -2.1469 99.9104 11.3174
v  -1.7093 99.5120 11.6123
v  -2.5680 103.8120 18.3464
v  -2.2046 103.4615 18.5358
v  -2.9605 103.4549 18.4430
v  -2.5971 103.1045 18.6324
v  -3.5297 106.2051 25.9647
v  -3.2440 105.9227 26.0775
v  -3.8292 105.9174 26.0049
v  -3.5435 105.6350 26.1177
v  -4.2497 107.3875 31.6679
v  -4.0235 107.1629 31.7456
v  -4.4839 107.1586 31.6882
v  -4.2577 106.9341 31.7659
v  -0.4359 93.8374 3.5407
v  -0.8200 94.0670 3.5066
v  -1.1926 93.4321 4.9827
v  -1.0106 93.3233 4.9989
v  -0.7994 93.6417 3.3647
v  -1.1828 93.2305 4.9155
v  -1.0696 97.0678 7.0491
v  -1.3239 97.1420 7.4114
v  -0.1046 97.6256 8.0218
v  0.0159 97.5905 7.8502
v  -1.1041 96.7532 7.3673
v  -0.0005 97.4414 8.0009
v  -1.7044 99.6980 11.3590
v  -1.4064 99.7694 11.0312
v  -1.8495 101.6267 11.1947
v  -1.9907 101.5929 11.3501
v  -1.8388 99.7036 10.9309
v  -2.0544 101.5955 11.1472
v  -2.0624 101.6365 15.2457
v  -2.1107 101.9796 14.9605
v  -3.3904 102.1468 15.5638
v  -3.3675 101.9842 15.6990
v  -2.2587 101.5713 14.8474
v  -3.4605 101.9533 15.5103
v  -2.3782 103.5593 18.9132
v  -2.7766 103.7650 18.9337
v  -3.0992 102.7627 20.1301
v  -2.9105 102.6652 20.1204
v  -2.7270 103.3963 18.6826
v  -3.0757 102.5880 20.0111
v  -3.0630 105.2211 23.4434
v  -3.3452 105.2932 23.7848
v  -2.1350 105.0053 24.6910
v  -2.0012 104.9711 24.5292
v  -3.2836 104.8770 23.6287
v  -2.1058 104.8081 24.6170
v  -3.6678 106.5349 28.2745
v  -4.0938 106.4583 28.3931
v  -4.0330 107.9380 29.1213
v  -3.8312 107.9744 29.0651
v  -3.7597 106.3440 28.6702
v  -3.8747 107.8839 29.2526
v  -3.9502 107.0812 31.3823
v  -4.3305 107.2995 31.2865
v  -4.4676 107.5325 32.9137
v  -4.2874 107.4291 32.9591
v  -4.3412 106.8608 31.3808
v  -4.4727 107.3247 32.9584
v  -0.2890 95.6242 -1.3286
v  -0.6444 96.0136 -0.6591
v  4.4854 102.1446 -1.5766
v  4.7631 101.7724 -2.1498
v  -0.0859 95.6320 -0.1408
v  4.9392 101.7799 -1.1236
v  0.2694 95.2426 -0.8103
v  5.2169 101.4077 -1.6968
v  10.6207 107.2903 -2.6741
v  10.7979 106.9281 -3.1469
v  10.9474 106.9353 -2.2824
v  11.1247 106.5731 -2.7552
v  17.4827 111.3431 -3.9016
v  17.5787 111.0194 -4.2775
v  17.7012 111.0259 -3.5747
v  17.7972 110.7022 -3.9506
v  24.8482 114.2870 -5.2193
v  24.8907 114.0247 -5.5033
v  24.9858 114.0300 -4.9619
v  25.0283 113.7677 -5.2459
v  30.0339 115.7939 -6.1470
v  30.0577 115.5820 -6.3714
v  30.1336 115.5863 -5.9403
v  30.1575 115.3744 -6.1647
v  3.6095 100.3994 -1.6708
v  3.8047 100.5952 -1.3173
v  5.2593 100.1640 -2.0316
v  5.1668 100.0712 -2.1991
v  3.7149 100.1555 -1.3090
v  5.2167 99.9556 -2.0277
v  6.6797 103.6253 -2.0486
v  7.0896 103.7108 -1.8872
v  7.3782 104.1847 -3.1993
v  7.1840 104.1442 -3.2758
v  7.0049 103.3184 -2.0879
v  7.3381 103.9988 -3.2944
v  10.0313 106.4621 -2.5501
v  10.4628 106.4566 -2.4269
v  10.5051 108.0253 -2.9352
v  10.3006 108.0279 -2.9936
v  10.3488 106.3566 -2.8492
v  10.4510 107.9779 -3.1354
v  14.3524 108.8143 -3.3424
v  13.9889 109.0529 -3.4539
v  14.5603 110.1176 -2.5626
v  14.7325 110.0046 -2.5098
v  13.9848 108.7966 -3.0855
v  14.5583 109.9961 -2.3881
v  18.2468 111.3448 -4.2860
v  18.5404 111.4927 -3.9805
v  19.5712 110.5273 -4.6772
v  19.4321 110.4572 -4.8219
v  18.2997 111.1226 -3.8997
v  19.4572 110.3519 -4.6389
v  22.1752 113.0869 -4.8089
v  22.5961 113.1236 -4.6577
v  22.9457 113.7192 -6.1256
v  22.7462 113.7018 -6.1972
v  22.4673 112.7526 -4.8750
v  22.8847 113.5435 -6.2285
v  26.5051 114.6356 -5.6475
v  26.7846 114.5839 -5.3002
v  27.3437 116.3862 -5.6345
v  27.2113 116.4107 -5.7991
v  26.9249 114.4926 -5.7166
v  27.4102 116.3430 -5.8319
v  29.6967 115.4767 -6.3476
v  29.7018 115.6929 -5.9544
v  31.2999 116.0561 -6.3096
v  31.2975 115.9536 -6.4960
v  29.8280 115.2627 -5.9756
v  31.3597 115.8523 -6.3197
v  -0.7842 101.6244 -0.7780
v  -0.2348 102.0039 -0.3356
v  -0.0913 107.9682 -5.7295
v  -0.5658 107.6089 -6.0825
v  0.3480 101.6316 -0.7399
v  0.4105 107.6157 -6.0502
v  -0.2015 101.2521 -1.1824
v  -0.0640 107.2563 -6.4032
v  0.0781 112.9294 -12.1000
v  -0.3220 112.5841 -12.3421
v  0.4982 112.5907 -12.3159
v  0.0981 112.2454 -12.5580
v  0.2660 116.7932 -19.1693
v  -0.0593 116.4881 -19.3197
v  0.6050 116.4939 -19.2994
v  0.2798 116.1888 -19.4498
v  0.4664 119.5506 -26.7151
v  0.2168 119.3064 -26.8018
v  0.7251 119.3111 -26.7868
v  0.4755 119.0669 -26.8734
v  0.5944 120.8515 -31.5326
v  0.3922 120.6516 -31.5940
v  0.8035 120.6554 -31.5821
v  0.6013 120.4554 -31.6435
v  -0.3640 106.4301 -5.0344
v  0.0244 106.6540 -5.0544
v  0.0462 106.2415 -6.6009
v  -0.1379 106.1354 -6.5914
v  0.0237 106.2131 -4.9710
v  0.0458 106.0325 -6.5614
v  -0.0642 109.3961 -7.9740
v  0.1246 109.4690 -8.3746
v  -1.4674 110.3063 -8.8402
v  -1.5569 110.2718 -8.6504
v  -0.1224 109.1005 -8.3066
v  -1.5845 110.1317 -8.8080
v  0.1614 112.6020 -12.0627
v  0.2580 112.6085 -12.5010
v  -0.2592 114.2061 -12.4701
v  -0.3050 114.2030 -12.2625
v  -0.1566 112.5048 -12.3641
v  -0.4557 114.1569 -12.4053
v  0.0546 114.5199 -16.1477
v  0.1716 114.8579 -15.8767
v  1.7644 115.0942 -17.0549
v  1.7090 114.9341 -17.1833
v  0.3249 114.4435 -15.7976
v  1.8370 114.8979 -17.0175
v  0.0379 116.8143 -20.0972
v  0.4190 116.9834 -20.2632
v  0.1212 115.9918 -21.6378
v  -0.0594 115.9117 -21.5591
v  0.4268 116.6013 -20.0279
v  0.1249 115.8108 -21.5262
v  0.2008 118.3953 -24.0415
v  0.5039 118.5004 -24.3553
v  -0.4570 117.9640 -25.2944
v  -0.6007 117.9142 -25.1457
v  0.5014 118.0897 -24.1745
v  -0.4583 117.7694 -25.2087
v  0.3863 119.7433 -27.8814
v  0.7633 119.6944 -28.1199
v  0.4695 121.2562 -28.6821
v  0.2909 121.2794 -28.5691
v  0.3671 119.5883 -28.3021
v  0.2818 121.2059 -28.7685
v  0.3294 120.5529 -31.2391
v  0.7157 120.7700 -31.1680
v  0.6894 121.0868 -32.7369
v  0.5063 120.9839 -32.7706
v  0.7202 120.3379 -31.2891
v  0.6915 120.8820 -32.7943
v  -0.3858 107.6296 -0.2710
v  0.0978 108.0187 -0.6919
v  -5.6689 113.3965 -2.2539
v  -6.0578 113.0364 -1.8847
v  -0.1117 107.6260 -1.2955
v  -5.8219 113.0330 -2.7655
v  -0.5953 107.2370 -0.8746
v  -6.2107 112.6729 -2.3963
v  -12.2402 117.7256 -4.0339
v  -12.5162 117.3909 -3.7115
v  -12.3183 117.3878 -4.4486
v  -12.5943 117.0532 -4.1262
v  -19.3623 120.9486 -5.9632
v  -19.5443 120.6605 -5.6927
v  -19.3846 120.6578 -6.2860
v  -19.5666 120.3698 -6.0156
v  -26.8362 123.0782 -7.9877
v  -26.9510 122.8529 -7.7764
v  -26.8297 122.8508 -8.2261
v  -26.9445 122.6256 -8.0148
v  -30.9499 123.9254 -9.1021
v  -31.0383 123.7377 -8.9255
v  -30.9379 123.7359 -9.2974
v  -31.0264 123.5483 -9.1209
v  -5.4531 112.5104 -1.9248
v  -5.4379 112.7165 -2.3232
v  -6.8791 111.9747 -2.6290
v  -6.8863 111.8771 -2.4402
v  -5.2710 112.3023 -2.2783
v  -6.8000 111.7785 -2.6078
v  -8.3439 114.8807 -2.9237
v  -8.6621 114.9272 -3.2367
v  -9.5621 115.8602 -2.0143
v  -9.4114 115.8382 -1.8659
v  -8.6810 114.5854 -2.9465
v  -9.5711 115.6982 -1.8767
v  -12.9974 117.8009 -4.1547
v  -13.2015 117.7743 -4.5535
v  -13.5894 119.3626 -4.3278
v  -13.4926 119.3751 -4.1388
v  -13.4336 117.6976 -4.1771
v  -13.6993 119.3262 -4.1494
v  -17.9024 119.7262 -5.4565
v  -17.6205 120.0754 -5.4532
v  -18.0774 120.3064 -6.9047
v  -18.2109 120.1409 -6.9063
v  -17.4796 119.6746 -5.5978
v  -18.0106 120.1164 -6.9732
v  -22.8550 121.5702 -6.6693
v  -22.7235 121.8083 -7.0262
v  -23.5553 120.7743 -7.8740
v  -23.6176 120.6614 -7.7049
v  -22.4832 121.4538 -6.8921
v  -23.4414 120.6063 -7.8105
v  -26.2665 122.8303 -7.7207
v  -26.5274 122.8472 -8.0855
v  -27.6893 123.3764 -7.0846
v  -27.5657 123.3685 -6.9118
v  -26.5218 122.4779 -7.8305
v  -27.6866 123.2015 -6.9638
v  -30.7125 123.6630 -8.7684
v  -30.5666 123.8822 -9.1318
v  -32.1609 124.1027 -9.4930
v  -32.2301 123.9988 -9.3208
v  -30.6553 123.4428 -9.1552
v  -32.2030 123.8945 -9.5041
v  0.2068 113.6311 -0.7193
v  -0.2172 113.9647 -1.1635
v  -1.2445 119.7937 4.2732
v  -0.8770 119.4818 4.6292
v  -0.7656 113.6243 -0.8957
v  -1.7092 119.4753 4.4777
v  -0.3416 113.2907 -0.4515
v  -1.3417 119.1634 4.8337
v  -2.4463 124.6056 10.6328
v  -2.1321 124.3113 10.8835
v  -2.8240 124.3052 10.7566
v  -2.5098 124.0108 11.0073
v  -3.7725 128.3193 17.6500
v  -3.5149 128.0645 17.8128
v  -4.0666 128.0592 17.7108
v  -3.8090 127.8043 17.8736
v  -5.1821 130.9300 25.1087
v  -4.9862 130.7327 25.2105
v  -5.3978 130.7286 25.1339
v  -5.2018 130.5313 25.2356
v  -5.7826 131.8372 28.2855
v  -5.6136 131.6667 28.3679
v  -5.9665 131.6631 28.3022
v  -5.7976 131.4926 28.3846
v  -0.7976 118.1195 3.3159
v  -1.1971 118.3189 3.3607
v  -1.2024 117.6998 4.8896
v  -1.0131 117.6053 4.8684
v  -1.1734 117.8925 3.2228
v  -1.1911 117.4977 4.8243
v  -1.6215 121.5421 6.9445
v  -1.9300 121.6428 7.2546
v  -0.5081 121.8424 8.4338
v  -0.3619 121.7946 8.2870
v  -1.7920 121.2187 7.2048
v  -0.4427 121.6414 8.4103
v  -2.5092 124.3328 11.2020
v  -2.2795 124.4460 10.8334
v  -2.7206 125.8367 11.1292
v  -2.8294 125.7831 11.3039
v  -2.7173 124.3513 10.8048
v  -2.9280 125.7918 11.1157
v  -3.3027 126.8458 15.9039
v  -3.3801 127.1889 15.6252
v  -5.1532 127.3640 16.5233
v  -5.1165 127.2014 16.6553
v  -3.5085 126.7741 15.5116
v  -5.2140 127.1674 16.4694
v  -3.9333 128.8462 19.8576
v  -4.3243 128.9888 20.0256
v  -4.0745 127.9297 21.1902
v  -3.8893 127.8622 21.1105
v  -4.3146 128.6361 19.7483
v  -4.0699 127.7626 21.0587
v  -4.8320 130.3744 23.6918
v  -5.1427 130.4012 24.0145
v  -4.0844 130.9672 24.8224
v  -3.9372 130.9545 24.6694
v  -4.8783 130.0396 23.9871
v  -3.9591 130.7959 24.8094
v  -5.4723 131.5671 28.0494
v  -5.8433 131.7815 27.9158
v  -6.0756 132.1272 29.5119
v  -5.8998 132.0256 29.5752
v  -5.8653 131.3505 28.0391
v  -6.0860 131.9230 29.5704
v  -0.1396 118.4263 -1.2621
v  -0.6386 118.7246 -0.9542
v  4.2156 124.8656 0.8594
v  4.6190 124.5849 0.5897
v  -0.4682 118.4290 -0.3916
v  4.3397 124.5875 1.3300
v  0.0309 118.1307 -0.6996
v  4.7431 124.3068 1.0603
v  10.0230 130.0196 3.0290
v  10.3154 129.7523 2.7918
v  10.0857 129.7547 3.4020
v  10.3782 129.4874 3.1648
v  16.5269 134.0867 5.4588
v  16.7242 133.8556 5.2600
v  16.5438 133.8577 5.7400
v  16.7411 133.6266 5.5413
v  23.5121 137.0478 8.0683
v  23.6405 136.8728 7.9179
v  23.5093 136.8744 8.2675
v  23.6376 136.6994 8.1170
v  25.3165 137.7336 8.7424
v  25.4300 137.5742 8.6052
v  25.3112 137.5756 8.9216
v  25.4247 137.4162 8.7845
v  3.2809 122.8495 0.2420
v  3.1108 123.0932 0.5783
v  4.6081 122.6815 1.4769
v  4.6887 122.5660 1.3175
v  3.0351 122.6512 0.5608
v  4.5722 122.4720 1.4686
v  6.6415 126.8011 1.7100
v  6.9384 126.8757 2.0381
v  7.8809 127.6083 0.8575
v  7.7402 127.5730 0.7020
v  6.9693 126.5046 1.7876
v  7.8956 127.4325 0.7388
v  11.1906 130.2148 3.5440
v  11.0199 130.3452 3.1500
v  10.8756 131.8371 3.8407
v  10.9565 131.7753 4.0274
v  10.7470 130.2030 3.4767
v  10.7463 131.7698 3.9955
v  14.6407 132.3509 4.6086
v  14.3488 132.6866 4.6681
v  14.7479 132.6196 6.1140
v  14.8862 132.4605 6.0858
v  14.2157 132.2613 4.7218
v  14.6849 132.4180 6.1394
v  18.0139 134.4253 5.7391
v  18.0001 134.6128 6.1466
v  19.3325 133.6667 6.4971
v  19.3390 133.5779 6.3040
v  17.7855 134.2261 6.0701
v  19.2307 133.4835 6.4608
v  21.5891 136.1914 7.2848
v  21.8804 136.2309 7.6240
v  22.8853 136.8816 6.5292
v  22.7473 136.8629 6.3685
v  21.8868 135.8651 7.3641
v  22.8883 136.7082 6.4060
v  25.1619 137.4576 8.4089
v  24.9536 137.6689 8.7457
v  26.5893 138.1725 9.2841
v  26.6880 138.0724 9.1245
v  25.0978 137.2474 8.8002
v  26.6577 137.9728 9.3099
v  -0.7365 123.2258 -0.6920
v  -0.2164 123.5244 -0.5468
v  -2.1875 129.3638 -5.6976
v  -2.6185 129.0885 -5.7998
v  0.0798 123.2292 -1.0006
v  -1.9299 129.0916 -6.0603
v  -0.4404 122.9306 -1.1458
v  -2.3610 128.8162 -6.1625
v  -4.4941 134.1857 -11.7250
v  -4.8310 133.9309 -11.7710
v  -4.2701 133.9338 -11.9837
v  -4.6071 133.6791 -12.0296
v  -7.0411 137.9115 -18.3806
v  -7.2901 137.6978 -18.3865
v  -6.8569 137.7002 -18.5511
v  -7.1059 137.4865 -18.5570
v  -9.7493 140.5350 -25.4571
v  -9.9206 140.3799 -25.4498
v  -9.6150 140.3816 -25.5661
v  -9.7862 140.2264 -25.5587
v  -9.9496 140.7227 -25.9806
v  -10.1154 140.5721 -25.9727
v  -9.8191 140.5737 -26.0854
v  -9.9849 140.4231 -26.0776
v  -1.9403 127.5182 -4.3778
v  -1.6631 127.6978 -4.6815
v  -2.7781 127.2152 -5.8101
v  -2.9095 127.1301 -5.6661
v  -1.6290 127.2629 -4.5762
v  -2.7620 127.0092 -5.7601
v  -3.0209 130.6455 -7.5088
v  -2.9074 130.7528 -7.9295
v  -4.3321 130.8366 -8.1666
v  -4.3859 130.7858 -7.9673
v  -2.9878 130.3248 -7.8210
v  -4.3702 130.6338 -8.1152
v  -4.1610 133.2825 -10.8070
v  -4.0596 133.2739 -11.2442
v  -4.3439 134.9205 -11.2210
v  -4.3919 134.9247 -11.0139
v  -4.4862 133.2305 -11.1119
v  -4.5460 134.9000 -11.1584
v  -5.9781 135.7431 -15.3941
v  -5.8587 136.0757 -15.1175
v  -4.5705 136.6330 -16.5357
v  -4.6271 136.4754 -16.6668
v  -5.6376 135.6853 -15.1076
v  -4.4657 136.4480 -16.5310
v  -7.6900 138.1160 -19.3715
v  -7.4100 138.2800 -19.6815
v  -8.2259 137.4089 -20.7087
v  -8.3587 137.3311 -20.5619
v  -7.3164 137.8913 -19.4777
v  -8.1816 137.2246 -20.6122
v  -8.9168 139.6110 -22.9960
v  -8.8405 139.6720 -23.4340
v  -10.6755 139.9129 -23.5989
v  -10.7117 139.8840 -23.3913
v  -8.9372 139.2625 -23.2779
v  -10.7213 139.7189 -23.5249
v  -10.0991 140.4664 -25.6488
v  -9.7103 140.6792 -25.7191
v  -10.3461 141.1055 -27.1901
v  -10.5303 141.0047 -27.1568
v  -9.7618 140.2548 -25.8559
v  -10.3705 140.9045 -27.2549
v  -0.1716 128.0305 -0.5008
v  -0.0766 128.2924 -1.0052
v  -4.8197 134.3484 1.2996
v  -4.8818 134.1070 1.7128
v  -0.5342 128.0243 -1.2306
v  -5.1845 134.1013 1.1026
v  -0.6291 127.7624 -0.7262
v  -5.2465 133.8599 1.5159
v  -10.4552 139.4066 4.0379
v  -10.4732 139.1835 4.3546
v  -10.7158 139.1782 3.8637
v  -10.7338 138.9552 4.1804
v  -16.7403 143.3757 7.0917
v  -16.7304 143.1920 7.3197
v  -16.9132 143.1876 6.9484
v  -16.9033 143.0038 7.1763
v  -22.6367 146.0206 9.9566
v  -22.6215 145.8854 10.1157
v  -22.7520 145.8822 9.8501
v  -22.7368 145.7471 10.0092
v  -3.4319 132.3245 0.8842
v  -3.7863 132.4949 0.6678
v  -4.7337 132.0728 2.1318
v  -4.5658 131.9921 2.2343
v  -3.6942 132.0567 0.6373
v  -4.6901 131.8652 2.1173
v  -6.5525 135.7866 2.2934
v  -6.9800 135.8974 2.2131
v  -7.1367 136.0511 3.9210
v  -6.9342 135.9986 3.9590
v  -6.8702 135.4696 2.2927
v  -7.0847 135.8484 3.9587
v  -9.6573 138.5749 3.6876
v  -10.0983 138.5629 3.6052
v  -10.0870 140.1755 3.9521
v  -9.8780 140.1812 3.9911
v  -9.9465 138.5047 4.0235
v  -10.0150 140.1480 4.1503
v  -13.9624 141.1390 5.8054
v  -13.6519 141.4488 5.7101
v  -14.7424 142.1041 4.8440
v  -14.8895 141.9573 4.8891
v  -13.7024 141.0920 5.4426
v  -14.7663 141.9351 4.7172
v  -16.9699 143.3545 7.4856
v  -17.3031 143.5204 7.2349
v  -18.3075 142.6812 8.2260
v  -18.1496 142.6026 8.3448
v  -17.1230 143.1220 7.1336
v  -18.2221 142.4924 8.1780
v  -20.2432 144.9633 8.8640
v  -20.6892 145.0122 8.8526
v  -20.5423 145.6359 10.4439
v  -20.3310 145.6127 10.4492
v  -20.5089 144.6355 9.0170
v  -20.4569 145.4574 10.5217
v  -22.3150 145.7661 10.0904
v  -22.4085 145.9722 9.7028
v  -23.9061 146.5470 10.5066
v  -23.8618 146.4494 10.6902
v  -22.5621 145.5574 9.7792
v  -23.9789 146.3505 10.5427
v  -0.0588 131.6280 -1.1064
v  -0.5231 131.9138 -1.0893
v  2.9893 137.2411 3.7803
v  3.3629 136.9863 3.7501
v  -0.6838 131.6266 -0.6541
v  2.8445 136.9851 4.1252
v  -0.2194 131.3409 -0.6712
v  3.2181 136.7303 4.0950
v  6.9779 141.5141 9.3101
v  7.2546 141.2898 9.2583
v  6.8428 141.2888 9.5561
v  7.1195 141.0645 9.5043
v  11.2938 144.6839 15.2936
v  11.4858 144.5080 15.2371
v  11.1805 144.5071 15.4577
v  11.3726 144.3312 15.4013
v  14.5722 146.4245 19.8388
v  14.7110 146.2914 19.7911
v  14.4838 146.2908 19.9552
v  14.6226 146.1576 19.9076
v  2.4422 135.6037 2.5817
v  2.1482 135.8260 2.8377
v  2.8785 135.0818 4.1159
v  3.0178 134.9764 3.9946
v  2.0519 135.4121 2.6932
v  2.8329 134.8857 4.0474
v  4.3043 138.4685 5.4840
v  4.3413 138.5258 5.9276
v  6.0028 139.3447 5.5637
v  5.9852 139.3176 5.3535
v  4.5117 138.1586 5.7338
v  6.0835 139.1708 5.4719
v  6.9052 140.8706 9.1214
v  6.7829 141.0251 8.7182
v  6.6726 142.7509 9.5441
v  6.7306 142.6777 9.7352
v  6.4704 140.8948 9.0128
v  6.5246 142.6891 9.6837
v  9.2246 142.6641 12.2208
v  8.9921 143.0085 12.0511
v  8.5472 143.2134 13.3889
v  8.6573 143.0502 13.4693
v  8.7998 142.6047 12.0886
v  8.4561 143.0220 13.4067
v  11.7794 144.5847 15.5484
v  11.4683 144.8300 15.7595
v  11.8956 143.8406 17.2879
v  12.0429 143.7244 17.1879
v  11.3559 144.4380 15.5719
v  11.8423 143.6549 17.1990
v  14.2962 146.2345 19.2473
v  14.3151 146.2987 19.6911
v  15.8407 146.3619 19.4975
v  15.8317 146.3315 19.2872
v  14.3457 145.8837 19.5229
v  15.8552 146.1653 19.4178
v  14.6412 146.2003 19.4909
v  14.2859 146.4138 19.6630
v  15.2783 146.8019 20.9222
v  15.4466 146.7007 20.8407
v  14.3661 145.9863 19.7736
v  15.3163 146.5993 20.9746
v  -0.6187 135.2245 -1.1778
v  -0.5842 135.4932 -0.7399
v  3.9799 140.9269 -4.4882
v  3.9372 140.6887 -4.8364
v  -0.1606 135.2300 -0.6118
v  4.3141 140.6937 -4.3714
v  -0.1951 134.9613 -1.0497
v  4.2714 140.4555 -4.7196
v  9.1909 145.3119 -8.7680
v  9.1328 145.1041 -9.0205
v  9.4287 145.1084 -8.6566
v  9.3706 144.9007 -8.9091
v  14.8505 148.5943 -13.4161
v  14.7940 148.4355 -13.5870
v  15.0084 148.4388 -13.3239
v  14.9520 148.2798 -13.4949
v  18.2298 150.1315 -16.1915
v  18.1817 150.0058 -16.3214
v  18.3489 150.0085 -16.1164
v  18.3008 149.8828 -16.2463
v  3.2854 139.9059 -4.2470
v  3.6216 140.1035 -4.0249
v  4.6109 139.4233 -5.1562
v  4.4516 139.3297 -5.2614
v  3.5022 139.6830 -3.9234
v  4.5543 139.2240 -5.1080
v  6.7312 143.1981 -6.8248
v  7.1675 143.2588 -6.9110
v  6.6661 143.9138 -8.3733
v  6.4594 143.8851 -8.3324
v  6.9623 142.8829 -7.0452
v  6.5689 143.7357 -8.4369
v  9.7041 145.2502 -9.3184
v  9.3328 145.3367 -9.0815
v  9.7773 146.9495 -9.1972
v  9.9533 146.9085 -9.3095
v  9.7245 145.2767 -8.8708
v  9.9629 146.9210 -9.0974
v  12.9017 147.1204 -11.9839
v  12.8039 147.4627 -11.7106
v  14.2450 147.3880 -11.2956
v  14.2913 147.2258 -11.4251
v  12.7757 147.0406 -11.5606
v  14.2316 147.1880 -11.2246
v  16.5628 149.3397 -15.1409
v  16.9578 149.4948 -14.9948
v  17.5609 148.6974 -16.1419
v  17.3738 148.6239 -16.2112
v  16.8035 149.0999 -14.8477
v  17.4878 148.5103 -16.0722
v  17.8929 149.9093 -16.2484
v  18.0801 150.1215 -15.9000
v  19.2630 150.5679 -16.9595
v  19.1743 150.4673 -17.1245
v  18.1986 149.6993 -15.9956
v  19.3192 150.3679 -17.0047
v  -0.7191 138.8261 -0.7663
v  -0.3116 139.0786 -0.6978
v  -2.8068 144.4784 -6.0824
v  -3.1312 144.2570 -6.1225
v  -0.0969 138.8283 -1.0524
v  -2.6249 144.2589 -6.3555
v  -0.5044 138.5758 -1.1209
v  -2.9493 144.0375 -6.3957
v  -5.6502 148.8269 -12.2184
v  -5.8882 148.6371 -12.2230
v  -5.4978 148.6388 -12.4029
v  -5.7357 148.4490 -12.4074
v  -8.7344 152.0729 -18.8739
v  -8.8955 151.9327 -18.8636
v  -8.6209 151.9339 -18.9903
v  -8.7821 151.7936 -18.9799
v  -10.0633 153.2487 -21.7416
v  -10.1943 153.1320 -21.7299
v  -9.9685 153.1330 -21.8341
v  -10.0995 153.0163 -21.8224
v  -2.4943 142.8441 -4.8085
v  -2.1445 143.0849 -4.9537
v  -2.5220 142.5356 -6.4091
v  -2.6877 142.4216 -6.3403
v  -2.0892 142.6538 -4.8418
v  -2.4958 142.3314 -6.3561
v  -3.6336 145.4689 -7.5641
v  -3.5373 145.5601 -7.9928
v  -5.0512 145.7794 -8.1625
v  -5.0969 145.7362 -7.9594
v  -3.6465 145.1421 -7.8713
v  -5.1030 145.5814 -8.1050
v  -5.5228 148.1534 -11.8930
v  -5.5250 148.2045 -11.4471
v  -5.3731 150.0822 -11.7805
v  -5.3720 150.0580 -11.9918
v  -5.1356 148.1624 -11.6662
v  -5.1886 150.0623 -11.8843
v  -7.7138 150.4884 -16.3087
v  -7.4619 150.8287 -16.1598
v  -6.7919 150.8509 -17.6991
v  -6.9113 150.6896 -17.7697
v  -7.3085 150.4078 -16.1335
v  -6.7192 150.6514 -17.6866
v  -9.6816 152.4935 -20.3945
v  -9.3267 152.7579 -20.4691
v  -9.1315 151.9382 -21.7362
v  -9.2997 151.8130 -21.7008
v  -9.2750 152.3689 -20.2513
v  -9.1070 151.7539 -21.6330
v  -10.2090 153.0347 -21.4411
v  -9.8230 153.2448 -21.5318
v  -10.5290 153.7024 -22.8936
v  -10.7120 153.6028 -22.8506
v  -9.8896 152.8255 -21.6770
v  -10.5606 153.5037 -22.9624
v  -0.3941 142.4290 -0.6048
v  -0.1977 142.6506 -0.9484
v  -5.8079 148.3600 -0.4138
v  -5.9508 148.1660 -0.1389
v  -0.4587 142.4252 -1.2430
v  -6.0025 148.1627 -0.6524
v  -0.6551 142.2036 -0.8995
v  -6.1454 147.9686 -0.3774
v  -12.3145 153.0383 0.2060
v  -12.3970 152.8726 0.4118
v  -12.4357 152.8698 0.0229
v  -12.5181 152.7041 0.2287
v  -19.4569 156.6184 0.8864
v  -19.5014 156.4999 1.0251
v  -19.5275 156.4979 0.7608
v  -19.5720 156.3794 0.8995
v  -21.3447 157.4758 1.0662
v  -21.3818 157.3709 1.1877
v  -21.4046 157.3691 0.9559
v  -21.4417 157.2643 1.0774
v  -4.6443 146.7107 -0.2747
v  -4.6369 146.9564 -0.6502
v  -6.2336 146.3008 -0.9696
v  -6.2372 146.1844 -0.7917
v  -4.4940 146.5310 -0.6575
v  -6.1659 146.0993 -0.9731
v  -7.3897 149.4254 -0.1118
v  -7.7358 149.5262 -0.3791
v  -8.6588 149.8052 1.1193
v  -8.4948 149.7574 1.2460
v  -7.6811 149.1058 -0.2318
v  -8.6329 149.6060 1.1892
v  -11.8565 152.6815 0.1171
v  -12.2943 152.6835 0.0179
v  -12.3097 154.3609 0.6547
v  -12.1023 154.3599 0.7017
v  -12.1575 152.5609 0.4274
v  -12.2449 154.3028 0.8487
v  -16.8192 154.9162 0.7007
v  -16.5079 155.2391 0.6878
v  -17.3999 155.8765 -0.8122
v  -17.5475 155.7235 -0.8061
v  -16.4475 154.8598 0.4556
v  -17.3714 155.6968 -0.9222
v  -21.2564 157.3348 1.3181
v  -21.4238 157.5239 0.9472
v  -22.6892 156.7393 1.2611
v  -22.6099 156.6497 1.4369
v  -21.2231 157.1232 0.9237
v  -22.5941 156.5494 1.2500
v  -21.1327 157.2613 1.3073
v  -21.0763 157.4642 0.9109
v  -22.7009 158.0906 1.1343
v  -22.7276 157.9945 1.3221
v  -21.2635 157.0567 0.9298
v  -22.7895 157.8975 1.1433
v  -0.1852 146.0278 -1.0870
v  -0.5552 146.2281 -1.1303
v  2.1324 152.1232 3.5981
v  2.4194 151.9490 3.6205
v  -0.7043 146.0262 -0.7899
v  2.0071 151.9476 3.8564
v  -0.3344 145.8259 -0.7466
v  2.2941 151.7733 3.8788
v  5.2870 157.0023 9.1483
v  5.4883 156.8551 9.1448
v  5.1826 156.8540 9.3194
v  5.3838 156.7069 9.3159
v  8.7780 160.7879 15.2905
v  8.9046 160.6874 15.2805
v  8.7058 160.6866 15.3940
v  8.8323 160.5862 15.3841
v  9.1125 161.1383 15.8789
v  9.2322 161.0426 15.8689
v  9.0436 161.0419 15.9766
v  9.1633 160.9462 15.9666
v  1.8159 150.7572 2.5651
v  1.6144 150.9281 2.9279
v  2.9632 150.4574 3.7527
v  3.0587 150.3764 3.5808
v  1.5639 150.4938 2.8269
v  2.9392 150.2516 3.7049
v  3.3719 153.6846 5.3833
v  3.2315 153.8195 5.7876
v  4.6966 153.6427 6.2245
v  4.7632 153.5787 6.0329
v  3.2442 153.3819 5.6890
v  4.7027 153.4353 6.1778
v  5.0889 156.0765 8.5125
v  4.8493 156.1431 8.1389
v  4.9521 157.6398 8.4816
v  5.0656 157.6082 8.6587
v  4.6414 156.1022 8.5345
v  4.8536 157.6204 8.6691
v  7.2663 158.6510 12.2535
v  6.9518 158.9666 12.2000
v  6.5968 158.7201 13.8224
v  6.7458 158.5706 13.8478
v  6.8471 158.5338 12.1440
v  6.5472 158.5150 13.7959
v  9.2407 160.9913 15.6062
v  9.0355 161.1528 15.9712
v  10.3396 160.2477 16.9598
v  10.4368 160.1711 16.7868
v  8.9203 160.7507 15.8085
v  10.2850 160.0571 16.8827
v  9.2549 160.9270 15.6042
v  8.8651 161.1250 15.7054
v  9.6701 161.7877 16.9837
v  9.8549 161.6938 16.9358
v  8.9691 160.7281 15.8874
v  9.7194 161.5996 17.0700
v  -0.5028 149.6252 -1.2275
v  -0.6636 149.8166 -0.9252
v  4.8009 155.6269 -1.7510
v  4.9140 155.4635 -1.9856
v  -0.4235 149.6286 -0.6785
v  4.9763 155.4663 -1.5561
v  -0.2627 149.4373 -0.9808
v  5.0893 155.3029 -1.7907
v  11.1772 160.4127 -2.7146
v  11.2388 160.2794 -2.8809
v  11.2842 160.2818 -2.5710
v  11.3458 160.1486 -2.7373
v  17.6512 163.9099 -3.6931
v  17.6842 163.8206 -3.7990
v  17.7135 163.8221 -3.5997
v  17.7466 163.7328 -3.7057
v  3.9848 154.3771 -1.8781
v  3.9880 154.6275 -1.5056
v  5.5720 154.1861 -1.3650
v  5.5705 154.0675 -1.5415
v  3.8969 154.1888 -1.4803
v  5.5289 153.9782 -1.3530
v  7.1489 157.4100 -2.1433
v  7.5708 157.4633 -1.9999
v  7.7472 158.2432 -3.1790
v  7.5473 158.2179 -3.2470
v  7.4701 157.1286 -2.2814
v  7.6995 158.0846 -3.3124
v  11.7303 160.3651 -2.7548
v  11.3530 160.4593 -2.9789
v  11.6276 162.1631 -2.4881
v  11.8064 162.1184 -2.3819
v  11.3362 160.3667 -2.5401
v  11.6196 162.1192 -2.2802
v  15.4376 162.3884 -3.4830
v  15.1639 162.7175 -3.3481
v  16.2204 163.0153 -2.3236
v  16.3501 162.8593 -2.3875
v  15.1407 162.3131 -3.1549
v  16.2094 162.8237 -2.2321
v  17.4571 163.7089 -3.9249
v  17.4087 163.9070 -3.5251
v  18.8833 164.5884 -3.8167
v  18.9062 164.4945 -4.0062
v  17.6208 163.5126 -3.5559
v  18.9838 164.4015 -3.8313
v  -0.1999 149.7084 -0.9215
v  -2.8606 159.1327 -3.0283
v  -3.2915 159.0355 -2.8389
v  -0.5542 149.5455 -1.2020
v  -3.2059 158.9382 -3.3018
v  -6.5306 168.0063 -5.9345
v  -6.9496 167.8801 -5.7356
v  -6.8520 167.7540 -6.1890
v  -11.0693 176.1511 -9.5285
v  -11.4810 176.0118 -9.3239
v  -11.3762 175.8726 -9.7715
v  -11.1149 176.2327 -9.5646
v  -11.5265 176.0933 -9.3599
v  -11.4216 175.9539 -9.8075
v  -11.3785 175.8482 -9.2660
v  -10.9940 175.9784 -9.4572
v  -11.9096 177.3380 -10.0953
v  -12.0918 177.2763 -10.0047
v  -11.2805 175.7180 -9.6841
v  -12.0453 177.2146 -10.2028
v  -5.5892 165.0565 -4.7608
v  -5.5772 165.2305 -5.1744
v  -7.3311 165.3061 -5.0656
v  -7.3369 165.2236 -4.8697
v  -5.6230 164.7875 -5.1185
v  -7.3529 165.0962 -5.0392
v  -7.1031 168.6401 -6.0245
v  -7.1673 168.7881 -6.4433
v  -8.7802 169.1315 -5.9478
v  -8.7498 169.0614 -5.7493
v  -7.2593 168.3613 -6.3396
v  -8.8239 168.9293 -5.8986
v  -8.4598 171.3868 -7.4956
v  -8.8615 171.4562 -7.6833
v  -8.9052 172.8449 -6.7941
v  -8.7149 172.8120 -6.7051
v  -8.8317 171.2431 -7.2895
v  -8.8911 172.7439 -6.6074
v  -10.7824 174.7587 -9.2135
v  -10.7096 174.9615 -8.8198
v  -9.9714 176.0325 -9.6425
v  -10.0059 175.9363 -9.8290
v  -10.4058 174.6750 -8.9842
v  -9.8274 175.8967 -9.7204
v  -0.1888 149.6297 -0.9123
v  -0.5678 149.7048 -1.1978
v  -1.1458 159.1598 2.0582
v  -0.7658 159.0696 2.3385
v  -0.6328 149.5463 -0.7490
v  -1.2088 158.9694 2.4961
v  -1.9499 168.0697 6.5888
v  -1.5678 167.9556 6.8569
v  -2.0084 167.8288 7.0009
v  -2.6359 174.1532 10.4537
v  -2.2528 174.0298 10.7160
v  -2.6922 173.8929 10.8535
v  -2.2457 173.7977 10.5723
v  -2.5980 173.9175 10.3214
v  -2.6861 175.0905 11.2161
v  -2.5192 175.0337 11.3350
v  -2.6598 173.6743 10.6934
v  -2.7154 174.9752 11.3924
v  -1.1816 163.3983 4.5708
v  -1.5451 163.6272 4.4408
v  -1.8664 163.7034 5.8813
v  -1.6942 163.5949 5.9429
v  -1.5678 163.1824 4.4961
v  -1.8772 163.4926 5.9075
v  -1.5826 166.4275 5.7919
v  -1.8707 166.5558 6.1112
v  -0.3883 167.3593 6.9599
v  -0.2518 167.2985 6.8086
v  -1.6484 166.1681 6.1522
v  -0.2829 167.1756 6.9794
v  -2.2285 169.7975 7.7932
v  -2.1053 169.8580 8.2205
v  -1.4990 171.5926 7.6759
v  -1.5574 171.5639 7.4735
v  -1.8120 169.6929 7.9236
v  -1.3601 171.5143 7.5353
v  -2.3233 173.1225 10.3596
v  -2.3973 173.3914 10.0080
v  -3.5880 173.7653 10.6949
v  -3.5530 173.6379 10.8615
v  -2.5689 172.9768 10.0133
v  -3.6693 173.5688 10.6975
v  -0.5657 149.6242 -1.2107
v  -0.6229 149.7076 -0.7411
v  2.4141 159.1631 -2.0500
v  2.4660 159.0630 -2.5174
v  -0.2009 149.5491 -0.9072
v  2.8258 158.9727 -2.2118
v  6.6368 168.0669 -3.8700
v  6.6795 167.9474 -4.3334
v  7.0311 167.8398 -4.0243
v  7.6936 170.1331 -4.3255
v  7.7345 170.0101 -4.7881
v  8.0846 169.8994 -4.4783
v  7.6370 169.8177 -4.7264
v  7.6072 169.9287 -4.2925
v  8.4582 171.4005 -4.7324
v  8.4723 171.3479 -4.9379
v  7.9688 169.7102 -4.4439
v  8.6295 171.2970 -4.8041
v  3.8424 161.9328 -3.0903
v  3.9313 162.1572 -2.7119
v  5.5470 162.3793 -3.3632
v  5.5049 162.2730 -3.5425
v  4.0147 161.7169 -2.7365
v  5.5865 162.1707 -3.3749
v  5.3696 165.4837 -3.6829
v  5.7159 165.6619 -3.4598
v  6.3121 165.8151 -4.7445
v  6.1480 165.7307 -4.8503
v  5.7121 165.2234 -3.5551
v  6.3103 165.6073 -4.7897
v  7.2223 168.8282 -4.0081
v  7.4315 168.9074 -4.3972
v  6.6238 170.3770 -4.3963
v  6.5246 170.3395 -4.2119
v  7.0240 168.7195 -4.3958
v  6.4307 170.2879 -4.3956
v  0.0060 82.0052 -0.9072
v  -0.2903 82.1912 -0.6261
v  1.1016 83.0960 0.0543
v  1.2421 83.0079 -0.0789
v  -0.0695 81.8195 -0.5057
v  1.2062 82.9199 0.1113
v  -0.3452 85.8850 -0.8506
v  -0.1060 86.0756 -0.5222
v  0.7767 86.9226 -1.8178
v  0.6633 86.8323 -1.9734
v  0.0379 85.6959 -0.7132
v  0.8449 86.7427 -1.9083
v  -0.2073 90.3092 -0.4584
v  -0.0162 90.4968 -0.8186
v  -1.5337 91.3550 -1.0298
v  -1.6243 91.2662 -0.8592
v  -0.2575 90.1209 -0.8627
v  -1.6481 91.1770 -1.0507
v  0.0806 93.8378 -0.7379
v  -0.3133 94.0200 -0.8524
v  -0.1830 94.9999 0.7209
v  0.0036 94.9136 0.7751
v  -0.3023 93.6546 -0.5921
v  -0.1778 94.8267 0.8442
v  -0.0770 97.4279 -0.9718
v  -0.3572 97.6217 -0.6796
v  0.8428 98.2576 -0.1321
v  0.9755 98.1658 -0.2705
v  -0.1558 97.2346 -0.5746
v  0.9382 98.0742 -0.0823
v  -0.3968 100.7641 -0.9389
v  -0.2234 100.9381 -0.5633
v  0.6635 101.8744 -1.5474
v  0.5813 101.7920 -1.7254
v  -0.0210 100.5916 -0.7643
v  0.7594 101.7102 -1.6427
v  -0.3521 104.8701 -0.5411
v  -0.0742 105.0631 -0.8359
v  -1.2667 105.6957 -1.3662
v  -1.3984 105.6042 -1.2265
v  -0.2777 104.6767 -0.9392
v  -1.3631 105.5126 -1.4152
v  -0.0918 108.8726 -0.5871
v  -0.2434 109.0611 -0.9651
v  -1.3137 109.8351 -0.0101
v  -1.2418 109.7457 0.1690
v  -0.4302 108.6826 -0.8125
v  -1.4022 109.6557 0.0622
v  -0.0571 113.3049 -0.9421
v  -0.4500 113.4955 -0.8386
v  0.3494 114.2309 0.3300
v  0.5355 114.1406 0.2810
v  -0.3261 113.1138 -0.6378
v  0.4081 114.0500 0.4252
v  -0.5479 116.8639 -0.8807
v  -0.2025 117.0403 -0.6550
v  0.0045 117.8290 -1.8232
v  -0.1591 117.7454 -1.9301
v  -0.1372 116.6887 -0.9261
v  0.0355 117.6624 -1.9517
v  -0.4301 121.5530 -0.6051
v  -0.1399 121.7299 -0.8982
v  -1.4142 122.6521 -1.4228
v  -1.5518 122.5683 -1.2839
v  -0.3895 121.3758 -1.0154
v  -1.5325 122.4843 -1.4783
v  -0.0876 125.3243 -0.7922
v  -0.4345 125.5087 -1.0093
v  -0.6808 126.2503 0.2584
v  -0.5164 126.1629 0.3612
v  -0.4951 125.1386 -0.7628
v  -0.7095 126.0749 0.3752
v  -0.2499 128.8636 -1.1050
v  -0.5309 129.0453 -0.8059
v  0.6696 129.8357 -0.3354
v  0.8028 129.7496 -0.4771
v  -0.2907 128.6824 -0.6964
v  0.7834 129.6637 -0.2835
v  -0.5804 132.2242 -1.0397
v  -0.3571 132.3993 -0.6921
v  0.3137 133.2173 -1.6876
v  0.2078 133.1343 -1.8524
v  -0.1854 132.0505 -0.9163
v  0.3950 133.0520 -1.7939
v  -0.6318 136.5698 -0.7918
v  -0.2272 136.7574 -0.8421
v  -0.8987 137.5764 -2.1349
v  -1.0904 137.4875 -2.1111
v  -0.3304 136.3828 -1.0668
v  -0.9476 137.3989 -2.2414
v  -0.2530 141.0357 -0.7196
v  -0.4066 141.2211 -1.0983
v  -1.5724 142.1390 -0.0360
v  -1.4996 142.0511 0.1435
v  -0.5983 140.8488 -0.9370
v  -1.6632 141.9626 0.0405
v  -0.3313 144.5572 -1.1690
v  -0.6138 144.7363 -0.8698
v  0.7528 145.6983 -0.3326
v  0.8866 145.6134 -0.4744
v  -0.3667 144.3785 -0.7588
v  0.8698 145.5288 -0.2800
v  -0.6941 148.8683 -1.0594
v  -0.3992 149.0482 -0.7730
v  0.1671 150.0226 -2.1533
v  0.0273 149.9373 -2.2890
v  -0.2845 148.6897 -1.0174
v  0.2214 149.8527 -2.2691
# 3890 vertices

vn -0.1653 0.9816 -0.0953
vn -0.7462 0.6657 0.0000
vn -0.6894 0.6657 0.2856
vn -0.2735 -0.6994 -0.6603
vn -0.6571 0.7538 -0.0000
vn -0.6071 0.7538 0.2515
vn 0.4395 0.8982 0.0000
vn 0.4061 0.8982 -0.1682
vn 0.9363 0.3513 0.0000
vn 0.8650 0.3513 -0.3583
vn 0.8617 0.5075 -0.0000
vn 0.7961 0.5074 -0.3298
vn 0.7688 0.6395 0.0000
vn 0.7103 0.6395 -0.2942
vn 0.9549 0.2969 -0.0000
vn 0.8822 0.2969 -0.3654
vn 0.9965 0.0833 -0.0000
vn 0.9207 0.0833 -0.3814
vn 0.9971 -0.0761 0.0000
vn 0.9212 -0.0761 -0.3816
vn 0.9704 -0.2415 -0.0000
vn 0.8965 -0.2415 -0.3714
vn 0.9759 -0.2184 -0.0000
vn 0.9016 -0.2184 -0.3734
vn 0.7196 -0.6944 -0.0000
vn 0.6648 -0.6944 -0.2754
vn 0.0000 -1.0000 -0.0000
vn -0.5276 0.6657 0.5276
vn 0.3953 -0.5443 0.7399
vn -0.4647 0.7538 0.4647
vn 0.3108 0.8982 -0.3108
vn 0.6620 0.3513 -0.6620
vn 0.6093 0.5074 -0.6093
vn 0.5436 0.6395 -0.5436
vn 0.6752 0.2969 -0.6752
vn 0.7046 0.0833 -0.7046
vn 0.7051 -0.0761 -0.7051
vn 0.6862 -0.2415 -0.6862
vn 0.6900 -0.2184 -0.6900
vn 0.5088 -0.6944 -0.5088
vn -0.2856 0.6657 0.6894
vn -0.2515 0.7538 0.6071
vn 0.1682 0.8982 -0.4061
vn 0.3583 0.3513 -0.8650
vn 0.3298 0.5075 -0.7961
vn 0.2942 0.6395 -0.7103
vn 0.3654 0.2969 -0.8822
vn 0.3814 0.0833 -0.9207
vn 0.3816 -0.0761 -0.9212
vn 0.3714 -0.2415 -0.8965
vn 0.3734 -0.2184 -0.9016
vn 0.2754 -0.6944 -0.6648
vn -0.0000 0.6657 0.7462
vn -0.0000 0.7537 0.6572
vn 0.0000 0.8982 -0.4395
vn 0.0000 0.3514 -0.9362
vn -0.0000 0.5075 -0.8617
vn 0.0000 0.6395 -0.7688
vn -0.0000 0.2969 -0.9549
vn 0.0000 0.0833 -0.9965
vn -0.0000 -0.0761 -0.9971
vn -0.0000 -0.2415 -0.9704
vn -0.0000 -0.2184 -0.9759
vn -0.0000 -0.6944 -0.7196
vn 0.2856 0.6657 0.6894
vn 0.2515 0.7538 0.6071
vn -0.1682 0.8982 -0.4061
vn -0.3583 0.3514 -0.8650
vn -0.3298 0.5074 -0.7961
vn -0.2942 0.6395 -0.7103
vn -0.3654 0.2969 -0.8822
vn -0.3814 0.0833 -0.9207
vn -0.3816 -0.0761 -0.9212
vn -0.3714 -0.2415 -0.8965
vn -0.3734 -0.2184 -0.9016
vn -0.2754 -0.6944 -0.6648
vn 0.5276 0.6657 0.5276
vn 0.4646 0.7538 0.4647
vn -0.3108 0.8982 -0.3108
vn -0.6620 0.3513 -0.6620
vn -0.6093 0.5074 -0.6093
vn -0.5436 0.6395 -0.5436
vn -0.6752 0.2969 -0.6752
vn -0.7046 0.0833 -0.7046
vn -0.7051 -0.0761 -0.7051
vn -0.6862 -0.2415 -0.6862
vn -0.6900 -0.2184 -0.6900
vn -0.5088 -0.6944 -0.5088
vn 0.0000 1.0000 -0.0000
vn 0.6894 0.6657 0.2856
vn 0.6072 0.7537 0.2515
vn -0.4061 0.8982 -0.1682
vn -0.8650 0.3513 -0.3583
vn -0.7961 0.5074 -0.3298
vn -0.7103 0.6395 -0.2942
vn -0.8822 0.2969 -0.3654
vn -0.9207 0.0833 -0.3814
vn -0.9212 -0.0761 -0.3816
vn -0.8965 -0.2415 -0.3714
vn -0.9016 -0.2184 -0.3734
vn -0.6648 -0.6944 -0.2754
vn 0.7462 0.6658 -0.0000
vn 0.6571 0.7538 -0.0000
vn -0.4395 0.8982 0.0000
vn -0.9363 0.3513 -0.0000
vn -0.8617 0.5074 -0.0000
vn -0.7688 0.6395 0.0000
vn -0.9549 0.2969 0.0000
vn -0.9965 0.0833 0.0000
vn -0.9971 -0.0761 0.0000
vn -0.9704 -0.2415 0.0000
vn -0.9759 -0.2184 0.0000
vn -0.7196 -0.6944 0.0000
vn 0.6894 0.6657 -0.2856
vn 0.6071 0.7538 -0.2515
vn -0.4061 0.8982 0.1682
vn -0.8650 0.3513 0.3583
vn -0.7961 0.5074 0.3298
vn -0.7103 0.6395 0.2942
vn -0.8822 0.2969 0.3654
vn -0.9207 0.0833 0.3814
vn -0.9212 -0.0761 0.3816
vn -0.8965 -0.2415 0.3714
vn -0.9016 -0.2184 0.3734
vn -0.6648 -0.6944 0.2754
vn 0.5276 0.6657 -0.5276
vn 0.4647 0.7538 -0.4647
vn -0.3108 0.8982 0.3108
vn -0.6620 0.3513 0.6620
vn -0.6093 0.5074 0.6093
vn -0.5436 0.6395 0.5436
vn -0.6752 0.2969 0.6752
vn -0.7046 0.0833 0.7046
vn -0.7051 -0.0761 0.7051
vn -0.6862 -0.2415 0.6862
vn -0.6900 -0.2184 0.6900
vn -0.5088 -0.6944 0.5088
vn 0.2856 0.6657 -0.6894
vn 0.2515 0.7538 -0.6071
vn -0.1682 0.8982 0.4061
vn -0.3583 0.3514 0.8650
vn -0.3298 0.5074 0.7961
vn -0.2942 0.6395 0.7103
vn -0.3654 0.2969 0.8822
vn -0.3814 0.0833 0.9207
vn -0.3816 -0.0761 0.9212
vn -0.3714 -0.2415 0.8965
vn -0.3734 -0.2184 0.9016
vn -0.2754 -0.6944 0.6648
vn -0.0000 0.6657 -0.7462
vn 0.0000 0.7538 -0.6571
vn -0.0000 0.8982 0.4395
vn -0.0000 0.3513 0.9363
vn -0.0000 0.5074 0.8617
vn 0.0000 0.6395 0.7688
vn 0.0000 0.2969 0.9549
vn 0.0000 0.0833 0.9965
vn 0.0000 -0.0761 0.9971
vn 0.0000 -0.2415 0.9704
vn 0.0000 -0.2184 0.9759
vn 0.0000 -0.6944 0.7196
vn -0.2856 0.6658 -0.6894
vn -0.2515 0.7538 -0.6071
vn 0.1682 0.8982 0.4061
vn 0.3583 0.3513 0.8650
vn 0.3298 0.5074 0.7961
vn 0.2942 0.6395 0.7103
vn 0.3654 0.2969 0.8822
vn 0.3814 0.0833 0.9207
vn 0.3816 -0.0761 0.9212
vn 0.3714 -0.2415 0.8965
vn 0.3734 -0.2184 0.9016
vn 0.2754 -0.6944 0.6648
vn -0.5276 0.6657 -0.5276
vn -0.4647 0.7538 -0.4647
vn 0.3108 0.8982 0.3108
vn 0.6620 0.3513 0.6620
vn 0.6093 0.5075 0.6093
vn 0.5436 0.6395 0.5436
vn 0.6752 0.2969 0.6752
vn 0.7046 0.0833 0.7046
vn 0.7051 -0.0761 0.7051
vn 0.6862 -0.2415 0.6862
vn 0.6900 -0.2184 0.6900
vn 0.5088 -0.6944 0.5088
vn -0.6894 0.6657 -0.2856
vn -0.6071 0.7538 -0.2515
vn 0.4061 0.8982 0.1682
vn 0.8650 0.3514 0.3583
vn 0.7961 0.5074 0.3297
vn 0.7103 0.6395 0.2942
vn 0.8822 0.2969 0.3654
vn 0.9207 0.0833 0.3814
vn 0.9212 -0.0761 0.3816
vn 0.8965 -0.2415 0.3714
vn 0.9016 -0.2184 0.3734
vn 0.6648 -0.6944 0.2754
vn -0.5439 0.8073 0.2288
vn -0.6577 0.7064 0.2617
vn -0.5857 0.6941 0.4185
vn -0.4746 0.7901 0.3880
vn -0.5871 0.8073 0.0599
vn -0.6985 0.7093 0.0949
vn -0.7518 0.5922 0.2898
vn -0.6834 0.5755 0.4492
vn -0.7975 0.5910 0.1216
vn -0.3312 0.9295 0.1624
vn -0.4209 0.8827 0.2091
vn -0.3326 0.8726 0.3577
vn -0.2442 0.9178 0.3131
vn -0.4028 0.9153 0.0041
vn -0.4899 0.8703 0.0505
vn -0.5036 0.8264 0.2518
vn -0.4168 0.8150 0.4025
vn -0.5751 0.8127 0.0934
vn 0.1032 0.8979 -0.4279
vn -0.0401 0.9581 -0.2837
vn 0.0795 0.9822 -0.1702
vn 0.2293 0.9227 -0.3100
vn -0.0101 0.8367 -0.5476
vn -0.1412 0.8991 -0.4143
vn -0.1920 0.9702 -0.1479
vn -0.0724 0.9971 -0.0241
vn -0.3059 0.9138 -0.2673
vn -0.6302 0.7488 0.2053
vn -0.6267 0.7716 0.1088
vn -0.7558 0.6437 0.1197
vn -0.7540 0.6254 0.2008
vn -0.4868 0.8484 0.2078
vn -0.4914 0.8653 0.0991
vn -0.6429 0.7659 0.0105
vn -0.7657 0.6428 0.0236
vn -0.5006 0.8657 -0.0029
vn -0.7522 0.6310 0.1899
vn -0.8137 0.5459 0.1998
vn -0.7618 0.5350 0.3653
vn -0.7016 0.6171 0.3562
vn -0.7763 0.6302 0.0172
vn -0.8368 0.5468 0.0284
vn -0.8648 0.4567 0.2086
vn -0.8139 0.4440 0.3748
vn -0.8895 0.4555 0.0361
vn -0.1389 0.9757 -0.1695
vn -0.2544 0.9627 -0.0920
vn -0.1683 0.9843 0.0526
vn -0.0495 0.9985 -0.0216
vn -0.2155 0.9234 -0.3176
vn -0.3245 0.9135 -0.2455
vn -0.3690 0.9290 -0.0268
vn -0.2838 0.9508 0.1238
vn -0.4429 0.8790 -0.1765
vn 0.3597 0.8034 -0.4746
vn 0.2247 0.8528 -0.4715
vn 0.2302 0.9191 -0.3199
vn 0.3752 0.8718 -0.3148
vn 0.3431 0.7061 -0.6194
vn 0.2242 0.7519 -0.6200
vn 0.0845 0.8702 -0.4854
vn 0.0873 0.9412 -0.3263
vn 0.0792 0.7727 -0.6298
vn -0.3923 0.9146 0.0981
vn -0.5396 0.8416 0.0239
vn -0.5716 0.7981 0.1903
vn -0.4328 0.8631 0.2603
vn -0.3255 0.9436 -0.0603
vn -0.4760 0.8698 -0.1296
vn -0.6695 0.7420 -0.0356
vn -0.7092 0.6934 0.1270
vn -0.6094 0.7679 -0.1972
vn -0.0272 0.7648 0.6437
vn -0.0635 0.7091 0.7023
vn 0.1006 0.6617 0.7430
vn 0.1338 0.7139 0.6873
vn -0.1857 0.7948 0.5777
vn -0.2202 0.7377 0.6382
vn -0.0929 0.6475 0.7564
vn 0.0700 0.6004 0.7966
vn -0.2530 0.6749 0.6931
vn 0.0489 0.9906 0.1274
vn 0.1368 0.9610 0.2402
vn 0.2679 0.9548 0.1290
vn 0.1838 0.9828 0.0171
vn -0.0940 0.9698 0.2252
vn -0.0079 0.9427 0.3336
vn 0.2244 0.9072 0.3557
vn 0.3603 0.8996 0.2469
vn 0.0816 0.8874 0.4538
vn 0.2317 0.9016 0.3653
vn 0.3675 0.8940 0.2563
vn 0.0888 0.8818 0.4631
vn -0.4970 0.8433 -0.2044
vn -0.3312 0.9434 -0.0156
vn -0.2145 0.9684 -0.1274
vn -0.3736 0.8689 -0.3248
vn -0.6267 0.7723 -0.1041
vn -0.4747 0.8779 0.0624
vn -0.1562 0.9659 0.2067
vn -0.0256 0.9950 0.0964
vn -0.2835 0.9070 0.3114
vn -0.1401 0.9638 0.2266
vn -0.0084 0.9932 0.1164
vn -0.2676 0.9052 0.3300
vn -0.1083 0.7881 0.6060
vn -0.1631 0.7672 0.6204
vn -0.0702 0.6711 0.7380
vn -0.0236 0.6905 0.7230
vn -0.1885 0.8623 0.4701
vn -0.2457 0.8369 0.4892
vn -0.2109 0.7375 0.6416
vn -0.1168 0.6448 0.7554
vn -0.2985 0.8078 0.5083
vn -0.1270 0.5925 0.7955
vn -0.1638 0.5191 0.8389
vn 0.0013 0.4747 0.8801
vn 0.0345 0.5432 0.8389
vn -0.2830 0.6271 0.7257
vn -0.3178 0.5515 0.7712
vn -0.1921 0.4411 0.8767
vn -0.0284 0.3971 0.9173
vn -0.3500 0.4716 0.8094
vn 0.0922 0.9323 0.3498
vn 0.1418 0.8990 0.4143
vn 0.2818 0.9066 0.3140
vn 0.2338 0.9400 0.2484
vn -0.0544 0.8976 0.4375
vn -0.0073 0.8662 0.4996
vn 0.1857 0.8591 0.4769
vn 0.3284 0.8660 0.3770
vn 0.0374 0.8260 0.5624
vn 0.5231 0.6211 0.5836
vn 0.3907 0.6726 0.6285
vn 0.4347 0.5251 0.7316
vn 0.5389 0.4820 0.6908
vn 0.5007 0.7369 0.4542
vn 0.3487 0.7804 0.5190
vn 0.2542 0.6696 0.6979
vn 0.2918 0.5304 0.7959
vn 0.2088 0.7884 0.5787
vn -0.3123 0.6782 0.6652
vn -0.3712 0.6364 0.6762
vn -0.2587 0.5560 0.7899
vn -0.2091 0.5934 0.7773
vn -0.4043 0.7437 0.5323
vn -0.4648 0.6950 0.5486
vn -0.4180 0.5842 0.6957
vn -0.3059 0.5081 0.8052
vn -0.5175 0.6426 0.5650
vn 0.1160 0.9304 0.3477
vn 0.0718 0.8932 0.4440
vn 0.2352 0.8431 0.4836
vn 0.2760 0.8774 0.3924
vn -0.0452 0.9570 0.2867
vn -0.0867 0.9188 0.3850
vn 0.0352 0.8440 0.5351
vn 0.1969 0.7934 0.5760
vn -0.1276 0.8690 0.4780
vn 0.6899 0.7133 -0.1237
vn 0.7840 0.6137 -0.0931
vn 0.7743 0.5752 -0.2639
vn 0.6850 0.6675 -0.2920
vn 0.6664 0.7441 0.0463
vn 0.7624 0.6430 0.0730
vn 0.8613 0.5031 -0.0711
vn 0.8540 0.4615 -0.2403
vn 0.8424 0.5294 0.1001
vn 0.4533 0.8362 -0.3086
vn 0.4951 0.8027 -0.3325
vn 0.3961 0.7859 -0.4749
vn 0.3553 0.8184 -0.4516
vn 0.5363 0.8296 -0.1554
vn 0.5773 0.7965 -0.1795
vn 0.5344 0.7668 -0.3557
vn 0.4353 0.7499 -0.4981
vn 0.6172 0.7603 -0.2024
vn -0.2220 0.8141 0.5366
vn -0.0506 0.9055 0.4212
vn -0.1420 0.9460 0.2915
vn -0.3248 0.8560 0.4021
vn -0.1330 0.7330 0.6671
vn 0.0186 0.8255 0.5640
vn 0.1387 0.9383 0.3169
vn 0.0456 0.9832 0.1765
vn 0.2275 0.8648 0.4476
vn 0.6006 0.7570 -0.2572
vn 0.6185 0.7663 -0.1740
vn 0.7360 0.6382 -0.2257
vn 0.7168 0.6321 -0.2944
vn 0.4652 0.8587 -0.2150
vn 0.4923 0.8616 -0.1235
vn 0.6520 0.7521 -0.0959
vn 0.7630 0.6289 -0.1496
vn 0.5212 0.8525 -0.0394
vn 0.8227 0.5270 0.2134
vn 0.8584 0.4371 0.2686
vn 0.9172 0.3827 0.1110
vn 0.8831 0.4650 0.0620
vn 0.7349 0.5777 0.3552
vn 0.7743 0.4831 0.4087
vn 0.8878 0.3403 0.3099
vn 0.9456 0.2862 0.1545
vn 0.8030 0.3840 0.4557
vn 0.4634 0.8422 -0.2757
vn 0.5135 0.7958 -0.3210
vn 0.3995 0.7980 -0.4511
vn 0.3488 0.8442 -0.4070
vn 0.5616 0.8165 -0.1340
vn 0.6101 0.7722 -0.1776
vn 0.5612 0.7447 -0.3612
vn 0.4473 0.7461 -0.4932
vn 0.6580 0.7207 -0.2183
vn -0.2184 0.8127 0.5401
vn -0.0746 0.8636 0.4987
vn -0.1164 0.9284 0.3529
vn -0.2725 0.8802 0.3886
vn -0.1697 0.7154 0.6778
vn -0.0423 0.7636 0.6443
vn 0.0783 0.8774 0.4734
vn 0.0371 0.9470 0.3191
vn 0.1172 0.7810 0.6134
vn 0.6839 0.7277 -0.0527
vn 0.7048 0.7094 -0.0012
vn 0.7941 0.5979 -0.1094
vn 0.7739 0.6151 -0.1509
vn 0.5726 0.8185 0.0461
vn 0.5994 0.7942 0.1001
vn 0.7323 0.6798 0.0412
vn 0.8166 0.5732 -0.0679
vn 0.6256 0.7658 0.1490
vn 0.3883 0.9012 -0.1926
vn 0.5420 0.8263 -0.1532
vn 0.5352 0.7809 -0.3223
vn 0.3905 0.8477 -0.3591
vn 0.3598 0.9327 -0.0236
vn 0.5158 0.8567 0.0105
vn 0.6760 0.7263 -0.1246
vn 0.6768 0.6760 -0.2915
vn 0.6547 0.7545 0.0461
vn 0.0591 0.7270 -0.6841
vn 0.0989 0.6506 -0.7529
vn -0.0685 0.6119 -0.7880
vn -0.1054 0.6834 -0.7224
vn 0.2196 0.7524 -0.6210
vn 0.2569 0.6751 -0.6915
vn 0.1303 0.5670 -0.8133
vn -0.0357 0.5273 -0.8489
vn 0.2923 0.5895 -0.7530
vn 0.2206 0.9742 0.0477
vn 0.0877 0.9937 -0.0700
vn -0.0230 0.9980 0.0586
vn 0.1052 0.9783 0.1783
vn 0.3412 0.9371 -0.0733
vn 0.2141 0.9593 -0.1842
vn -0.0440 0.9796 -0.1963
vn -0.1626 0.9843 -0.0689
vn 0.0762 0.9451 -0.3179
vn -0.0516 0.9777 -0.2036
vn -0.1704 0.9824 -0.0761
vn 0.0687 0.9433 -0.3248
vn 0.5430 0.7979 0.2617
vn 0.3887 0.9142 0.1149
vn 0.2813 0.9290 0.2405
vn 0.4296 0.8129 0.3932
vn 0.6574 0.7404 0.1400
vn 0.5150 0.8572 0.0087
vn 0.2348 0.9708 -0.0494
vn 0.1153 0.9904 0.0760
vn 0.3472 0.9216 -0.1732
vn 0.2342 0.7737 -0.5887
vn 0.3304 0.7397 -0.5862
vn 0.2584 0.6431 -0.7209
vn 0.1758 0.6726 -0.7188
vn 0.2807 0.8528 -0.4403
vn 0.3830 0.8095 -0.4449
vn 0.4299 0.6741 -0.6007
vn 0.3564 0.5820 -0.7310
vn 0.4893 0.7444 -0.4543
vn 0.4444 0.6626 -0.6029
vn 0.3696 0.5724 -0.7320
vn 0.5056 0.7327 -0.4555
vn -0.0721 0.5850 -0.8078
vn -0.0664 0.5193 -0.8520
vn -0.2387 0.4984 -0.8334
vn -0.2440 0.5613 -0.7908
vn 0.1017 0.5935 -0.7984
vn 0.1061 0.5281 -0.8425
vn -0.0626 0.4514 -0.8901
vn -0.2346 0.4302 -0.8717
vn 0.1113 0.4589 -0.8815
vn -0.0411 0.9502 -0.3088
vn -0.1082 0.9060 -0.4093
vn -0.2528 0.9137 -0.3180
vn -0.1887 0.9579 -0.2164
vn 0.1122 0.9161 -0.3849
vn 0.0480 0.8753 -0.4812
vn -0.1672 0.8455 -0.5071
vn -0.3162 0.8521 -0.4171
vn -0.0129 0.8133 -0.5817
vn -0.1689 0.8435 -0.5099
vn -0.3180 0.8500 -0.4199
vn -0.0146 0.8113 -0.5844
vn -0.6219 0.5524 -0.5551
vn -0.4906 0.6302 -0.6018
vn -0.5229 0.4781 -0.7057
vn -0.6219 0.4132 -0.6653
vn -0.6130 0.6674 -0.4228
vn -0.4569 0.7395 -0.4944
vn -0.3450 0.6452 -0.6817
vn -0.3684 0.5040 -0.7812
vn -0.3111 0.7668 -0.5615
vn -0.0855 0.9223 -0.3769
vn -0.0156 0.8717 -0.4899
vn -0.1751 0.8214 -0.5428
vn -0.2402 0.8672 -0.4362
vn 0.0667 0.9523 -0.2976
vn 0.1334 0.9006 -0.4137
vn 0.0428 0.8029 -0.5946
vn -0.1137 0.7506 -0.6509
vn 0.1980 0.8307 -0.5204
vn -0.6838 0.7136 0.1524
vn -0.7680 0.6284 0.1237
vn -0.7577 0.5830 0.2932
vn -0.6784 0.6619 0.3189
vn -0.6629 0.7485 -0.0171
vn -0.7490 0.6612 -0.0423
vn -0.8394 0.5337 0.1032
vn -0.8305 0.4868 0.2709
vn -0.8228 0.5643 -0.0676
vn -0.2254 0.9553 0.1915
vn -0.3018 0.9103 0.2832
vn -0.1659 0.9061 0.3892
vn -0.0893 0.9497 0.3003
vn -0.3495 0.9343 0.0708
vn -0.4229 0.8919 0.1603
vn -0.3734 0.8523 0.3663
vn -0.2381 0.8465 0.4761
vn -0.4973 0.8322 0.2454
vn 0.4107 0.7188 -0.5610
vn 0.1985 0.8611 -0.4681
vn 0.2630 0.9069 -0.3291
vn 0.4916 0.7663 -0.4136
vn 0.3480 0.6213 -0.7021
vn 0.1710 0.7661 -0.6196
vn -0.0478 0.9195 -0.3901
vn 0.0203 0.9710 -0.2382
vn -0.1146 0.8401 -0.5303
vn -0.0493 0.9197 -0.3896
vn 0.0188 0.9712 -0.2376
vn -0.1159 0.8402 -0.5297
vn -0.6239 0.7774 0.0804
vn -0.6554 0.7551 0.0170
vn -0.7462 0.6524 0.1327
vn -0.7162 0.6729 0.1852
vn -0.5114 0.8590 -0.0251
vn -0.5498 0.8304 -0.0904
vn -0.6940 0.7192 -0.0347
vn -0.7800 0.6206 0.0805
vn -0.5869 0.7959 -0.1488
vn -0.8450 0.4641 0.2655
vn -0.8765 0.4019 0.2649
vn -0.8205 0.3780 0.4288
vn -0.7904 0.4374 0.4289
vn -0.8728 0.4789 0.0941
vn -0.9042 0.4164 0.0948
vn -0.9028 0.3384 0.2656
vn -0.8467 0.3149 0.4289
vn -0.9314 0.3517 0.0941
vn -0.3143 0.9364 0.1564
vn -0.3722 0.8993 0.2296
vn -0.2416 0.9084 0.3412
vn -0.1820 0.9457 0.2695
vn -0.4339 0.9003 0.0348
vn -0.4897 0.8656 0.1045
vn -0.4294 0.8535 0.2953
vn -0.2985 0.8618 0.4101
vn -0.5473 0.8192 0.1715
vn -0.4481 0.6117 0.6520
vn -0.5006 0.6478 0.5743
vn -0.5971 0.5006 0.6268
vn -0.5506 0.4745 0.6869
vn -0.3298 0.7290 0.5998
vn -0.3995 0.7601 0.5125
vn -0.5710 0.6513 0.4998
vn -0.6584 0.5102 0.5533
vn -0.4662 0.7725 0.4312
vn -0.3637 0.9039 0.2252
vn -0.5035 0.8396 0.2040
vn -0.4842 0.7921 0.3716
vn -0.3525 0.8502 0.3910
vn -0.3522 0.9344 0.0539
vn -0.4937 0.8688 0.0374
vn -0.6276 0.7548 0.1907
vn -0.6137 0.7043 0.3569
vn -0.6224 0.7825 0.0186
vn -0.0467 0.7467 0.6635
vn -0.0783 0.6618 0.7456
vn 0.0926 0.6346 0.7673
vn 0.1229 0.7148 0.6884
vn -0.2130 0.7609 0.6129
vn -0.2419 0.6763 0.6957
vn -0.1032 0.5687 0.8160
vn 0.0670 0.5394 0.8394
vn -0.2703 0.5808 0.7679
vn 0.0482 0.9722 0.2292
vn 0.0760 0.9451 0.3178
vn 0.2392 0.9354 0.2604
vn 0.2129 0.9616 0.1731
vn -0.1194 0.9543 0.2738
vn -0.0917 0.9284 0.3600
vn 0.1018 0.9100 0.4020
vn 0.2665 0.8996 0.3459
vn -0.0660 0.8927 0.4459
vn 0.4035 0.6152 0.6773
vn 0.2817 0.6983 0.6581
vn 0.2430 0.5707 0.7844
vn 0.3434 0.4992 0.7955
vn 0.4606 0.7055 0.5387
vn 0.3168 0.7875 0.5287
vn 0.1365 0.7374 0.6615
vn 0.0946 0.6175 0.7808
vn 0.1743 0.8350 0.5220
vn -0.2855 0.7699 0.5707
vn -0.3373 0.7463 0.5738
vn -0.2642 0.6552 0.7078
vn -0.2195 0.6768 0.7026
vn -0.3415 0.8401 0.4214
vn -0.3961 0.8123 0.4282
vn -0.3836 0.7153 0.5842
vn -0.3088 0.6274 0.7148
vn -0.4467 0.7814 0.4358
vn -0.2721 0.5061 0.8184
vn -0.3007 0.4341 0.8492
vn -0.1375 0.4027 0.9050
vn -0.1112 0.4706 0.8753
vn -0.4236 0.5292 0.7352
vn -0.4506 0.4562 0.7674
vn -0.3226 0.3598 0.8755
vn -0.1603 0.3285 0.9308
vn -0.4751 0.3800 0.7936
vn 0.0127 0.9146 0.4042
vn 0.0341 0.8843 0.4658
vn 0.1988 0.8888 0.4130
vn 0.1787 0.9191 0.3512
vn -0.1545 0.8833 0.4426
vn -0.1343 0.8545 0.5019
vn 0.0522 0.8496 0.5248
vn 0.2185 0.8537 0.4728
vn -0.1157 0.8198 0.5608
vn -0.3696 0.9141 -0.1669
vn -0.2755 0.9595 0.0583
vn -0.1275 0.9918 -0.0050
vn -0.2136 0.9478 -0.2369
vn -0.5254 0.8422 -0.1212
vn -0.4377 0.8953 0.0826
vn -0.1962 0.9387 0.2836
vn -0.0361 0.9738 0.2246
vn -0.3506 0.8750 0.3339
vn -0.1957 0.9383 0.2850
vn -0.0354 0.9735 0.2261
vn -0.3500 0.8747 0.3353
vn 0.0196 0.9265 0.3757
vn -0.0709 0.8698 0.4882
vn 0.0819 0.8241 0.5606
vn 0.1670 0.8751 0.4541
vn -0.1211 0.9533 0.2765
vn -0.2083 0.8959 0.3924
vn -0.1475 0.7923 0.5920
vn 0.0014 0.7436 0.6686
vn -0.2918 0.8169 0.4975
vn 0.6490 0.7597 -0.0406
vn 0.7245 0.6886 0.0302
vn 0.7735 0.6211 -0.1260
vn 0.7030 0.6856 -0.1891
vn 0.5702 0.8148 0.1048
vn 0.6508 0.7392 0.1735
vn 0.7929 0.6031 0.0863
vn 0.8421 0.5352 -0.0665
vn 0.7197 0.6528 0.2365
vn 0.2164 0.9474 -0.2358
vn 0.2918 0.8996 -0.3249
vn 0.1539 0.8903 -0.4286
vn 0.0790 0.9362 -0.3425
vn 0.3422 0.9324 -0.1161
vn 0.4148 0.8868 -0.2036
vn 0.3736 0.8267 -0.4207
vn 0.2364 0.8160 -0.5276
vn 0.4993 0.8125 -0.3008
vn 0.3857 0.8137 -0.4349
vn 0.2484 0.8030 -0.5417
vn 0.5113 0.7997 -0.3148
vn -0.0220 0.8398 0.5424
vn 0.1125 0.9354 0.3351
vn -0.0239 0.9674 0.2521
vn -0.1702 0.8731 0.4568
vn 0.1076 0.7621 0.6385
vn 0.2244 0.8634 0.4519
vn 0.2657 0.9551 0.1313
vn 0.1245 0.9916 0.0360
vn 0.3989 0.8895 0.2228
vn 0.2667 0.9550 0.1299
vn 0.1255 0.9915 0.0345
vn 0.3998 0.8895 0.2215
vn 0.6842 0.7276 -0.0493
vn 0.7167 0.6973 -0.0125
vn 0.7713 0.6158 -0.1607
vn 0.7413 0.6434 -0.1909
vn 0.6055 0.7904 0.0929
vn 0.6421 0.7557 0.1292
vn 0.7509 0.6602 0.0150
vn 0.8023 0.5821 -0.1321
vn 0.6767 0.7183 0.1616
vn 0.8393 0.5436 -0.0140
vn 0.8846 0.4658 0.0218
vn 0.8988 0.4132 -0.1461
vn 0.8563 0.4850 -0.1774
vn 0.7943 0.5892 0.1481
vn 0.8422 0.5077 0.1816
vn 0.9227 0.3825 0.0481
vn 0.9363 0.3309 -0.1179
vn 0.8811 0.4224 0.2126
vn 0.3704 0.8933 -0.2545
vn 0.4194 0.8503 -0.3178
vn 0.2870 0.8570 -0.4280
vn 0.2366 0.9000 -0.3660
vn 0.4905 0.8613 -0.1323
vn 0.5379 0.8207 -0.1927
vn 0.4674 0.8008 -0.3745
vn 0.3347 0.8066 -0.4873
vn 0.5860 0.7707 -0.2503
vn 0.4628 0.6415 -0.6118
vn 0.5263 0.6888 -0.4986
vn 0.6250 0.5452 -0.5587
vn 0.5690 0.5062 -0.6481
vn 0.3376 0.7538 -0.5638
vn 0.4215 0.7943 -0.4375
vn 0.6126 0.6891 -0.3872
vn 0.7062 0.5528 -0.4423
vn 0.5003 0.8044 -0.3203
vn 0.3430 0.9098 -0.2337
vn 0.4805 0.8490 -0.2199
vn 0.4552 0.8020 -0.3868
vn 0.3255 0.8571 -0.3993
vn 0.3391 0.9387 -0.0619
vn 0.4778 0.8769 -0.0526
vn 0.6031 0.7687 -0.2128
vn 0.5828 0.7190 -0.3787
vn 0.6051 0.7951 -0.0405
vn 0.1918 0.6843 -0.7036
vn 0.2407 0.5982 -0.7643
vn 0.0792 0.5634 -0.8224
vn 0.0333 0.6441 -0.7642
vn 0.3415 0.7085 -0.6176
vn 0.3881 0.6216 -0.6804
vn 0.2794 0.5053 -0.8165
vn 0.1194 0.4689 -0.8752
vn 0.4310 0.5263 -0.7330
vn 0.1248 0.9920 -0.0173
vn 0.0579 0.9847 -0.1643
vn -0.0969 0.9909 -0.0936
vn -0.0343 0.9980 0.0537
vn 0.2855 0.9554 -0.0753
vn 0.2210 0.9512 -0.2151
vn -0.0053 0.9477 -0.3191
vn -0.1658 0.9534 -0.2519
vn 0.1558 0.9132 -0.3766
vn -0.0106 0.9432 -0.3320
vn -0.1714 0.9490 -0.2648
vn 0.1505 0.9089 -0.3890
vn -0.6059 0.5387 -0.5854
vn -0.4734 0.6324 -0.6131
vn -0.4853 0.4850 -0.7275
vn -0.5850 0.4058 -0.7022
vn -0.6196 0.6455 -0.4466
vn -0.4591 0.7365 -0.4968
vn -0.3171 0.6642 -0.6769
vn -0.3189 0.5287 -0.7866
vn -0.3056 0.7795 -0.5467
vn 0.1084 0.7712 -0.6273
vn 0.2101 0.7680 -0.6050
vn 0.1888 0.6466 -0.7391
vn 0.1023 0.6497 -0.7532
vn 0.1061 0.8692 -0.4829
vn 0.2196 0.8567 -0.4666
vn 0.3094 0.7348 -0.6036
vn 0.2870 0.6186 -0.7314
vn 0.3225 0.8288 -0.4573
vn 0.4590 0.4562 -0.7624
vn 0.4865 0.3990 -0.7772
vn 0.3410 0.3613 -0.8679
vn 0.3160 0.4150 -0.8532
vn 0.5872 0.4853 -0.6479
vn 0.6138 0.4265 -0.6643
vn 0.5083 0.3401 -0.7912
vn 0.3633 0.3037 -0.8808
vn 0.6379 0.3662 -0.6775
vn 0.2916 0.9562 0.0250
vn 0.2510 0.9642 -0.0855
vn 0.0917 0.9952 -0.0355
vn 0.1290 0.9885 0.0788
vn 0.4476 0.8940 -0.0228
vn 0.4114 0.9027 -0.1260
vn 0.2207 0.9553 -0.1967
vn 0.0564 0.9873 -0.1483
vn 0.3784 0.8942 -0.2391
vn -0.2015 0.6569 -0.7265
vn -0.0489 0.6966 -0.7157
vn -0.0644 0.5530 -0.8307
vn -0.1883 0.5178 -0.8345
vn -0.2209 0.7719 -0.5961
vn -0.0442 0.8018 -0.5960
vn 0.1114 0.6797 -0.7250
vn 0.1031 0.5433 -0.8332
vn 0.1162 0.7955 -0.5948
vn 0.0077 0.9067 -0.4218
vn 0.1031 0.8451 -0.5245
vn -0.0459 0.7963 -0.6032
vn -0.1351 0.8519 -0.5061
vn 0.1428 0.9379 -0.3161
vn 0.2353 0.8751 -0.4229
vn 0.1836 0.7634 -0.6193
vn 0.0387 0.7117 -0.7014
vn 0.3228 0.7919 -0.5184
vn -0.4827 0.8537 0.1956
vn -0.6161 0.7535 0.2294
vn -0.5487 0.7406 0.3879
vn -0.4187 0.8351 0.3568
vn -0.5198 0.8539 0.0251
vn -0.6504 0.7571 0.0616
vn -0.7386 0.6214 0.2613
vn -0.6757 0.6037 0.4229
vn -0.7789 0.6204 0.0918
vn -0.7498 0.6067 0.2641
vn -0.6867 0.5893 0.4257
vn -0.7900 0.6057 0.0945
vn -0.3436 0.9248 0.1632
vn -0.4332 0.8774 0.2059
vn -0.3492 0.8664 0.3571
vn -0.2611 0.9121 0.3162
vn -0.4105 0.9119 0.0027
vn -0.4977 0.8662 0.0454
vn -0.5157 0.8209 0.2453
vn -0.4332 0.8085 0.3983
vn -0.5826 0.8083 0.0848
vn -0.5549 0.5961 0.5803
vn -0.5794 0.6926 0.4297
vn -0.7009 0.5538 0.4495
vn -0.6784 0.4674 0.5669
vn -0.4101 0.6948 0.5908
vn -0.4547 0.7880 0.4151
vn -0.6382 0.7255 0.2575
vn -0.7574 0.5983 0.2615
vn -0.4997 0.8306 0.2456
vn -0.6053 0.7856 0.1283
vn -0.6129 0.7893 0.0379
vn -0.7397 0.6679 0.0822
vn -0.7290 0.6659 0.1583
vn -0.4626 0.8811 0.0980
vn -0.4780 0.8783 -0.0011
vn -0.6366 0.7697 -0.0478
vn -0.7575 0.6529 -0.0020
vn -0.4963 0.8633 -0.0922
vn -0.8184 0.5745 0.0120
vn -0.8734 0.4869 -0.0066
vn -0.8721 0.4602 0.1662
vn -0.8194 0.5431 0.1835
vn -0.7894 0.5929 -0.1589
vn -0.8451 0.5050 -0.1752
vn -0.9183 0.3954 -0.0202
vn -0.9175 0.3676 0.1519
vn -0.8912 0.4111 -0.1917
vn -0.3825 0.9143 0.1332
vn -0.4606 0.8670 0.1901
vn -0.3618 0.8715 0.3310
vn -0.2831 0.9185 0.2763
vn -0.4659 0.8847 -0.0171
vn -0.5410 0.8402 0.0375
vn -0.5343 0.8107 0.2394
vn -0.4363 0.8140 0.3836
vn -0.6161 0.7827 0.0881
vn 0.2634 0.8337 -0.4854
vn 0.1211 0.8884 -0.4427
vn 0.1685 0.9413 -0.2925
vn 0.3203 0.8881 -0.3297
vn 0.2102 0.7484 -0.6290
vn 0.0823 0.8008 -0.5932
vn -0.0299 0.9097 -0.4142
vn 0.0163 0.9666 -0.2560
vn -0.0751 0.8252 -0.5598
vn -0.3660 0.9240 0.1104
vn -0.5253 0.8503 0.0325
vn -0.5546 0.8079 0.1995
vn -0.4047 0.8727 0.2732
vn -0.2997 0.9528 -0.0482
vn -0.4622 0.8785 -0.1208
vn -0.6797 0.7325 -0.0381
vn -0.7177 0.6849 0.1258
vn -0.6212 0.7578 -0.1997
vn -0.6944 0.7182 -0.0449
vn -0.7316 0.6714 0.1188
vn -0.6361 0.7433 -0.2073
vn 0.0834 0.7065 0.7028
vn 0.0518 0.6228 0.7807
vn 0.2222 0.5803 0.7835
vn 0.2509 0.6583 0.7097
vn -0.0848 0.7380 0.6694
vn -0.1133 0.6526 0.7492
vn 0.0283 0.5306 0.8472
vn 0.1970 0.4869 0.8510
vn -0.1412 0.5582 0.8176
vn 0.0025 0.9961 0.0885
vn 0.0837 0.9872 0.1354
vn 0.1697 0.9854 -0.0145
vn 0.0902 0.9940 -0.0622
vn -0.0891 0.9681 0.2342
vn -0.0107 0.9601 0.2794
vn 0.1612 0.9699 0.1825
vn 0.2496 0.9678 0.0323
vn 0.0679 0.9425 0.3272
vn 0.5508 0.6573 0.5144
vn 0.3440 0.7868 0.5125
vn 0.3753 0.6634 0.6473
vn 0.5386 0.5345 0.6513
vn 0.5752 0.7352 0.3588
vn 0.3437 0.8614 0.3741
vn 0.0838 0.8355 0.5430
vn 0.0783 0.7273 0.6818
vn 0.0869 0.9164 0.3907
vn 0.0608 0.8361 0.5452
vn 0.0579 0.7286 0.6825
vn 0.0619 0.9181 0.3914
vn 0.0791 0.7948 0.6018
vn 0.0166 0.7835 0.6212
vn 0.1011 0.6723 0.7333
vn 0.1533 0.6835 0.7137
vn 0.0040 0.8822 0.4709
vn -0.0621 0.8658 0.4965
vn -0.0384 0.7596 0.6493
vn 0.0475 0.6523 0.7565
vn -0.1231 0.8438 0.5223
vn 0.0594 0.5343 0.8432
vn 0.0386 0.4618 0.8861
vn 0.2097 0.4220 0.8820
vn 0.2279 0.4898 0.8415
vn -0.1102 0.5655 0.8173
vn -0.1287 0.4911 0.8615
vn 0.0238 0.3859 0.9222
vn 0.1936 0.3468 0.9178
vn -0.1467 0.4134 0.8986
vn 0.2713 0.8831 0.3828
vn 0.3244 0.8444 0.4263
vn 0.4375 0.8492 0.2957
vn 0.3856 0.8878 0.2513
vn 0.1467 0.8529 0.5010
vn 0.1975 0.8162 0.5430
vn 0.3724 0.8010 0.4688
vn 0.4875 0.8051 0.3379
vn 0.2460 0.7726 0.5853
vn -0.5427 0.7668 -0.3427
vn -0.5226 0.8362 -0.1665
vn -0.3781 0.9078 -0.1813
vn -0.3882 0.8424 -0.3738
vn -0.6813 0.6586 -0.3194
vn -0.6665 0.7263 -0.1683
vn -0.5242 0.8514 0.0213
vn -0.3690 0.9294 0.0062
vn -0.6634 0.7474 0.0357
vn 0.1921 0.9246 0.3289
vn 0.1643 0.8672 0.4701
vn 0.3332 0.8214 0.4629
vn 0.3590 0.8732 0.3295
vn 0.0213 0.9516 0.3066
vn -0.0020 0.8934 0.4493
vn 0.1447 0.7890 0.5971
vn 0.3121 0.7404 0.5953
vn -0.0270 0.8137 0.5807
vn 0.4573 0.7870 -0.4141
vn 0.5537 0.7015 -0.4487
vn 0.4548 0.6681 -0.5889
vn 0.3629 0.7481 -0.5556
vn 0.5308 0.8075 -0.2574
vn 0.6261 0.7217 -0.2952
vn 0.6346 0.6050 -0.4809
vn 0.5384 0.5690 -0.6216
vn 0.7116 0.6226 -0.3255
vn 0.0631 0.9976 -0.0298
vn 0.0880 0.9893 -0.1162
vn -0.0787 0.9836 -0.1624
vn -0.1044 0.9915 -0.0776
vn 0.2276 0.9735 0.0230
vn 0.2515 0.9660 -0.0608
vn 0.1134 0.9733 -0.1995
vn -0.0540 0.9673 -0.2477
vn 0.2774 0.9497 -0.1452
vn 0.1160 0.8186 0.5625
vn 0.1549 0.9193 0.3618
vn -0.0076 0.9413 0.3375
vn -0.0552 0.8410 0.5382
vn 0.2784 0.7563 0.5921
vn 0.3119 0.8573 0.4095
vn 0.2092 0.9655 0.1549
vn 0.0401 0.9917 0.1218
vn 0.3720 0.9100 0.1833
vn 0.4266 0.7330 -0.5299
vn 0.4629 0.7686 -0.4416
vn 0.5853 0.6441 -0.4925
vn 0.5503 0.6145 -0.5653
vn 0.2877 0.8275 -0.4822
vn 0.3366 0.8590 -0.3858
vn 0.5197 0.7763 -0.3568
vn 0.6355 0.6561 -0.4071
vn 0.3881 0.8729 -0.2956
vn 0.6308 0.5728 -0.5235
vn 0.6730 0.5000 -0.5450
vn 0.5594 0.4798 -0.6759
vn 0.5187 0.5495 -0.6550
vn 0.7217 0.5818 -0.3750
vn 0.7631 0.5095 -0.3977
vn 0.7081 0.4247 -0.5641
vn 0.5949 0.4039 -0.6949
vn 0.7999 0.4326 -0.4160
vn 0.1770 0.9839 0.0241
vn 0.2096 0.9731 -0.0956
vn 0.0470 0.9882 -0.1457
vn 0.0110 0.9996 -0.0268
vn 0.3353 0.9385 0.0818
vn 0.3668 0.9298 -0.0313
vn 0.2473 0.9464 -0.2078
vn 0.0824 0.9615 -0.2623
vn 0.4047 0.9026 -0.1471
vn -0.1691 0.7584 0.6294
vn 0.0241 0.8601 0.5095
vn -0.0507 0.9223 0.3832
vn -0.2656 0.8247 0.4994
vn -0.0952 0.6492 0.7546
vn 0.0661 0.7552 0.6522
vn 0.2629 0.8820 0.3912
vn 0.1830 0.9498 0.2538
vn 0.3358 0.7860 0.5190
vn 0.2835 0.8803 0.3805
vn 0.2043 0.9488 0.2411
vn 0.3540 0.7851 0.5083
vn 0.1959 0.9347 -0.2966
vn 0.3522 0.8822 -0.3127
vn 0.2943 0.8319 -0.4704
vn 0.1476 0.8783 -0.4548
vn 0.2245 0.9661 -0.1275
vn 0.3814 0.9123 -0.1491
vn 0.4913 0.8047 -0.3334
vn 0.4407 0.7512 -0.4914
vn 0.5270 0.8336 -0.1653
vn -0.2242 0.7787 -0.5859
vn -0.2113 0.7055 -0.6765
vn -0.3787 0.6616 -0.6473
vn -0.3899 0.7298 -0.5616
vn -0.0524 0.8081 -0.5867
vn -0.0428 0.7335 -0.6784
vn -0.2039 0.6227 -0.7554
vn -0.3699 0.5776 -0.7277
vn -0.0316 0.6489 -0.7602
vn 0.0676 0.9958 -0.0620
vn -0.0871 0.9896 -0.1144
vn -0.1382 0.9892 0.0486
vn 0.0129 0.9945 0.1035
vn 0.1333 0.9661 -0.2211
vn -0.0155 0.9627 -0.2701
vn -0.2412 0.9552 -0.1713
vn -0.2990 0.9542 -0.0070
vn -0.1759 0.9273 -0.3306
vn -0.2500 0.9524 -0.1745
vn -0.3079 0.9514 -0.0101
vn -0.1845 0.9245 -0.3336
vn 0.5465 0.8307 -0.1062
vn 0.3298 0.9361 -0.1224
vn 0.3271 0.9440 0.0442
vn 0.5407 0.8385 0.0679
vn 0.5609 0.7810 -0.2745
vn 0.3609 0.8876 -0.2862
vn 0.1057 0.9832 -0.1491
vn 0.0918 0.9955 0.0242
vn 0.1164 0.9409 -0.3179
vn -0.1794 0.7947 -0.5799
vn -0.0830 0.7711 -0.6312
vn -0.2047 0.6671 -0.7163
vn -0.2852 0.6870 -0.6684
vn -0.0731 0.8795 -0.4703
vn 0.0262 0.8460 -0.5325
vn 0.0097 0.7111 -0.7030
vn -0.1107 0.6113 -0.7836
vn 0.1274 0.7878 -0.6026
vn 0.0231 0.7002 -0.7136
vn -0.0979 0.6024 -0.7922
vn 0.1434 0.7767 -0.6133
vn -0.3236 0.5921 -0.7380
vn -0.3287 0.4953 -0.8041
vn -0.4876 0.4695 -0.7361
vn -0.4824 0.5609 -0.6728
vn -0.1547 0.6108 -0.7765
vn -0.1625 0.5139 -0.8423
vn -0.3342 0.3936 -0.8564
vn -0.4927 0.3660 -0.7895
vn -0.1654 0.4093 -0.8973
vn -0.3710 0.8126 -0.4494
vn -0.4020 0.7772 -0.4841
vn -0.5264 0.7689 -0.3629
vn -0.4962 0.8037 -0.3285
vn -0.2336 0.7979 -0.5556
vn -0.2640 0.7634 -0.5895
vn -0.4310 0.7395 -0.5170
vn -0.5559 0.7310 -0.3958
vn -0.2930 0.7256 -0.6226
vn 0.5806 0.7838 0.2203
vn 0.4907 0.8702 0.0447
vn 0.3559 0.9275 0.1142
vn 0.4407 0.8439 0.3059
vn 0.7117 0.6866 0.1489
vn 0.6343 0.7731 -0.0034
vn 0.4165 0.8966 -0.1506
vn 0.2712 0.9594 -0.0778
vn 0.5492 0.8065 -0.2189
vn -0.2428 0.9346 -0.2600
vn -0.2292 0.8885 -0.3974
vn -0.3958 0.8377 -0.3764
vn -0.4078 0.8790 -0.2471
vn -0.0712 0.9645 -0.2544
vn -0.0620 0.9173 -0.3934
vn -0.2227 0.8229 -0.5228
vn -0.3880 0.7700 -0.5064
vn -0.0506 0.8507 -0.5232
vn -0.7357 0.6744 0.0633
vn -0.8067 0.5898 0.0377
vn -0.8063 0.5533 0.2092
vn -0.7387 0.6326 0.2326
vn -0.7059 0.7003 -0.1064
vn -0.7782 0.6146 -0.1292
vn -0.8667 0.4985 0.0189
vn -0.8671 0.4608 0.1891
vn -0.8399 0.5211 -0.1519
vn -0.0309 0.9855 -0.1667
vn -0.1352 0.9902 -0.0358
vn -0.0022 0.9976 0.0698
vn 0.1045 0.9929 -0.0572
vn -0.1561 0.9466 -0.2822
vn -0.2546 0.9541 -0.1574
vn -0.2407 0.9669 0.0848
vn -0.1080 0.9743 0.1976
vn -0.3660 0.9301 -0.0307
vn 0.3537 0.7738 -0.5254
vn 0.1772 0.8788 -0.4430
vn 0.2488 0.9203 -0.3018
vn 0.4366 0.8164 -0.3780
vn 0.2805 0.6922 -0.6650
vn 0.1254 0.7962 -0.5919
vn -0.0199 0.9274 -0.3736
vn 0.0526 0.9736 -0.2220
vn -0.0917 0.8529 -0.5139
vn -0.6132 0.7897 0.0193
vn -0.6262 0.7773 -0.0601
vn -0.7470 0.6647 0.0118
vn -0.7321 0.6766 0.0785
vn -0.4748 0.8793 -0.0378
vn -0.4950 0.8602 -0.1228
vn -0.6518 0.7470 -0.1311
vn -0.7672 0.6387 -0.0582
vn -0.5165 0.8326 -0.2000
vn -0.8275 0.4870 -0.2795
vn -0.8503 0.4208 -0.3162
vn -0.9151 0.3699 -0.1603
vn -0.8931 0.4313 -0.1279
vn -0.7357 0.5305 -0.4211
vn -0.7609 0.4611 -0.4566
vn -0.8708 0.3510 -0.3442
vn -0.9343 0.3018 -0.1895
vn -0.7808 0.3895 -0.4885
vn -0.2752 0.9582 -0.0775
vn -0.3929 0.9193 0.0219
vn -0.2907 0.9442 0.1547
vn -0.1694 0.9838 0.0586
vn -0.3627 0.9057 -0.2193
vn -0.4738 0.8716 -0.1259
vn -0.5042 0.8568 0.1081
vn -0.4033 0.8808 0.2481
vn -0.5899 0.8067 -0.0352
vn -0.3591 0.9199 0.1575
vn -0.4936 0.8626 0.1104
vn -0.5088 0.8146 0.2784
vn -0.3820 0.8662 0.3221
vn -0.3143 0.9493 -0.0084
vn -0.4512 0.8909 -0.0512
vn -0.6154 0.7848 0.0738
vn -0.6355 0.7340 0.2393
vn -0.5765 0.8117 -0.0940
vn 0.1852 0.7214 0.6673
vn 0.1744 0.6369 0.7510
vn 0.3433 0.6023 0.7207
vn 0.3530 0.6816 0.6409
vn 0.0124 0.7442 0.6679
vn 0.0046 0.6590 0.7522
vn 0.1679 0.5444 0.8218
vn 0.3360 0.5081 0.7930
vn -0.0052 0.5642 0.8257
vn 0.1488 0.9696 0.1942
vn 0.2436 0.9285 0.2801
vn 0.3544 0.9233 0.1483
vn 0.2627 0.9629 0.0624
vn 0.0237 0.9491 0.3140
vn 0.1163 0.9106 0.3965
vn 0.3351 0.8685 0.3654
vn 0.4500 0.8617 0.2345
vn 0.2099 0.8489 0.4851
vn 0.3402 0.8644 0.3701
vn 0.4551 0.8577 0.2393
vn 0.2149 0.8450 0.4897
vn 0.6318 0.6191 0.4664
vn 0.5242 0.6924 0.4958
vn 0.5355 0.5653 0.6274
vn 0.6231 0.5036 0.5984
vn 0.6279 0.7105 0.3176
vn 0.5054 0.7830 0.3626
vn 0.4067 0.7279 0.5521
vn 0.4157 0.6070 0.6773
vn 0.3853 0.8267 0.4101
vn -0.0272 0.7537 0.6567
vn -0.1723 0.6913 0.7017
vn -0.0570 0.5956 0.8012
vn 0.0693 0.6482 0.7583
vn -0.1106 0.8405 0.5304
vn -0.2607 0.7673 0.5859
vn -0.3119 0.5806 0.7520
vn -0.2023 0.4849 0.8508
vn -0.4100 0.6573 0.6324
vn -0.3279 0.5645 0.7575
vn -0.2175 0.4711 0.8548
vn -0.4284 0.6407 0.6372
vn 0.2666 0.5275 0.8066
vn 0.2698 0.4526 0.8499
vn 0.4329 0.4325 0.7909
vn 0.4295 0.5042 0.7492
vn 0.0954 0.5381 0.8375
vn 0.1001 0.4635 0.8804
vn 0.2735 0.3756 0.8855
vn 0.4363 0.3549 0.8268
vn 0.1023 0.3848 0.9173
vn -0.1259 0.9808 0.1491
vn -0.0528 0.9763 0.2098
vn 0.0609 0.9947 0.0826
vn -0.0111 0.9998 0.0193
vn -0.2403 0.9320 0.2713
vn -0.1719 0.9284 0.3294
vn 0.0146 0.9620 0.2728
vn 0.1319 0.9806 0.1452
vn -0.1032 0.9141 0.3921
vn 0.1984 0.9364 0.2896
vn 0.1597 0.8857 0.4359
vn 0.3278 0.8363 0.4395
vn 0.3638 0.8812 0.3019
vn 0.0300 0.9662 0.2561
vn -0.0041 0.9145 0.4046
vn 0.1307 0.8120 0.5688
vn 0.2968 0.7597 0.5786
vn -0.0392 0.8396 0.5418
vn 0.6359 0.7711 0.0316
vn 0.7316 0.6731 0.1082
vn 0.7781 0.6257 -0.0546
vn 0.6879 0.7149 -0.1254
vn 0.5562 0.8110 0.1814
vn 0.6563 0.7102 0.2546
vn 0.8128 0.5578 0.1681
vn 0.8622 0.5064 0.0090
vn 0.7386 0.5922 0.3220
vn 0.8131 0.5572 0.1684
vn 0.8625 0.5059 0.0093
vn 0.7390 0.5916 0.3223
vn 0.0218 0.9975 0.0666
vn 0.1162 0.9924 -0.0396
vn -0.0147 0.9885 -0.1508
vn -0.1094 0.9928 -0.0482
vn 0.1453 0.9716 0.1870
vn 0.2356 0.9682 0.0840
vn 0.2086 0.9680 -0.1393
vn 0.0788 0.9636 -0.2556
vn 0.3320 0.9431 -0.0188
vn 0.6689 0.7251 -0.1640
vn 0.5896 0.8076 -0.0096
vn 0.7203 0.6923 0.0424
vn 0.7849 0.6132 -0.0887
vn 0.5393 0.8038 -0.2511
vn 0.4634 0.8829 -0.0754
vn 0.5264 0.8333 0.1689
vn 0.6465 0.7257 0.2352
vn 0.3904 0.9155 0.0974
vn 0.5992 0.7878 0.1424
vn 0.6080 0.7660 0.2089
vn 0.7343 0.6661 0.1310
vn 0.7236 0.6862 0.0743
vn 0.4563 0.8661 0.2042
vn 0.4703 0.8387 0.2745
vn 0.6263 0.7322 0.2677
vn 0.7482 0.6361 0.1885
vn 0.4853 0.8061 0.3387
vn 0.8032 0.5957 0.0028
vn 0.8610 0.5079 0.0276
vn 0.8674 0.4762 -0.1445
vn 0.8122 0.5588 -0.1674
vn 0.7663 0.6191 0.1716
vn 0.8253 0.5304 0.1939
vn 0.9085 0.4153 0.0460
vn 0.9154 0.3825 -0.1251
vn 0.8740 0.4354 0.2156
vn 0.1156 0.9858 0.1216
vn 0.2046 0.9784 0.0311
vn 0.0865 0.9920 -0.0915
vn -0.0050 1.0000 -0.0035
vn 0.2267 0.9417 0.2487
vn 0.3114 0.9362 0.1633
vn 0.2944 0.9543 -0.0507
vn 0.1765 0.9680 -0.1783
vn 0.4035 0.9116 0.0784
vn 0.2757 0.9445 -0.1783
vn 0.4507 0.8873 -0.0979
vn 0.4755 0.8390 -0.2644
vn 0.3119 0.8872 -0.3401
vn 0.2122 0.9770 -0.0193
vn 0.3911 0.9187 0.0553
vn 0.6082 0.7931 -0.0329
vn 0.6449 0.7391 -0.1946
vn 0.5532 0.8229 0.1297
vn 0.6091 0.7924 -0.0325
vn 0.6457 0.7384 -0.1942
vn 0.5541 0.8222 0.1302
vn -0.5264 0.7761 -0.3473
vn -0.5858 0.6922 -0.4216
vn -0.6912 0.6638 -0.2855
vn -0.6342 0.7429 -0.2143
vn -0.3984 0.7907 -0.4648
vn -0.4599 0.7072 -0.5370
vn -0.6383 0.5991 -0.4835
vn -0.7450 0.5684 -0.3491
vn -0.5121 0.6116 -0.6031
vn -0.2570 0.9635 -0.0755
vn -0.3316 0.9388 -0.0929
vn -0.3653 0.9277 0.0771
vn -0.2923 0.9516 0.0948
vn -0.2109 0.9469 -0.2428
vn -0.2838 0.9231 -0.2594
vn -0.4027 0.9087 -0.1099
vn -0.4375 0.8972 0.0605
vn -0.3557 0.8926 -0.2770
vn 0.6474 0.7536 -0.1136
vn 0.4418 0.8849 -0.1477
vn 0.4236 0.9057 0.0147
vn 0.6295 0.7748 0.0585
vn 0.6699 0.6887 -0.2772
vn 0.4855 0.8194 -0.3048
vn 0.2226 0.9540 -0.2007
vn 0.1954 0.9802 -0.0305
vn 0.2429 0.8989 -0.3647
vn -0.3025 0.7805 -0.5471
vn -0.1688 0.7395 -0.6516
vn -0.3048 0.6356 -0.7093
vn -0.4189 0.6675 -0.6156
vn -0.1888 0.8720 -0.4516
vn -0.0525 0.8197 -0.5704
vn -0.0386 0.6426 -0.7652
vn -0.1673 0.5386 -0.8258
vn 0.0883 0.7252 -0.6829
vn -0.0230 0.6272 -0.7785
vn -0.1521 0.5257 -0.8370
vn 0.1068 0.7096 -0.6965
vn -0.5809 0.6148 -0.5335
vn -0.6089 0.5411 -0.5801
vn -0.7269 0.5153 -0.4539
vn -0.6997 0.5854 -0.4094
vn -0.4429 0.6287 -0.6392
vn -0.4724 0.5550 -0.6847
vn -0.6340 0.4640 -0.6188
vn -0.7519 0.4376 -0.4931
vn -0.4968 0.4762 -0.7256
vn -0.2080 0.9677 -0.1424
vn -0.3363 0.9284 -0.1580
vn -0.3585 0.9335 0.0118
vn -0.2317 0.9723 0.0302
vn -0.1690 0.9358 -0.3094
vn -0.2921 0.8998 -0.3242
vn -0.4611 0.8693 -0.1780
vn -0.4874 0.8731 -0.0058
vn -0.4206 0.8391 -0.3449
vn -0.4680 0.8654 -0.1791
vn -0.4944 0.8692 -0.0068
vn -0.4273 0.8353 -0.3459
vn -0.3131 0.9439 -0.1053
vn -0.3584 0.8979 -0.2556
vn -0.5035 0.8469 -0.1713
vn -0.4605 0.8871 -0.0304
vn -0.1520 0.9747 -0.1641
vn -0.2027 0.9276 -0.3139
vn -0.4054 0.8270 -0.3894
vn -0.5521 0.7732 -0.3120
vn -0.2465 0.8558 -0.4549
vn -0.2189 0.8038 0.5532
vn -0.2959 0.6992 0.6508
vn -0.1396 0.6762 0.7233
vn -0.0649 0.7740 0.6298
vn -0.3595 0.8169 0.4510
vn -0.4330 0.7138 0.5504
vn -0.3579 0.5790 0.7326
vn -0.2039 0.5510 0.8092
vn -0.5010 0.5895 0.6336
vn -0.3582 0.5783 0.7330
vn -0.2042 0.5503 0.8096
vn -0.5014 0.5887 0.6341
vn -0.0390 0.9679 0.2482
vn -0.0562 0.9297 0.3640
vn 0.1157 0.9180 0.3793
vn 0.1339 0.9545 0.2665
vn -0.2096 0.9539 0.2149
vn -0.2251 0.9174 0.3281
vn -0.0723 0.8789 0.4714
vn 0.1005 0.8659 0.4900
vn -0.2429 0.8653 0.4385
vn -0.1765 0.7626 -0.6224
vn -0.2030 0.8819 -0.4256
vn -0.0417 0.9107 -0.4110
vn -0.0050 0.7919 -0.6107
vn -0.3384 0.6921 -0.6375
vn -0.3604 0.8104 -0.4620
vn -0.2495 0.9439 -0.2163
vn -0.0798 0.9776 -0.1950
vn -0.4116 0.8816 -0.2311
vn -0.3524 0.8091 0.4703
vn -0.4178 0.8156 0.4003
vn -0.4961 0.6995 0.5143
vn -0.4370 0.6946 0.5715
vn -0.2538 0.8987 0.3575
vn -0.3305 0.8994 0.2860
vn -0.4935 0.7989 0.3439
vn -0.5670 0.6866 0.4550
vn -0.4050 0.8869 0.2222
vn -0.4526 0.6463 0.6143
vn -0.5052 0.5618 0.6551
vn -0.3672 0.5373 0.7592
vn -0.3168 0.6176 0.7199
vn -0.5716 0.6599 0.4877
vn -0.6227 0.5756 0.5301
vn -0.5480 0.4724 0.6903
vn -0.4109 0.4465 0.7948
vn -0.6684 0.4840 0.5648
vn -0.1322 0.9905 0.0371
vn -0.1242 0.9762 0.1778
vn 0.0463 0.9843 0.1703
vn 0.0419 0.9987 0.0304
vn -0.3025 0.9526 0.0324
vn -0.2948 0.9410 0.1665
vn -0.1228 0.9424 0.3111
vn 0.0513 0.9501 0.3077
vn -0.2932 0.9061 0.3051
vn -0.0361 0.9516 0.3052
vn -0.2198 0.8992 0.3784
vn -0.1172 0.8511 0.5118
vn 0.0549 0.8944 0.4438
vn -0.1064 0.9831 0.1488
vn -0.2885 0.9297 0.2290
vn -0.3805 0.8079 0.4500
vn -0.2901 0.7542 0.5891
vn -0.4593 0.8370 0.2973
vn -0.3815 0.8072 0.4504
vn -0.2910 0.7535 0.5895
vn -0.4603 0.8363 0.2977
vn 0.5639 0.6660 0.4883
vn 0.5914 0.5819 0.5582
vn 0.7156 0.5417 0.4410
vn 0.6888 0.6202 0.3755
vn 0.4201 0.6961 0.5821
vn 0.4508 0.6105 0.6512
vn 0.6168 0.4910 0.6152
vn 0.7405 0.4497 0.4995
vn 0.4744 0.5173 0.7123
vn -0.0052 0.9918 0.1274
vn 0.1528 0.9834 0.0979
vn 0.1218 0.9901 -0.0693
vn -0.0354 0.9984 -0.0442
vn 0.0120 0.9547 0.2972
vn 0.1623 0.9495 0.2686
vn 0.3171 0.9455 0.0743
vn 0.2909 0.9518 -0.0977
vn 0.3336 0.9105 0.2444
vn 0.3308 0.9409 0.0723
vn 0.3046 0.9472 -0.1000
vn 0.3468 0.9061 0.2423
vn 0.7704 0.6271 -0.1147
vn 0.6971 0.7148 0.0552
vn 0.8161 0.5728 0.0766
vn 0.8709 0.4883 -0.0556
vn 0.6529 0.7327 -0.1920
vn 0.5826 0.8126 0.0138
vn 0.6324 0.7244 0.2744
vn 0.7410 0.5921 0.3168
vn 0.5073 0.8320 0.2248
vn 0.6267 0.7224 0.2922
vn 0.7351 0.5915 0.3313
vn 0.4993 0.8313 0.2443
vn 0.5053 0.7914 0.3440
vn 0.4759 0.7816 0.4033
vn 0.6136 0.6682 0.4207
vn 0.6356 0.6782 0.3689
vn 0.3603 0.8809 0.3070
vn 0.3328 0.8658 0.3736
vn 0.4581 0.7586 0.4634
vn 0.5931 0.6492 0.4762
vn 0.3091 0.8450 0.4365
vn 0.5451 0.5831 0.6024
vn 0.5525 0.4805 0.6811
vn 0.6893 0.4340 0.5801
vn 0.6808 0.5282 0.5074
vn 0.3920 0.6266 0.6736
vn 0.4039 0.5202 0.7524
vn 0.5602 0.3640 0.7442
vn 0.6957 0.3162 0.6450
vn 0.4081 0.4005 0.8204
vn 0.5604 0.3582 0.7467
vn 0.6957 0.3110 0.6475
vn 0.4081 0.3945 0.8233
vn 0.2940 0.9491 0.1135
vn 0.3803 0.9188 0.1060
vn 0.3706 0.9265 -0.0659
vn 0.2843 0.9568 -0.0604
vn 0.2906 0.9137 0.2841
vn 0.3733 0.8853 0.2774
vn 0.4620 0.8810 0.1024
vn 0.4541 0.8880 -0.0716
vn 0.4557 0.8471 0.2732
vn 0.3227 0.9453 0.0483
vn 0.4038 0.8972 0.1785
vn 0.5237 0.8498 0.0599
vn 0.4470 0.8923 -0.0625
vn 0.1815 0.9724 0.1469
vn 0.2672 0.9236 0.2750
vn 0.4820 0.8258 0.2927
vn 0.6051 0.7756 0.1799
vn 0.3443 0.8509 0.3966
vn 0.3139 0.7026 -0.6386
vn 0.3732 0.6188 -0.6912
vn 0.2255 0.5852 -0.7789
vn 0.1695 0.6639 -0.7283
vn 0.4452 0.7246 -0.5260
vn 0.5026 0.6402 -0.5810
vn 0.4213 0.5280 -0.7374
vn 0.2750 0.4929 -0.8255
vn 0.5547 0.5471 -0.6269
vn 0.0944 0.9950 -0.0340
vn 0.0557 0.9846 -0.1660
vn -0.1085 0.9872 -0.1170
vn -0.0730 0.9972 0.0143
vn 0.2616 0.9625 -0.0719
vn 0.2241 0.9542 -0.1982
vn 0.0230 0.9559 -0.2929
vn -0.1452 0.9580 -0.2471
vn 0.1905 0.9247 -0.3297
vn -0.4257 0.5569 -0.7132
vn -0.2831 0.6597 -0.6961
vn -0.2618 0.5174 -0.8147
vn -0.3714 0.4275 -0.8242
vn -0.4813 0.6572 -0.5800
vn -0.3064 0.7579 -0.5759
vn -0.1049 0.6989 -0.7075
vn -0.0707 0.5694 -0.8190
vn -0.1360 0.8072 -0.5744
vn 0.4389 0.7748 -0.4551
vn 0.4990 0.7534 -0.4282
vn 0.4962 0.6507 -0.5748
vn 0.4436 0.6704 -0.5948
vn 0.4191 0.8562 -0.3022
vn 0.4854 0.8290 -0.2778
vn 0.5575 0.7198 -0.4136
vn 0.5512 0.6211 -0.5571
vn 0.5469 0.7966 -0.2575
vn 0.2819 0.6425 -0.7125
vn 0.3116 0.5757 -0.7559
vn 0.1505 0.5531 -0.8194
vn 0.1221 0.6170 -0.7774
vn 0.4318 0.6513 -0.6240
vn 0.4601 0.5849 -0.6680
vn 0.3362 0.5058 -0.7944
vn 0.1756 0.4827 -0.8580
vn 0.4867 0.5136 -0.7067
vn -0.0041 0.9476 -0.3194
vn 0.1234 0.9039 -0.4097
vn -0.0018 0.8532 -0.5215
vn -0.1212 0.8915 -0.4364
vn 0.1025 0.9774 -0.1848
vn 0.2278 0.9326 -0.2799
vn 0.2351 0.8355 -0.4966
vn 0.1159 0.7823 -0.6121
vn 0.3472 0.8634 -0.3661
vn -0.4359 0.7225 -0.5366
vn -0.4447 0.6488 -0.6175
vn -0.5933 0.5993 -0.5375
vn -0.5837 0.6677 -0.4621
vn -0.2741 0.7592 -0.5903
vn -0.2865 0.6832 -0.6716
vn -0.4561 0.5667 -0.6862
vn -0.6033 0.5167 -0.6074
vn -0.2950 0.5994 -0.7441
vn -0.1948 0.9774 -0.0817
vn -0.2895 0.9522 -0.0978
vn -0.3149 0.9463 0.0733
vn -0.2219 0.9709 0.0903
vn -0.1569 0.9553 -0.2505
vn -0.2489 0.9314 -0.2656
vn -0.3791 0.9183 -0.1143
vn -0.4067 0.9117 0.0577
vn -0.3400 0.8969 -0.2828
vn -0.7707 0.6371 0.0030
vn -0.6153 0.7775 -0.1298
vn -0.7267 0.6534 -0.2118
vn -0.8502 0.5146 -0.1108
vn -0.6875 0.7129 0.1380
vn -0.5247 0.8509 -0.0246
vn -0.4386 0.8372 -0.3267
vn -0.5242 0.7305 -0.4376
vn -0.3417 0.9165 -0.2081
vn -0.4223 0.8386 -0.3440
vn -0.5089 0.7326 -0.4520
vn -0.3229 0.9191 -0.2256
vn -0.4077 0.7870 -0.4631
vn -0.3606 0.7611 -0.5391
vn -0.5089 0.6596 -0.5531
vn -0.5459 0.6827 -0.4857
vn -0.2587 0.8685 -0.4229
vn -0.2141 0.8346 -0.5075
vn -0.3315 0.7157 -0.6148
vn -0.4755 0.6181 -0.6260
vn -0.1774 0.7915 -0.5849
vn -0.3136 0.5644 -0.7636
vn -0.2959 0.5048 -0.8109
vn -0.4567 0.4428 -0.7716
vn -0.4708 0.4977 -0.7285
vn -0.1474 0.6161 -0.7738
vn -0.1323 0.5527 -0.8228
vn -0.2847 0.4402 -0.8516
vn -0.4434 0.3803 -0.8116
vn -0.1173 0.4867 -0.8657
vn -0.3028 0.9509 -0.0644
vn -0.3545 0.9132 -0.2009
vn -0.4956 0.8615 -0.1104
vn -0.4464 0.8946 0.0175
vn -0.1455 0.9803 -0.1337
vn -0.2021 0.9416 -0.2695
vn -0.4078 0.8538 -0.3237
vn -0.5502 0.8002 -0.2387
vn -0.2530 0.8815 -0.3988
vn -0.6956 0.6947 0.1833
vn -0.7885 0.5966 0.1497
vn -0.7724 0.5494 0.3185
vn -0.6853 0.6394 0.3486
vn -0.6777 0.7352 0.0147
vn -0.7731 0.6341 -0.0148
vn -0.8644 0.4868 0.1258
vn -0.8506 0.4370 0.2923
vn -0.8520 0.5217 -0.0445
vn -0.1392 0.9792 0.1475
vn -0.2139 0.9426 0.2565
vn -0.0677 0.9353 0.3474
vn 0.0072 0.9703 0.2418
vn -0.2759 0.9603 0.0409
vn -0.3474 0.9260 0.1475
vn -0.2842 0.8899 0.3567
vn -0.1387 0.8811 0.4522
vn -0.4212 0.8717 0.2504
vn -0.1300 0.8468 -0.5157
vn -0.1583 0.9514 -0.2642
vn 0.0054 0.9666 -0.2563
vn 0.0434 0.8618 -0.5054
vn -0.2947 0.7857 -0.5439
vn -0.3156 0.8952 -0.3148
vn -0.2000 0.9798 -0.0067
vn -0.0282 0.9995 0.0144
vn -0.3659 0.9303 -0.0276
vn -0.2003 0.9797 -0.0048
vn -0.0284 0.9995 0.0164
vn -0.3661 0.9302 -0.0258
vn -0.5368 0.8023 0.2610
vn -0.5838 0.7990 0.1444
vn -0.6857 0.6857 0.2443
vn -0.6413 0.6868 0.3422
vn -0.4121 0.8934 0.1792
vn -0.4720 0.8798 0.0563
vn -0.6524 0.7569 0.0379
vn -0.7505 0.6474 0.1328
vn -0.5353 0.8427 -0.0574
vn -0.6561 0.7540 0.0320
vn -0.7533 0.6452 0.1274
vn -0.5389 0.8399 -0.0643
vn -0.6853 0.6379 0.3513
vn -0.7387 0.5719 0.3568
vn -0.6682 0.5383 0.5135
vn -0.6176 0.6008 0.5076
vn -0.7297 0.6585 0.1841
vn -0.7830 0.5917 0.1915
vn -0.7845 0.5023 0.3636
vn -0.7144 0.4686 0.5196
vn -0.8309 0.5206 0.1966
vn -0.1105 0.9588 0.2619
vn -0.3041 0.9146 0.2665
vn -0.2579 0.8661 0.4282
vn -0.0765 0.9023 0.4244
vn -0.1207 0.9886 0.0905
vn -0.3151 0.9436 0.1019
vn -0.4772 0.8337 0.2779
vn -0.4437 0.7805 0.4405
vn -0.4962 0.8616 0.1069
vn 0.5783 0.7828 0.2295
vn 0.6547 0.6992 0.2871
vn 0.7272 0.6739 0.1307
vn 0.6537 0.7530 0.0751
vn 0.4801 0.7939 0.3731
vn 0.5576 0.7111 0.4282
vn 0.7212 0.6064 0.3349
vn 0.7955 0.5787 0.1796
vn 0.6250 0.6157 0.4799
vn 0.3906 0.9160 0.0909
vn 0.4617 0.8792 0.1178
vn 0.5085 0.8597 -0.0488
vn 0.4395 0.8951 -0.0751
vn 0.3268 0.9106 0.2530
vn 0.3972 0.8744 0.2786
vn 0.5288 0.8368 0.1419
vn 0.5764 0.8168 -0.0246
vn 0.4652 0.8313 0.3041
vn 0.7026 0.5464 -0.4559
vn 0.6884 0.6374 -0.3462
vn 0.8093 0.5052 -0.2996
vn 0.8156 0.4296 -0.3875
vn 0.5680 0.6394 -0.5182
vn 0.5644 0.7311 -0.3833
vn 0.6994 0.6840 -0.2073
vn 0.8127 0.5603 -0.1600
vn 0.5648 0.7869 -0.2483
vn 0.3875 0.7915 0.4726
vn 0.3598 0.7552 0.5480
vn 0.5168 0.6708 0.5319
vn 0.5380 0.7034 0.4645
vn 0.2262 0.8570 0.4630
vn 0.2022 0.8145 0.5438
vn 0.3468 0.7050 0.6186
vn 0.5000 0.6236 0.6010
vn 0.1832 0.7651 0.6174
vn 0.6573 0.6610 0.3620
vn 0.7207 0.5504 0.4215
vn 0.8033 0.5312 0.2695
vn 0.7422 0.6358 0.2117
vn 0.5473 0.6736 0.4967
vn 0.6125 0.5642 0.5536
vn 0.7734 0.4258 0.4696
vn 0.8579 0.4030 0.3187
vn 0.6655 0.4357 0.6060
vn 0.7756 0.4195 0.4717
vn 0.8600 0.3969 0.3208
vn 0.6677 0.4293 0.6082
vn 0.2631 0.9639 -0.0407
vn 0.3367 0.9347 0.1138
vn 0.4697 0.8827 0.0122
vn 0.4007 0.9066 -0.1323
vn 0.1105 0.9931 0.0384
vn 0.1897 0.9630 0.1913
vn 0.4107 0.8761 0.2526
vn 0.5475 0.8215 0.1592
vn 0.2616 0.9040 0.3383
vn 0.6041 0.7529 -0.2610
vn 0.6983 0.6748 -0.2387
vn 0.6710 0.6214 -0.4044
vn 0.5830 0.6933 -0.4236
vn 0.6006 0.7942 -0.0917
vn 0.6970 0.7133 -0.0733
vn 0.7793 0.5852 -0.2242
vn 0.7537 0.5307 -0.3878
vn 0.7812 0.6220 -0.0538
vn 0.0729 0.9840 0.1625
vn 0.0941 0.9935 0.0641
vn -0.0742 0.9969 0.0271
vn -0.0972 0.9875 0.1245
vn 0.2396 0.9499 0.2007
vn 0.2601 0.9597 0.1064
vn 0.1182 0.9925 -0.0320
vn -0.0515 0.9961 -0.0717
vn 0.2843 0.9587 0.0087
vn 0.3999 0.6848 -0.6091
vn 0.4414 0.8011 -0.4042
vn 0.5674 0.6802 -0.4640
vn 0.5356 0.5632 -0.6292
vn 0.2435 0.7637 -0.5979
vn 0.3058 0.8757 -0.3737
vn 0.5192 0.8355 -0.1797
vn 0.6546 0.7281 -0.2032
vn 0.3682 0.9174 -0.1508
vn 0.5196 0.8356 -0.1782
vn 0.6549 0.7282 -0.2019
vn 0.3686 0.9176 -0.1492
vn 0.4899 0.8160 -0.3069
vn 0.5391 0.8063 -0.2435
vn 0.6190 0.6971 -0.3617
vn 0.5738 0.7067 -0.4140
vn 0.3892 0.9008 -0.1925
vn 0.4468 0.8855 -0.1277
vn 0.5954 0.7801 -0.1921
vn 0.6704 0.6747 -0.3089
vn 0.5024 0.8618 -0.0694
vn 0.0476 0.9622 -0.2681
vn 0.2183 0.9346 -0.2808
vn 0.1714 0.8809 -0.4411
vn 0.0117 0.9033 -0.4289
vn 0.0665 0.9930 -0.0976
vn 0.2381 0.9643 -0.1162
vn 0.3749 0.8771 -0.3002
vn 0.3369 0.8211 -0.4608
vn 0.4014 0.9065 -0.1304
vn 0.0599 0.9347 0.3505
vn -0.1134 0.9752 0.1900
vn -0.1995 0.9218 0.3323
vn -0.0412 0.8751 0.4823
vn 0.1810 0.9569 0.2270
vn 0.0017 0.9974 0.0726
vn -0.2882 0.9566 0.0426
vn -0.3929 0.9035 0.1715
vn -0.1749 0.9807 -0.0876
vn -0.3830 0.9141 0.1329
vn -0.5398 0.8318 0.1294
vn -0.5100 0.8067 0.2984
vn -0.3595 0.8826 0.3031
vn -0.3800 0.9241 -0.0412
vn -0.5355 0.8436 -0.0404
vn -0.6746 0.7268 0.1290
vn -0.6520 0.6967 0.2992
vn -0.6767 0.7349 -0.0451
vn -0.1322 0.9830 0.1277
vn -0.2571 0.9537 0.1561
vn -0.2004 0.9265 0.3185
vn -0.0802 0.9532 0.2915
vn -0.1717 0.9843 -0.0421
vn -0.2946 0.9556 -0.0114
vn -0.3730 0.9089 0.1864
vn -0.3199 0.8804 0.3500
vn -0.4147 0.9098 0.0172
vn 0.0989 0.9304 -0.3530
vn 0.0639 0.9874 -0.1447
vn 0.2332 0.9634 -0.1320
vn 0.2703 0.9044 -0.3302
vn -0.0719 0.9191 -0.3875
vn -0.1010 0.9776 -0.1848
vn 0.0313 0.9976 0.0616
vn 0.2021 0.9753 0.0886
vn -0.1404 0.9896 0.0327
vn -0.5029 0.8560 -0.1198
vn -0.4109 0.8906 -0.1950
vn -0.5157 0.7995 -0.3079
vn -0.5958 0.7670 -0.2382
vn -0.4001 0.9164 0.0075
vn -0.3072 0.9485 -0.0776
vn -0.3288 0.9005 -0.2846
vn -0.4288 0.8118 -0.3964
vn -0.2188 0.9619 -0.1641
vn 0.2696 0.9280 -0.2572
vn 0.2328 0.9658 -0.1144
vn 0.3968 0.9143 -0.0807
vn 0.4310 0.8765 -0.2145
vn 0.1026 0.9474 -0.3031
vn 0.0701 0.9849 -0.1585
vn 0.2034 0.9786 0.0300
vn 0.3655 0.9282 0.0696
vn 0.0352 0.9993 -0.0105
vn 0.1483 0.8993 0.4114
vn 0.1156 0.8561 0.5037
vn 0.2823 0.8042 0.5230
vn 0.3120 0.8443 0.4357
vn -0.0182 0.9291 0.3693
vn -0.0482 0.8847 0.4636
vn 0.0900 0.8024 0.5900
vn 0.2551 0.7501 0.6101
vn -0.0778 0.8302 0.5520
vn 0.0170 0.9972 -0.0733
vn 0.1512 0.9884 0.0166
vn 0.2319 0.9634 -0.1348
vn 0.1036 0.9695 -0.2223
vn -0.0816 0.9942 0.0705
vn 0.0521 0.9864 0.1561
vn 0.2919 0.9505 0.1062
vn 0.3790 0.9244 -0.0427
vn 0.1960 0.9478 0.2515
vn 0.3036 0.9460 0.1137
vn 0.3904 0.9200 -0.0353
vn 0.2076 0.9433 0.2592
vn -0.4262 0.8864 0.1808
vn -0.2096 0.9771 0.0367
vn -0.3248 0.9419 -0.0854
vn -0.5304 0.8466 0.0443
vn -0.3374 0.8811 0.3312
vn -0.1316 0.9740 0.1845
vn 0.0259 0.9916 -0.1264
vn -0.0723 0.9609 -0.2673
vn 0.1226 0.9923 0.0183
vn 0.0473 0.9889 -0.1410
vn -0.0512 0.9582 -0.2815
vn 0.1443 0.9895 0.0038
vn 0.1152 0.9096 0.3993
vn 0.0412 0.9016 0.4306
vn 0.1280 0.8180 0.5608
vn 0.1939 0.8254 0.5302
vn 0.0359 0.9663 0.2548
vn -0.0400 0.9558 0.2914
vn -0.0262 0.8828 0.4691
vn 0.0604 0.8006 0.5961
vn -0.1121 0.9381 0.3279
vn -0.4158 0.9039 -0.1003
vn -0.1884 0.9664 -0.1750
vn -0.2701 0.9086 -0.3187
vn -0.4791 0.8405 -0.2529
vn -0.3680 0.9275 0.0657
vn -0.1427 0.9896 -0.0180
vn 0.0323 0.9649 -0.2606
vn -0.0264 0.9094 -0.4150
vn 0.0901 0.9911 -0.0982
vn 0.2029 0.9122 -0.3561
vn 0.3629 0.8415 -0.4002
vn 0.2731 0.7940 -0.5430
vn 0.1229 0.8564 -0.5014
vn 0.2614 0.9453 -0.1953
vn 0.4210 0.8732 -0.2455
vn 0.5002 0.7433 -0.4442
vn 0.4189 0.6909 -0.5892
vn 0.5663 0.7731 -0.2857
vn -0.0283 0.9644 -0.2628
vn 0.0101 0.9442 -0.3291
vn -0.1464 0.9059 -0.3974
vn -0.1824 0.9248 -0.3338
vn 0.1253 0.9755 -0.1810
vn 0.1622 0.9550 -0.2484
vn 0.0440 0.9180 -0.3942
vn -0.1119 0.8796 -0.4623
vn 0.1984 0.9284 -0.3142
vn 0.3873 0.8973 0.2117
vn 0.1709 0.9693 0.1765
vn 0.1651 0.9244 0.3440
vn 0.3660 0.8497 0.3796
vn 0.4215 0.9059 0.0410
vn 0.2064 0.9784 0.0131
vn -0.0473 0.9876 0.1494
vn -0.0721 0.9457 0.3168
vn -0.0211 0.9995 -0.0225
vn 0.1337 0.9653 -0.2245
vn 0.3179 0.9422 -0.1056
vn 0.3696 0.8907 -0.2647
vn 0.1989 0.9049 -0.3763
vn 0.0427 0.9960 -0.0790
vn 0.2323 0.9721 0.0340
vn 0.4912 0.8710 -0.0040
vn 0.5585 0.8150 -0.1547
vn 0.4090 0.9006 0.1468
vn 0.4923 0.8704 -0.0033
vn 0.5594 0.8144 -0.1541
vn 0.4101 0.9000 0.1476
vn -0.2460 0.9649 -0.0917
vn -0.1419 0.9665 -0.2140
vn -0.2866 0.9106 -0.2977
vn -0.3828 0.9054 -0.1833
vn -0.1100 0.9938 0.0134
vn -0.0093 0.9934 -0.1141
vn -0.0530 0.9392 -0.3394
vn -0.1913 0.8827 -0.4292
vn 0.0869 0.9671 -0.2392
vn -0.0659 0.9684 0.2404
vn -0.2670 0.9451 0.1883
vn -0.2698 0.8948 0.3558
vn -0.0824 0.9104 0.4054
vn -0.0252 0.9970 0.0734
vn -0.2290 0.9730 0.0279
vn -0.4527 0.8792 0.1485
vn -0.4706 0.8249 0.3132
vn -0.4211 0.9068 -0.0207
vn 0.2530 0.9590 -0.1274
vn 0.2485 0.9679 0.0391
vn 0.4133 0.9105 0.0138
vn 0.4167 0.8981 -0.1408
vn 0.0812 0.9889 -0.1247
vn 0.0830 0.9956 0.0439
vn 0.2585 0.9432 0.2088
vn 0.4226 0.8856 0.1929
vn 0.0872 0.9720 0.2183
vn 0.2590 0.9409 0.2184
vn 0.4228 0.8834 0.2020
vn 0.0874 0.9697 0.2283
vn 0.1624 0.9691 -0.1857
vn 0.2684 0.9557 -0.1206
vn 0.3360 0.9014 -0.2732
vn 0.2359 0.9127 -0.3336
vn 0.0770 0.9964 -0.0362
vn 0.1860 0.9822 0.0263
vn 0.3723 0.9259 -0.0637
vn 0.4419 0.8712 -0.2139
vn 0.2913 0.9525 0.0883
vn -0.3087 0.9487 -0.0688
vn -0.2049 0.9657 -0.1595
vn -0.3273 0.9051 -0.2712
vn -0.4227 0.8870 -0.1860
vn -0.1924 0.9796 0.0574
vn -0.0903 0.9952 -0.0389
vn -0.1113 0.9599 -0.2573
vn -0.2286 0.8999 -0.3713
vn 0.0094 0.9908 -0.1354
vn -0.1562 0.9711 0.1806
vn -0.2589 0.9586 0.1190
vn -0.3262 0.9053 0.2721
vn -0.2291 0.9160 0.3292
vn -0.0721 0.9969 0.0301
vn -0.1775 0.9837 -0.0290
vn -0.3597 0.9308 0.0651
vn -0.4287 0.8773 0.2160
vn -0.2798 0.9560 -0.0878
vn 0.2226 0.9631 0.1514
vn 0.1144 0.9668 0.2284
vn 0.2281 0.9086 0.3500
vn 0.3280 0.9031 0.2771
vn 0.1176 0.9929 0.0154
vn 0.0106 0.9952 0.0976
vn 0.0162 0.9501 0.3116
vn 0.1253 0.8919 0.4344
vn -0.0934 0.9794 0.1792
vn 0.2447 0.9644 -0.1001
vn 0.3173 0.9474 0.0414
vn 0.4494 0.8913 -0.0599
vn 0.3809 0.9045 -0.1918
vn 0.0946 0.9954 -0.0170
vn 0.1728 0.9772 0.1234
vn 0.3922 0.9040 0.1702
vn 0.5269 0.8465 0.0757
vn 0.2456 0.9340 0.2596
vn -0.2806 0.9552 0.0946
vn -0.2520 0.9677 -0.0004
vn -0.4136 0.9096 -0.0394
vn -0.4389 0.8972 0.0498
vn -0.1150 0.9832 0.1414
vn -0.0892 0.9951 0.0437
vn -0.2309 0.9682 -0.0963
vn -0.3906 0.9105 -0.1357
vn -0.0642 0.9965 -0.0539
vn -0.0684 0.9672 0.2445
vn -0.2317 0.9608 0.1522
vn -0.2854 0.9069 0.3101
vn -0.1332 0.9084 0.3963
vn 0.0146 0.9955 0.0939
vn -0.1529 0.9882 0.0065
vn -0.3891 0.9183 0.0730
vn -0.4530 0.8626 0.2253
vn -0.3133 0.9461 -0.0815
vn 0.2572 0.9654 -0.0434
vn 0.2248 0.9725 0.0607
vn 0.3878 0.9167 0.0967
vn 0.4168 0.9090 -0.0011
vn 0.0914 0.9917 -0.0902
vn 0.0620 0.9979 0.0165
vn 0.2007 0.9657 0.1648
vn 0.3617 0.9101 0.2021
vn 0.0337 0.9919 0.1225
vn 0.0795 0.9727 -0.2181
vn 0.2058 0.9671 -0.1497
vn 0.2659 0.9142 -0.3057
vn 0.1471 0.9176 -0.3693
vn 0.0000 0.9979 -0.0650
vn 0.1292 0.9916 -0.0001
vn 0.3293 0.9399 -0.0904
vn 0.3937 0.8865 -0.2434
vn 0.2550 0.9647 0.0653
vn -0.2979 0.9544 -0.0197
vn -0.2287 0.9683 -0.1003
vn -0.3614 0.9106 -0.2006
vn -0.4249 0.8967 -0.1245
vn -0.1654 0.9821 0.0902
vn -0.0979 0.9952 0.0059
vn -0.1666 0.9685 -0.1848
vn -0.2970 0.9112 -0.2854
vn -0.0312 0.9964 -0.0787
vn -0.2176 0.9726 0.0822
vn -0.2832 0.9549 -0.0897
vn -0.4256 0.9049 -0.0012
vn -0.3644 0.9174 0.1600
vn -0.0575 0.9982 0.0182
vn -0.1289 0.9799 -0.1521
vn -0.3511 0.9033 -0.2465
vn -0.4976 0.8510 -0.1680
vn -0.1939 0.9282 -0.3176
vn 0.1501 0.9682 0.2000
vn -0.0283 0.9441 0.3284
vn 0.1008 0.8945 0.4355
vn 0.2678 0.9099 0.3169
vn 0.0481 0.9969 0.0616
vn -0.1265 0.9723 0.1968
vn -0.1894 0.8704 0.4544
vn -0.0735 0.8163 0.5730
vn -0.2994 0.8981 0.3222
vn -0.1932 0.8681 0.4572
vn -0.0771 0.8142 0.5755
vn -0.3033 0.8957 0.3250
vn 0.0738 0.9673 -0.2428
vn 0.2622 0.9546 -0.1413
vn 0.3055 0.9028 -0.3028
vn 0.1306 0.9080 -0.3982
vn -0.0066 0.9958 -0.0908
vn 0.1862 0.9825 0.0045
vn 0.4402 0.8962 -0.0554
vn 0.4987 0.8410 -0.2101
vn 0.3684 0.9242 0.1009
vn -0.2860 0.9580 0.0189
vn -0.2061 0.9702 -0.1276
vn -0.3639 0.9135 -0.1817
vn -0.4377 0.8980 -0.0453
vn -0.1321 0.9866 0.0956
vn -0.0568 0.9968 -0.0554
vn -0.1416 0.9509 -0.2753
vn -0.2940 0.8941 -0.3379
vn 0.0152 0.9788 -0.2044
vn 0.6208 0.0060 -0.7840
vn -0.7840 -0.0005 -0.6208
vn -0.6208 0.0060 0.7839
vn 0.7839 0.0125 0.6207
vn 0.6207 0.0060 -0.7840
vn -0.3948 0.0134 0.9187
vn 0.6391 0.7223 0.2643
vn 0.5809 0.7778 0.2401
vn -0.3731 0.0418 0.9269
vn 0.3744 0.0084 -0.9272
vn 0.3959 0.0364 -0.9176
vn -0.6595 -0.7004 -0.2729
vn -0.6031 -0.7578 -0.2491
vn 0.4567 0.8695 0.1880
vn -0.3808 0.0413 0.9237
vn 0.3891 0.0353 -0.9205
vn -0.4816 -0.8537 -0.1981
vn 0.3306 0.9341 0.1350
vn -0.3875 0.0394 0.9210
vn 0.3834 0.0329 -0.9230
vn -0.3573 -0.9225 -0.1460
vn 0.2108 0.9738 0.0848
vn -0.3935 0.0346 0.9187
vn 0.3783 0.0278 -0.9253
vn -0.2388 -0.9663 -0.0963
vn 0.1536 0.9863 0.0606
vn -0.4004 0.0062 0.9163
vn 0.3721 -0.0006 -0.9282
vn -0.1818 -0.9807 -0.0725
vn 0.1821 0.1764 0.9673
vn -0.4000 0.7224 -0.5640
vn -0.0004 -0.9420 -0.3357
vn 0.3677 0.2723 0.8892
vn -0.4050 0.6930 -0.5964
vn -0.1737 -0.9675 -0.1837
vn 0.8619 0.3116 0.3999
vn -0.2518 0.3040 -0.9188
vn 0.8619 0.3116 0.4000
vn -0.7001 -0.3969 0.5935
vn -0.7001 -0.3969 0.5936
vn -0.9189 -0.2956 -0.2614
vn 0.1067 0.8101 0.5765
vn 0.7871 -0.3404 -0.5143
vn 0.7872 -0.3404 -0.5143
vn 0.0047 0.1413 0.9900
vn -0.5460 0.6060 -0.5785
vn 0.3272 -0.8686 -0.3722
vn 0.5550 0.4617 0.6920
vn -0.3112 0.5120 -0.8006
vn 0.5550 0.4614 0.6922
vn -0.4303 -0.8755 0.2200
vn -0.4302 -0.8755 0.2202
vn 0.4971 0.4403 0.7477
vn 0.2868 0.1701 -0.9428
vn -0.9133 -0.3690 0.1726
vn -0.4558 0.0152 0.8899
vn 0.2664 0.8628 -0.4296
vn 0.2665 0.8626 -0.4299
vn -0.4559 0.0149 0.8899
vn -0.0215 -0.8358 -0.5486
vn 0.9350 0.0189 0.3542
vn 0.2504 0.6725 -0.6964
vn 0.2293 0.7339 -0.6394
vn 0.9428 0.0470 0.3301
vn -0.9420 0.0036 -0.3356
vn -0.9323 0.0303 -0.3605
vn -0.2574 -0.6500 0.7150
vn -0.2362 -0.7131 0.6600
vn 0.1826 0.8371 -0.5157
vn 0.9395 0.0480 0.3393
vn -0.9347 0.0289 -0.3542
vn -0.1907 -0.8202 0.5393
vn 0.1344 0.9118 -0.3879
vn 0.9365 0.0473 0.3475
vn -0.9368 0.0264 -0.3490
vn -0.1433 -0.8991 0.4137
vn 0.0883 0.9600 -0.2658
vn 0.9338 0.0430 0.3551
vn -0.9386 0.0209 -0.3443
vn -0.0978 -0.9511 0.2929
vn 0.0659 0.9760 -0.2074
vn 0.9312 0.0146 0.3642
vn -0.9415 -0.0079 -0.3368
vn -0.0761 -0.9691 0.2347
vn 0.8516 -0.0488 0.5219
vn -0.5443 0.8382 0.0330
vn -0.4288 -0.8474 -0.3131
vn 0.7444 0.3077 -0.5926
vn -0.6629 0.6651 0.3437
vn -0.6628 0.6653 0.3435
vn 0.7443 0.3080 -0.5926
vn 0.0442 -0.9094 0.4135
vn 0.0441 -0.9094 0.4136
vn 0.3993 0.2516 -0.8816
vn -0.9596 0.2125 0.1845
vn 0.6002 -0.2627 0.7554
vn 0.6002 -0.2627 0.7555
vn 0.2572 -0.2986 0.9191
vn -0.1721 0.9711 -0.1654
vn -0.3525 -0.6738 -0.6494
vn 0.8137 -0.1095 0.5709
vn -0.6374 0.7455 0.1949
vn -0.2983 -0.7601 -0.5773
vn 0.7959 0.3712 -0.4783
vn -0.5934 0.6189 0.5147
vn -0.5931 0.6193 0.5145
vn 0.7957 0.3716 -0.4782
vn -0.0472 -0.9827 0.1791
vn -0.0639 -0.2727 0.9600
vn 0.7517 0.5913 -0.2922
vn -0.7970 -0.1087 -0.5941
vn 0.3220 -0.3229 0.8900
vn -0.4299 0.9002 -0.0690
vn -0.1066 -0.6533 -0.7496
vn 0.9001 0.0248 0.4349
vn -0.4297 0.8585 -0.2799
vn -0.5655 -0.8190 0.0969
vn -0.5655 -0.8190 0.0968
vn 0.1899 0.0057 -0.9818
vn -0.6406 0.7584 -0.1197
vn -0.5773 0.8093 -0.1082
vn 0.1683 0.0342 -0.9851
vn -0.1686 0.0135 0.9856
vn -0.1892 0.0425 0.9810
vn 0.6620 -0.7393 0.1235
vn 0.6001 -0.7920 0.1127
vn -0.4436 0.8922 -0.0843
vn 0.1750 0.0326 -0.9840
vn -0.1812 0.0418 0.9826
vn 0.4688 -0.8788 0.0892
vn -0.3093 0.9490 -0.0604
vn 0.1806 0.0300 -0.9831
vn -0.1743 0.0398 0.9839
vn 0.3362 -0.9395 0.0655
vn -0.1843 0.9821 -0.0381
vn 0.1854 0.0243 -0.9824
vn -0.1682 0.0345 0.9851
vn 0.2121 -0.9763 0.0433
vn -0.1255 0.9917 -0.0277
vn 0.1906 -0.0031 -0.9817
vn -0.1625 0.0072 0.9867
vn 0.1536 -0.9876 0.0327
vn 0.2860 -0.0373 -0.9575
vn 0.2264 0.8045 0.5491
vn 0.2264 0.8045 0.5490
vn -0.2961 -0.8387 0.4570
vn -0.3611 0.1879 -0.9134
vn 0.5842 0.6810 0.4415
vn 0.0163 -0.9432 0.3319
vn -0.8536 0.2917 -0.4315
vn 0.1433 0.1792 0.9733
vn 0.7825 -0.2402 -0.5745
vn 0.9418 -0.3353 -0.0232
vn -0.2086 0.8957 -0.3927
vn -0.6511 -0.4183 0.6333
vn 0.6753 -0.2338 -0.6995
vn 0.1724 0.7743 0.6090
vn 0.1723 0.7743 0.6090
vn -0.7088 -0.6637 0.2389
vn -0.4863 0.3163 -0.8146
vn 0.6774 0.5979 0.4285
vn -0.0057 -0.9741 0.2260
vn -0.6628 0.4421 -0.6043
vn -0.0422 0.1765 0.9834
vn 0.8350 -0.3871 -0.3911
vn 0.8383 -0.4029 -0.3673
vn -0.0487 0.9907 0.1270
vn -0.6492 -0.5854 0.4856
vn -0.6491 -0.5855 0.4856
vn 0.2512 0.0095 -0.9679
vn -0.1331 0.8664 0.4812
vn 0.1089 -0.8427 0.5272
vn -0.8779 0.0024 -0.4789
vn -0.3457 0.6891 0.6369
vn -0.3170 0.7486 0.5824
vn -0.8896 0.0294 -0.4559
vn 0.8866 0.0181 0.4623
vn 0.8742 0.0465 0.4834
vn 0.3547 -0.6687 -0.6535
vn 0.3273 -0.7298 -0.6003
vn -0.2554 0.8479 0.4645
vn -0.8866 0.0280 -0.4616
vn 0.8787 0.0475 0.4750
vn 0.2670 -0.8328 -0.4849
vn -0.1921 0.9193 0.3434
vn -0.8842 0.0255 -0.4664
vn 0.8828 0.0467 0.4675
vn 0.2046 -0.9080 -0.3656
vn -0.1327 0.9642 0.2296
vn -0.8820 0.0194 -0.4709
vn 0.8866 0.0416 0.4606
vn 0.1457 -0.9564 -0.2530
vn -0.1050 0.9788 0.1759
vn -0.8787 -0.0083 -0.4773
vn 0.8913 0.0144 0.4533
vn 0.1176 -0.9727 -0.2000
vn -0.8649 -0.0142 -0.5017
vn 0.6020 0.7939 -0.0855
vn 0.3671 -0.8550 0.3663
vn -0.5054 0.3238 0.7998
vn 0.7886 0.5205 -0.3274
vn -0.4048 -0.7011 -0.5870
vn -0.3414 0.1866 0.9212
vn 0.9620 0.1738 -0.2107
vn 0.9620 0.1738 -0.2106
vn -0.6516 -0.1207 -0.7489
vn -0.0250 -0.3210 -0.9467
vn 0.0634 0.9803 0.1869
vn 0.0634 0.9804 0.1868
vn -0.0250 -0.3207 -0.9469
vn 0.1654 -0.6543 0.7379
vn 0.1654 -0.6542 0.7381
vn -0.9725 0.0685 -0.2227
vn 0.6491 0.6087 -0.4562
vn 0.6491 0.6087 -0.4561
vn 0.3398 -0.8237 0.4540
vn -0.7973 0.3965 0.4551
vn 0.6693 0.6034 -0.4335
vn 0.6693 0.6035 -0.4335
vn 0.0101 -0.9775 -0.2109
vn 0.1052 -0.1821 -0.9776
vn -0.8441 0.4209 0.3322
vn 0.8069 -0.0124 0.5905
vn -0.8442 0.0152 -0.5358
vn 0.3900 0.8624 0.3228
vn 0.5697 -0.8218 -0.0080
vn -0.0829 0.0135 0.9965
vn 0.6513 0.7575 0.0442
vn 0.5871 0.8085 0.0394
vn -0.0618 0.0426 0.9972
vn 0.0630 0.0043 -0.9980
vn 0.0848 0.0328 -0.9959
vn -0.6713 -0.7398 -0.0457
vn -0.6086 -0.7925 -0.0406
vn 0.4518 0.8916 0.0290
vn -0.0700 0.0421 0.9967
vn 0.0783 0.0313 -0.9964
vn -0.4755 -0.8792 -0.0304
vn 0.3159 0.9486 0.0184
vn -0.0771 0.0404 0.9962
vn 0.0729 0.0288 -0.9969
vn -0.3411 -0.9398 -0.0200
vn 0.1913 0.9815 0.0088
vn -0.0835 0.0342 0.9959
vn 0.0680 0.0222 -0.9974
vn -0.2175 -0.9760 -0.0105
vn 0.1339 0.9910 0.0042
vn -0.0893 0.0080 0.9960
vn 0.0629 -0.0041 -0.9980
vn -0.1603 -0.9870 -0.0062
vn -0.2842 -0.0698 0.9562
vn -0.2259 0.8241 -0.5195
vn 0.2827 -0.8253 -0.4888
vn 0.6914 0.3097 0.6527
vn -0.5713 0.6746 -0.4675
vn 0.6914 0.3098 0.6527
vn -0.2684 -0.9633 -0.0112
vn 0.8103 0.1811 0.5573
vn 0.0554 0.0968 -0.9938
vn -0.8968 -0.0521 0.4393
vn -0.8330 -0.3527 0.4262
vn 0.1083 0.9872 -0.1170
vn 0.5777 -0.6207 -0.5301
vn 0.5776 -0.6207 -0.5301
vn -0.0220 -0.0199 0.9996
vn -0.6725 0.5529 -0.4920
vn 0.4972 -0.7150 -0.4915
vn 0.4972 -0.7150 -0.4914
vn 0.6533 0.4108 0.6360
vn -0.6523 0.5874 -0.4790
vn -0.6523 0.5875 -0.4790
vn -0.1635 -0.9859 0.0353
vn -0.9363 -0.2903 0.1979
vn 0.4554 0.6344 0.6246
vn 0.3595 -0.1137 -0.9262
vn -0.1567 0.0138 0.9876
vn 0.0850 0.8648 -0.4949
vn -0.1689 -0.8427 -0.5112
vn 0.8192 0.0173 0.5732
vn 0.4017 0.6962 -0.5949
vn 0.3666 0.7549 -0.5439
vn 0.8321 0.0459 0.5527
vn -0.8293 0.0013 -0.5587
vn -0.8144 0.0286 -0.5795
vn -0.4118 -0.6776 0.6093
vn -0.3768 -0.7377 0.5601
vn 0.2902 0.8526 -0.4346
vn 0.8268 0.0469 0.5605
vn -0.8181 0.0273 -0.5744
vn -0.3019 -0.8389 0.4529
vn 0.2118 0.9225 -0.3227
vn 0.8221 0.0462 0.5674
vn -0.8212 0.0249 -0.5702
vn -0.2247 -0.9123 0.3424
vn 0.1398 0.9655 -0.2198
vn 0.8178 0.0401 0.5741
vn -0.8242 0.0178 -0.5660
vn -0.1535 -0.9585 0.2404
vn 0.1066 0.9792 -0.1727
vn 0.8137 0.0141 0.5811
vn -0.8281 -0.0086 -0.5606
vn -0.1210 -0.9737 0.1933
vn 0.9139 0.0543 0.4024
vn -0.6354 0.7624 0.1229
vn -0.3515 -0.8871 -0.2991
vn 0.9238 0.2953 -0.2437
vn -0.6995 0.6896 0.1874
vn -0.1470 -0.9404 0.3066
vn -0.4456 -0.0668 0.8927
vn 0.9448 0.3236 -0.0510
vn -0.5618 0.0011 -0.8273
vn 0.0967 -0.2915 0.9517
vn -0.2239 0.9547 -0.1958
vn -0.1543 -0.6904 -0.7067
vn 0.7704 -0.0569 0.6350
vn -0.7528 0.6273 0.1994
vn 0.7704 -0.0568 0.6350
vn -0.1357 -0.7291 -0.6708
vn 0.9178 0.3542 -0.1793
vn -0.7018 0.6211 0.3488
vn -0.1301 -0.9865 0.0996
vn 0.6582 0.3842 -0.6475
vn -0.9527 0.3026 -0.0300
vn -0.9526 0.3027 -0.0301
vn 0.6583 0.3841 -0.6474
vn 0.3319 -0.4987 0.8007
vn 0.3323 -0.4987 0.8006
vn 0.7710 0.0212 0.6365
vn -0.3509 0.8589 -0.3730
vn -0.5588 -0.8268 -0.0651
vn 0.0423 0.0034 -0.9991
vn -0.6636 0.7476 -0.0257
vn -0.5996 0.7999 -0.0236
vn 0.0198 0.0319 -0.9993
vn -0.0242 0.0131 0.9996
vn -0.0458 0.0423 0.9981
vn 0.6818 -0.7311 0.0262
vn 0.6192 -0.7849 0.0247
vn -0.4643 0.8855 -0.0197
vn 0.0263 0.0306 -0.9992
vn -0.0375 0.0421 0.9984
vn 0.4860 -0.8737 0.0208
vn -0.3280 0.9446 -0.0158
vn 0.0317 0.0283 -0.9991
vn -0.0304 0.0406 0.9987
vn 0.3511 -0.9362 0.0169
vn -0.2056 0.9786 -0.0123
vn 0.0368 0.0206 -0.9991
vn -0.0237 0.0334 0.9992
vn 0.2297 -0.9732 0.0134
vn -0.1509 0.9885 -0.0109
vn 0.0420 -0.0045 -0.9991
vn -0.0178 0.0085 0.9998
vn 0.1751 -0.9845 0.0116
vn 0.6243 -0.1932 -0.7569
vn -0.0424 0.9258 0.3757
vn -0.3824 -0.7599 0.5257
vn -0.6934 0.2895 -0.6598
vn 0.5719 0.6874 0.4477
vn 0.2543 -0.9655 0.0563
vn -0.9521 0.2754 -0.1328
vn 0.4577 0.2141 0.8630
vn -0.9521 0.2754 -0.1327
vn 0.5465 -0.2760 -0.7907
vn 0.6563 -0.2835 -0.6992
vn 0.0796 0.9123 0.4016
vn 0.0795 0.9123 0.4017
vn 0.6562 -0.2839 -0.6992
vn -0.5377 -0.6965 0.4752
vn -0.5376 -0.6966 0.4751
vn 0.4546 -0.1944 -0.8692
vn 0.3240 0.7606 0.5627
vn -0.5915 -0.6947 0.4093
vn -0.6356 0.3649 -0.6804
vn 0.6989 0.6005 0.3885
vn 0.0962 -0.9905 0.0983
vn 0.9546 -0.2602 -0.1448
vn -0.4464 0.6075 -0.6570
vn -0.4113 -0.1318 0.9019
vn 0.1105 0.0116 -0.9938
vn -0.0738 0.8659 0.4947
vn 0.1105 0.0115 -0.9938
vn 0.2077 -0.8370 0.5062
vn -0.7719 0.0002 -0.6357
vn -0.4208 0.7496 0.5109
vn -0.3805 0.8017 0.4610
vn -0.7858 0.0285 -0.6178
vn 0.7828 0.0156 0.6221
vn 0.7687 0.0450 0.6381
vn 0.4317 -0.7338 -0.5246
vn 0.3928 -0.7873 -0.4752
vn -0.2961 0.8867 0.3552
vn -0.7822 0.0269 -0.6225
vn 0.7742 0.0451 0.6314
vn 0.3096 -0.8755 -0.3710
vn -0.2111 0.9453 0.2486
vn -0.7792 0.0245 -0.6263
vn 0.7790 0.0439 0.6255
vn 0.2255 -0.9374 -0.2655
vn -0.1361 0.9786 0.1544
vn -0.7763 0.0159 -0.6301
vn 0.7838 0.0361 0.6200
vn 0.1508 -0.9735 -0.1721
vn -0.1033 0.9882 0.1129
vn -0.7734 -0.0083 -0.6339
vn 0.7879 0.0122 0.6157
vn 0.1178 -0.9843 -0.1311
vn -0.7789 -0.0084 -0.6271
vn 0.6502 0.7588 -0.0366
vn 0.2565 -0.8424 0.4739
vn -0.8034 0.3686 0.4676
vn 0.8185 0.5669 -0.0932
vn -0.0884 -0.8309 -0.5494
vn 0.2132 -0.0995 -0.9719
vn -0.9127 0.3041 0.2728
vn 0.7465 0.0331 0.6645
vn 0.2989 -0.3584 -0.8844
vn -0.3092 0.9488 0.0648
vn -0.3092 0.9487 0.0653
vn 0.2989 -0.3585 -0.8844
vn 0.2350 -0.4975 0.8351
vn 0.2349 -0.4972 0.8353
vn -0.5953 -0.1219 -0.7942
vn 0.7853 0.6153 -0.0691
vn -0.0281 -0.6737 0.7385
vn -0.7626 0.4656 0.4490
vn 0.8899 0.4538 -0.0465
vn -0.1890 -0.7680 -0.6120
vn 0.3917 -0.3131 -0.8652
vn -0.7398 0.6727 -0.0118
vn 0.3917 -0.3130 -0.8652
vn 0.4956 -0.1687 0.8520
vn -0.7282 0.0104 -0.6852
vn 0.3494 0.8664 0.3567
vn -0.7282 0.0105 -0.6852
vn 0.5305 -0.8363 0.1383
vn -0.3824 0.0106 0.9239
vn 0.6556 0.7077 0.2634
vn 0.5977 0.7650 0.2399
vn -0.3599 0.0391 0.9322
vn 0.3679 0.0055 -0.9299
vn 0.3903 0.0335 -0.9201
vn -0.6702 -0.6916 -0.2693
vn -0.6136 -0.7503 -0.2461
vn 0.4738 0.8600 0.1894
vn -0.3674 0.0393 0.9292
vn 0.3838 0.0330 -0.9228
vn -0.4918 -0.8483 -0.1964
vn 0.3474 0.9275 0.1378
vn -0.3740 0.0382 0.9267
vn 0.3782 0.0313 -0.9252
vn -0.3668 -0.9189 -0.1454
vn 0.2367 0.9672 0.0926
vn -0.3808 0.0293 0.9242
vn 0.3724 0.0222 -0.9278
vn -0.2569 -0.9612 -0.1007
vn 0.1891 0.9792 0.0731
vn -0.3871 0.0060 0.9220
vn 0.3667 -0.0012 -0.9303
vn -0.2095 -0.9744 -0.0814
vn 0.1765 0.1826 0.9672
vn -0.2991 0.7456 -0.5955
vn -0.0787 -0.9453 -0.3166
vn 0.3370 0.2562 0.9060
vn -0.3913 0.7026 -0.5943
vn -0.3914 0.7024 -0.5945
vn 0.3370 0.2558 0.9061
vn -0.1599 -0.9647 -0.2094
vn -0.9805 -0.0885 -0.1757
vn 0.3103 0.3278 0.8923
vn 0.6382 -0.0035 -0.7699
vn -0.9388 -0.3375 -0.0688
vn 0.1632 0.9213 0.3529
vn 0.1631 0.9213 0.3530
vn -0.9389 -0.3372 -0.0687
vn 0.7232 -0.4612 -0.5140
vn 0.7234 -0.4610 -0.5139
vn -0.3316 0.0007 0.9434
vn -0.3812 0.6536 -0.6539
vn 0.5139 -0.7884 -0.3382
vn 0.4480 0.3626 0.8172
vn -0.5295 0.6159 -0.5833
vn -0.1146 -0.9885 -0.0988
vn 0.6532 0.3888 0.6498
vn 0.0964 0.2096 -0.9730
vn -0.8707 -0.3570 0.3381
vn -0.8707 -0.3570 0.3382
vn -0.4397 0.0160 0.8980
vn 0.2964 0.8583 -0.4188
vn -0.0463 -0.8296 -0.5565
vn 0.9919 0.0141 0.1264
vn 0.0786 0.7141 -0.6956
vn 0.0711 0.7706 -0.6334
vn 0.9937 0.0430 0.1031
vn -0.9938 0.0011 -0.1113
vn -0.9903 0.0290 -0.1356
vn -0.0805 -0.6989 0.7107
vn -0.0724 -0.7567 0.6498
vn 0.0542 0.8641 -0.5004
vn 0.9928 0.0438 0.1117
vn -0.9912 0.0279 -0.1294
vn -0.0559 -0.8530 0.5188
vn 0.0371 0.9303 -0.3650
vn 0.9919 0.0430 0.1194
vn -0.9919 0.0259 -0.1242
vn -0.0390 -0.9222 0.3848
vn 0.0224 0.9682 -0.2492
vn 0.9913 0.0332 0.1274
vn -0.9928 0.0154 -0.1184
vn -0.0246 -0.9626 0.2698
vn 0.0162 0.9795 -0.2010
vn 0.9909 0.0114 0.1338
vn -0.9936 -0.0067 -0.1130
vn -0.0186 -0.9749 0.2219
vn 0.9362 -0.0696 0.3444
vn -0.5412 0.8134 0.2133
vn -0.5411 0.8134 0.2133
vn -0.4620 -0.8223 -0.3322
vn 0.4442 0.3449 -0.8269
vn -0.5328 0.6299 0.5651
vn 0.3116 -0.8639 0.3956
vn -0.2218 -0.0289 0.9747
vn 0.9257 0.2461 -0.2873
vn -0.7391 -0.0072 -0.6736
vn 0.2280 -0.3357 0.9140
vn 0.0426 0.9824 -0.1818
vn 0.2280 -0.3357 0.9139
vn -0.5261 -0.5862 -0.6161
vn 0.9361 -0.1032 0.3363
vn -0.5958 0.6875 0.4152
vn -0.5958 0.6874 0.4152
vn -0.4051 -0.7300 -0.5505
vn 0.7108 0.3369 -0.6175
vn -0.3743 0.6141 0.6949
vn -0.1372 -0.9860 0.0948
vn 0.6604 0.4177 -0.6241
vn -0.9781 0.1228 -0.1680
vn 0.6603 0.4177 -0.6241
vn 0.3068 -0.3166 0.8976
vn 0.9786 0.0201 0.2048
vn -0.4841 0.8595 -0.1639
vn -0.4838 0.8597 -0.1639
vn 0.9786 0.0204 0.2048
vn -0.5251 -0.8274 0.1995
vn -0.5251 -0.8273 0.1995
vn -0.1621 0.0014 -0.9868
vn -0.7518 0.6476 0.1243
vn -0.6930 0.7118 0.1141
vn -0.1896 0.0280 -0.9815
vn 0.1750 0.0144 0.9845
vn 0.1484 0.0422 0.9880
vn 0.7647 -0.6319 -0.1266
vn 0.7074 -0.6973 -0.1159
vn -0.5646 0.8203 0.0911
vn -0.1831 0.0276 -0.9827
vn 0.1575 0.0441 0.9865
vn 0.5812 -0.8084 -0.0933
vn -0.4308 0.8999 0.0672
vn -0.1776 0.0260 -0.9838
vn 0.1657 0.0441 0.9852
vn 0.4490 -0.8908 -0.0697
vn -0.3179 0.9470 0.0468
vn -0.1704 0.0142 -0.9853
vn 0.1753 0.0334 0.9840
vn 0.3370 -0.9402 -0.0498
vn -0.2725 0.9614 0.0385
vn -0.1637 -0.0069 -0.9865
vn 0.1831 0.0125 0.9830
vn 0.2918 -0.9556 -0.0419
vn -0.3122 0.0460 -0.9489
vn 0.4387 0.7992 0.4109
vn 0.0931 -0.8919 0.4426
vn -0.9160 0.3210 -0.2407
vn 0.6588 0.6496 0.3795
vn 0.3332 -0.8577 -0.3916
vn -0.9533 0.2220 0.2048
vn 0.7064 0.2009 0.6787
vn 0.2677 -0.1838 -0.9458
vn 0.9674 -0.2129 -0.1373
vn -0.4294 0.7040 -0.5657
vn -0.4454 -0.2813 0.8500
vn -0.3821 0.0470 -0.9229
vn 0.7467 0.6156 0.2518
vn -0.1785 -0.8074 0.5623
vn -0.8909 0.4160 -0.1822
vn 0.7279 0.5573 0.3995
vn 0.2326 -0.8693 -0.4362
vn -0.8755 0.3172 -0.3644
vn 0.2004 0.1182 0.9726
vn -0.8755 0.3172 -0.3645
vn 0.7403 -0.2334 -0.6305
vn -0.0982 0.0203 -0.9950
vn -0.0785 0.8520 0.5177
vn -0.0786 0.8520 0.5177
vn 0.4069 -0.8027 0.4361
vn -0.9992 0.0009 -0.0401
vn -0.0292 0.6709 0.7410
vn -0.0273 0.7325 0.6803
vn -0.9995 0.0281 -0.0133
vn 0.9995 0.0137 0.0272
vn 0.9977 0.0420 0.0528
vn 0.0296 -0.6563 -0.7540
vn 0.0284 -0.7190 -0.6944
vn -0.0238 0.8358 0.5485
vn -0.9994 0.0276 -0.0197
vn 0.9981 0.0435 0.0438
vn 0.0249 -0.8249 -0.5647
vn -0.0202 0.9108 0.4123
vn -0.9993 0.0259 -0.0252
vn 0.9984 0.0433 0.0358
vn 0.0213 -0.9026 -0.4300
vn -0.0174 0.9532 0.3020
vn -0.9994 0.0124 -0.0326
vn 0.9992 0.0306 0.0262
vn 0.0183 -0.9471 -0.3205
vn -0.0165 0.9654 0.2603
vn -0.9992 -0.0066 -0.0384
vn 0.9997 0.0119 0.0197
vn 0.0170 -0.9601 -0.2790
vn -0.9900 -0.0247 -0.1391
vn 0.5036 0.8365 -0.2160
vn 0.5008 -0.8592 0.1045
vn -0.2275 0.3221 0.9190
vn 0.4991 0.6024 -0.6229
vn -0.4516 -0.8159 -0.3611
vn 0.2631 0.1945 0.9449
vn 0.6348 0.2198 -0.7407
vn -0.9602 -0.1791 -0.2144
vn -0.4427 -0.3232 -0.8364
vn 0.0080 0.9783 0.2071
vn 0.5980 -0.6171 0.5114
vn -0.9982 0.0149 0.0572
vn 0.4680 0.6655 -0.5815
vn -0.9983 0.0149 0.0572
vn 0.4980 -0.8044 0.3240
vn -0.8325 0.2276 0.5051
vn 0.3321 0.6315 -0.7006
vn 0.3223 -0.9466 -0.0059
vn 0.3223 -0.9466 -0.0058
vn -0.4664 0.3372 0.8178
vn 0.9838 0.1491 -0.0998
vn -0.5402 -0.2593 -0.8006
vn -0.9938 0.0202 -0.1091
vn 0.4915 0.8552 0.1644
vn 0.5088 -0.8064 -0.3012
vn -0.2651 0.0097 0.9642
vn 0.6469 0.7432 0.1705
vn 0.5852 0.7961 0.1540
vn -0.2436 0.0389 0.9691
vn 0.2519 0.0029 -0.9678
vn 0.2736 0.0316 -0.9613
vn -0.6601 -0.7307 -0.1741
vn -0.5996 -0.7847 -0.1575
vn 0.4549 0.8826 0.1186
vn -0.2510 0.0389 0.9672
vn 0.2674 0.0309 -0.9631
vn -0.4708 -0.8737 -0.1226
vn 0.3234 0.9426 0.0830
vn -0.2576 0.0378 0.9655
vn 0.2621 0.0291 -0.9646
vn -0.3404 -0.9362 -0.0873
vn 0.2235 0.9731 0.0559
vn -0.2653 0.0225 0.9639
vn 0.2554 0.0135 -0.9667
vn -0.2410 -0.9686 -0.0604
vn 0.1894 0.9808 0.0466
vn -0.2694 0.0063 0.9630
vn 0.2518 -0.0028 -0.9678
vn -0.2069 -0.9770 -0.0513
vn -0.3268 -0.0294 0.9447
vn -0.2683 0.7635 -0.5875
vn -0.3268 -0.0293 0.9447
vn 0.3736 -0.8296 -0.4150
vn 0.7996 0.3624 0.4789
vn -0.4249 0.5411 -0.7258
vn -0.4978 -0.7741 0.3911
vn 0.8017 0.2467 0.5445
vn 0.0165 0.1446 -0.9893
vn -0.8759 -0.1507 0.4584
vn -0.9280 -0.3604 0.0944
vn 0.1557 0.9820 0.1072
vn 0.6974 -0.5588 -0.4487
vn -0.6919 -0.2074 0.6915
vn -0.1865 0.7082 -0.6809
vn 0.7375 -0.6548 -0.1652
vn 0.5987 0.4614 0.6547
vn -0.4045 0.5262 -0.7479
vn -0.4047 0.5260 -0.7480
vn 0.5987 0.4611 0.6549
vn -0.3826 -0.8942 0.2323
vn -0.3384 0.0183 0.9408
vn 0.2227 0.8610 -0.4572
vn 0.2227 0.8611 -0.4572
vn -0.1185 -0.8286 -0.5471
vn 0.9828 0.0134 0.1844
vn 0.1248 0.6884 -0.7145
vn 0.1137 0.7480 -0.6539
vn 0.9862 0.0421 0.1600
vn -0.9850 -0.0004 -0.1725
vn -0.9798 0.0271 -0.1980
vn -0.1270 -0.6754 0.7264
vn -0.1154 -0.7360 0.6670
vn 0.0890 0.8474 -0.5235
vn 0.9847 0.0435 0.1686
vn -0.9810 0.0265 -0.1920
vn -0.0911 -0.8377 0.5384
vn 0.0636 0.9188 -0.3896
vn 0.9834 0.0433 0.1764
vn -0.9821 0.0248 -0.1869
vn -0.0660 -0.9116 0.4057
vn 0.0455 0.9545 -0.2946
vn 0.9820 0.0247 0.1871
vn -0.9840 0.0054 -0.1783
vn -0.0484 -0.9491 0.3113
vn 0.0403 0.9628 -0.2673
vn 0.9814 0.0121 0.1914
vn -0.9846 -0.0074 -0.1746
vn -0.0433 -0.9578 0.2842
vn 0.9900 0.0096 0.1406
vn -0.5466 0.7768 0.3127
vn -0.4554 -0.8632 -0.2178
vn 0.6677 0.2973 -0.6825
vn -0.5197 0.6849 0.5107
vn 0.0116 -0.9476 0.3193
vn -0.0477 -0.0805 0.9956
vn 0.8350 0.3543 -0.4209
vn -0.8474 -0.0094 -0.5309
vn 0.3029 -0.3378 0.8911
vn 0.0048 0.9833 -0.1821
vn -0.4895 -0.6137 -0.6195
vn 0.9994 0.0341 -0.0083
vn -0.5039 0.5825 0.6378
vn -0.4665 -0.7737 -0.4286
vn 0.5199 0.4360 -0.7346
vn -0.6740 0.5389 0.5053
vn 0.3420 -0.8504 0.3999
vn 0.9646 0.0259 0.2625
vn -0.4622 0.8504 -0.2515
vn -0.5467 -0.8071 0.2229
vn 0.3584 0.0038 -0.9336
vn -0.7143 0.6449 -0.2717
vn -0.6586 0.7095 -0.2507
vn 0.3321 0.0308 -0.9427
vn -0.3480 0.0096 0.9374
vn -0.3732 0.0372 0.9270
vn 0.7247 -0.6315 0.2756
vn 0.6700 -0.6970 0.2554
vn -0.5367 0.8185 -0.2052
vn 0.3388 0.0312 -0.9403
vn -0.3655 0.0386 0.9300
vn 0.5498 -0.8083 0.2104
vn -0.4095 0.8986 -0.1577
vn 0.3447 0.0303 -0.9382
vn -0.3585 0.0385 0.9327
vn 0.4240 -0.8908 0.1634
vn -0.3285 0.9359 -0.1275
vn 0.3563 0.0064 -0.9343
vn -0.3465 0.0149 0.9379
vn 0.3437 -0.9296 0.1333
vn -0.3126 0.9421 -0.1216
vn 0.3590 -0.0013 -0.9333
vn -0.3437 0.0073 0.9390
vn 0.3279 -0.9361 0.1273
vn 0.5965 -0.0706 -0.7995
vn -0.0583 0.8672 0.4945
vn -0.3496 -0.8337 0.4274
vn -0.7530 0.3240 -0.5727
vn 0.3891 0.6108 0.6896
vn -0.7530 0.3239 -0.5727
vn 0.5079 -0.8167 -0.2740
vn 0.7812 -0.0748 0.6198
vn 0.1246 0.4267 -0.8958
vn 0.1245 0.4267 -0.8958
vn -0.9248 -0.1200 0.3610
vn 0.9409 -0.3112 -0.1333
vn -0.1810 0.9788 0.0953
vn -0.1810 0.9788 0.0954
vn 0.9410 -0.3112 -0.1333
vn -0.6923 -0.6556 0.3016
vn 0.3776 -0.0265 -0.9256
vn 0.3245 0.6947 0.6419
vn 0.3245 0.6948 0.6419
vn -0.5011 -0.7925 0.3476
vn -0.5011 -0.7925 0.3477
vn -0.7001 0.4053 -0.5879
vn 0.4199 0.5571 0.7165
vn 0.4447 -0.8498 -0.2830
vn 0.4162 0.0248 -0.9089
vn -0.3853 0.8377 0.3870
vn 0.1697 -0.7842 0.5969
vn -0.9374 0.0024 0.3482
vn 0.2546 0.6866 0.6810
vn 0.2328 0.7464 0.6234
vn -0.9277 0.0302 0.3721
vn 0.9333 0.0101 -0.3590
vn 0.9413 0.0385 -0.3352
vn -0.2588 -0.6741 -0.6918
vn -0.2369 -0.7349 -0.6354
vn 0.1854 0.8462 0.4996
vn -0.9302 0.0301 0.3658
vn 0.9385 0.0395 -0.3429
vn -0.1902 -0.8369 -0.5132
vn 0.1367 0.9180 0.3723
vn -0.9323 0.0288 0.3605
vn 0.9360 0.0391 -0.3498
vn -0.1419 -0.9111 -0.3871
vn 0.1100 0.9466 0.3031
vn -0.9372 -0.0003 0.3489
vn 0.9319 0.0103 -0.3625
vn -0.1157 -0.9410 -0.3181
vn 0.1083 0.9482 0.2986
vn -0.9374 -0.0026 0.3482
vn 0.9316 0.0081 -0.3633
vn -0.1140 -0.9427 -0.3137
vn -0.8079 0.0783 0.5841
vn 0.2584 0.7693 -0.5843
vn 0.3894 -0.9035 -0.1790
vn -0.2788 0.2848 0.9171
vn 0.1574 0.6972 -0.6993
vn -0.1516 -0.9472 -0.2826
vn 0.2777 0.1584 0.9475
vn 0.6675 0.1255 -0.7340
vn 0.6678 0.1256 -0.7337
vn -0.9735 -0.0412 -0.2251
vn -0.9735 -0.0411 -0.2248
vn -0.5469 -0.3290 -0.7699
vn -0.0868 0.9515 0.2950
vn -0.0866 0.9515 0.2952
vn -0.5467 -0.3293 -0.7699
vn 0.7643 -0.5519 0.3336
vn 0.7643 -0.5520 0.3335
vn -0.8811 0.0352 0.4717
vn 0.1958 0.6657 -0.7201
vn -0.8810 0.0351 0.4717
vn 0.5556 -0.8290 0.0634
vn -0.1431 0.3817 0.9131
vn 0.1504 0.6165 -0.7729
vn -0.2217 -0.9598 -0.1722
vn -0.9587 0.0252 0.2831
vn 0.5368 0.8436 0.0125
vn 0.3386 -0.7885 -0.5135
vn 0.4400 0.0140 0.8979
vn 0.6732 0.6567 -0.3401
vn 0.6193 0.7199 -0.3134
vn 0.4631 0.0423 0.8853
vn -0.4498 -0.0013 -0.8931
vn -0.4248 0.0255 -0.9049
vn -0.6829 -0.6440 0.3448
vn -0.6296 -0.7082 0.3195
vn 0.5015 0.8263 -0.2563
vn 0.4550 0.0444 0.8894
vn -0.4303 0.0251 -0.9023
vn -0.5135 -0.8168 0.2631
vn 0.3864 0.9003 -0.2005
vn 0.4464 0.0411 0.8939
vn -0.4364 0.0199 -0.8995
vn -0.3996 -0.8929 0.2076
vn 0.3314 0.9273 -0.1741
vn 0.4340 0.0141 0.9008
vn -0.4479 -0.0077 -0.8941
vn -0.3453 -0.9209 0.1808
vn 0.7473 0.1114 0.6551
vn -0.6162 0.7673 -0.1775
vn -0.2618 -0.9189 -0.2951
vn -0.2619 -0.9189 -0.2951
vn 0.9440 0.2758 0.1812
vn -0.7004 0.7022 -0.1275
vn -0.7005 0.7022 -0.1275
vn -0.2782 -0.9437 0.1787
vn 0.9315 0.1869 -0.3120
vn -0.7647 0.1406 -0.6289
vn -0.1808 -0.0831 0.9800
vn -0.7903 -0.2922 0.5387
vn 0.4031 0.8987 0.1725
vn -0.7903 -0.2922 0.5386
vn 0.2090 -0.4727 -0.8561
vn 0.2091 -0.4727 -0.8561
vn 0.5680 0.0477 0.8216
vn -0.7137 0.6859 -0.1424
vn -0.7137 0.6859 -0.1425
vn 0.5680 0.0478 0.8216
vn -0.0210 -0.8463 -0.5323
vn 0.9143 0.3900 -0.1092
vn -0.8014 0.5783 -0.1527
vn 0.9143 0.3900 -0.1091
vn -0.1077 -0.8709 0.4794
vn -0.1078 -0.8709 0.4794
vn 0.3737 0.0323 0.9270
vn 0.0139 0.8254 -0.5644
vn -0.5771 -0.7705 -0.2705
vn 0.8137 0.0072 -0.5813
vn -0.3901 0.7480 -0.5369
vn -0.3526 0.8003 -0.4850
vn 0.8002 0.0365 -0.5986
vn -0.8065 0.0038 0.5912
vn -0.8191 0.0327 0.5728
vn 0.3973 -0.7370 0.5468
vn 0.3604 -0.7903 0.4956
vn -0.2736 0.8856 -0.3754
vn 0.8045 0.0364 -0.5928
vn -0.8153 0.0323 0.5782
vn 0.2822 -0.8778 0.3871
vn -0.2045 0.9381 -0.2796
vn 0.8099 0.0271 -0.5859
vn -0.8107 0.0227 0.5850
vn 0.2136 -0.9323 0.2920
vn -0.1754 0.9550 -0.2392
vn 0.8152 0.0047 -0.5792
vn -0.8060 0.0003 0.5919
vn 0.1846 -0.9500 0.2519
vn 0.9123 -0.0713 -0.4033
vn -0.2186 0.7838 0.5813
vn 0.9123 -0.0714 -0.4034
vn -0.5888 -0.8079 0.0255
vn -0.2508 0.3583 -0.8993
vn -0.1083 0.5789 0.8082
vn 0.5476 -0.8344 0.0621
vn 0.7120 -0.1632 0.6829
vn 0.2411 0.4315 -0.8693
vn -0.9617 -0.0700 0.2649
vn 0.8111 -0.3422 0.4743
vn -0.0820 0.9807 -0.1775
vn -0.8206 -0.5705 -0.0334
vn 0.9578 -0.1608 -0.2384
vn -0.2394 0.7832 0.5739
vn -0.6724 -0.7253 -0.1481
vn 0.0003 0.3757 -0.9267
vn 0.0731 0.6225 0.7792
vn 0.0003 0.3757 -0.9268
vn 0.1907 -0.9727 0.1326
vn 0.8542 0.0259 -0.5193
vn -0.5122 0.8469 0.1427
vn 0.8542 0.0258 -0.5193
vn -0.2038 -0.7973 0.5682
vn -0.6246 -0.0021 -0.7809
vn -0.5298 0.7359 0.4216
vn -0.4804 0.7897 0.3816
vn -0.6426 0.0263 -0.7658
vn 0.6337 0.0132 0.7734
vn 0.6159 0.0427 0.7866
vn 0.5389 -0.7248 -0.4292
vn 0.4908 -0.7796 -0.3891
vn -0.3763 0.8779 0.2961
vn -0.6382 0.0253 -0.7694
vn 0.6226 0.0435 0.7814
vn 0.3878 -0.8700 -0.3045
vn -0.2930 0.9287 0.2274
vn -0.6313 0.0108 -0.7754
vn 0.6317 0.0301 0.7746
vn 0.3049 -0.9225 -0.2366
vn -0.2629 0.9434 0.2024
vn -0.6261 -0.0071 -0.7797
vn 0.6378 0.0126 0.7701
vn 0.2747 -0.9379 -0.2121
vn -0.6553 0.0037 -0.7554
vn 0.6380 0.7637 0.0987
vn -0.6552 0.0037 -0.7554
vn 0.1786 -0.8537 0.4893
vn 0.1785 -0.8537 0.4893
vn -0.8745 0.3620 0.3227
vn 0.8035 0.5952 -0.0089
vn -0.8746 0.3620 0.3227
vn 0.0144 -0.8507 -0.5254
vn 0.4650 -0.0651 -0.8829
vn -0.9632 0.2675 0.0282
vn -0.9632 0.2675 0.0281
vn 0.4649 -0.0651 -0.8829
vn 0.5435 0.0367 0.8386
vn 0.3734 -0.3327 -0.8659
vn -0.0022 0.9828 0.1845
vn -0.0022 0.9828 0.1846
vn -0.1109 -0.6393 0.7609
vn -0.7732 0.0671 -0.6307
vn 0.7452 0.6633 -0.0692
vn 0.7451 0.6633 -0.0693
vn -0.7732 0.0670 -0.6307
vn 0.1520 -0.8546 0.4965
vn 0.1520 -0.8547 0.4964
vn -0.5717 0.0251 -0.8201
vn 0.1480 0.8414 0.5198
vn 0.6039 -0.7824 0.1523
vn 0.6039 -0.7823 0.1523
vn -0.9110 0.0022 0.4125
vn 0.2790 0.7396 0.6124
vn 0.2524 0.7930 0.5545
vn -0.9008 0.0310 0.4330
vn 0.9060 0.0086 -0.4231
vn 0.9146 0.0378 -0.4025
vn -0.2840 -0.7288 -0.6230
vn -0.2574 -0.7831 -0.5661
vn 0.1957 0.8803 0.4322
vn -0.9036 0.0305 0.4272
vn 0.9115 0.0381 -0.4094
vn -0.2013 -0.8726 -0.4450
vn 0.1546 0.9262 0.3438
vn -0.9088 0.0116 0.4170
vn 0.9069 0.0196 -0.4208
vn -0.1607 -0.9201 -0.3572
vn 0.1427 0.9372 0.3182
vn -0.9110 -0.0012 0.4123
vn 0.9048 0.0069 -0.4258
vn -0.1489 -0.9316 -0.3317
vn -0.9850 -0.0877 0.1486
vn 0.3601 0.8381 -0.4097
vn 0.5727 -0.8195 0.0207
vn -0.1922 0.3198 0.9278
vn 0.1779 0.6703 -0.7204
vn 0.1779 0.6703 -0.7205
vn -0.2418 -0.9366 -0.2535
vn -0.4908 -0.0064 -0.8712
vn -0.4995 0.1905 0.8451
vn 0.9996 0.0281 0.0018
vn -0.8091 -0.3255 -0.4893
vn 0.1595 0.9837 0.0836
vn 0.1595 0.9836 0.0836
vn 0.7497 -0.6355 0.1847
vn -0.9611 -0.2208 -0.1660
vn 0.4031 0.7955 -0.4525
vn 0.4031 0.7955 -0.4524
vn 0.6020 -0.6997 0.3846
vn 0.6020 -0.6997 0.3847
vn -0.9377 0.0291 0.3463
vn 0.5468 0.8373 -0.0022
vn 0.5468 0.8372 -0.0022
vn 0.2905 -0.7754 -0.5607
vn 0.0953 0.0114 0.9954
vn 0.7077 0.7025 -0.0757
vn 0.6457 0.7604 -0.0695
vn 0.1192 0.0404 0.9921
vn -0.1061 -0.0002 -0.9944
vn -0.0810 0.0278 -0.9963
vn -0.7185 -0.6912 0.0768
vn -0.6575 -0.7501 0.0713
vn 0.5130 0.8565 -0.0569
vn 0.1109 0.0415 0.9930
vn -0.0872 0.0273 -0.9958
vn -0.5263 -0.8483 0.0588
vn 0.4266 0.9031 -0.0489
vn 0.0951 0.0187 0.9953
vn -0.1017 0.0037 -0.9948
vn -0.4407 -0.8963 0.0504
vn 0.4093 0.9112 -0.0474
vn 0.0912 0.0109 0.9958
vn -0.1053 -0.0043 -0.9944
vn -0.4235 -0.9046 0.0487
vn -0.2743 -0.1085 0.9555
vn -0.2457 0.8368 -0.4893
vn 0.3042 -0.7999 -0.5173
vn 0.7749 0.2966 0.5581
vn -0.5570 0.6844 -0.4705
vn -0.3463 -0.9332 0.0965
vn -0.3462 -0.9332 0.0965
vn 0.9425 0.2243 -0.2477
vn -0.7419 0.2320 -0.6291
vn -0.2154 -0.2398 0.9466
vn -0.9101 -0.3119 0.2728
vn 0.2886 0.9309 0.2239
vn 0.2888 0.9309 0.2238
vn -0.9102 -0.3116 0.2729
vn 0.5205 -0.5290 -0.6703
vn 0.5208 -0.5286 -0.6703
vn 0.0932 -0.0115 0.9956
vn -0.5504 0.7155 -0.4303
vn 0.0932 -0.0116 0.9956
vn 0.2213 -0.8247 -0.5204
vn 0.0253 0.0348 0.9991
vn 0.2421 0.8153 -0.5259
vn -0.4780 -0.7525 -0.4531
vn 0.8705 0.0084 -0.4921
vn -0.3666 0.6781 -0.6370
vn -0.3363 0.7389 -0.5839
vn 0.8570 0.0366 -0.5140
vn -0.8654 0.0030 0.5011
vn -0.8778 0.0308 0.4781
vn 0.3717 -0.6667 0.6460
vn 0.3421 -0.7284 0.5936
vn -0.2710 0.8405 -0.4691
vn 0.8610 0.0377 -0.5072
vn -0.8744 0.0311 0.4841
vn 0.2776 -0.8321 0.4801
vn -0.2337 0.8847 -0.4032
vn 0.8710 0.0099 -0.4911
vn -0.8658 0.0030 0.5003
vn 0.2404 -0.8775 0.4150
vn -0.2306 0.8880 -0.3977
vn 0.8718 0.0071 -0.4898
vn -0.8651 0.0001 0.5016
vn 0.2373 -0.8809 0.4096
vn 0.6479 0.1002 -0.7551
vn -0.1270 0.7577 0.6401
vn -0.1270 0.7577 0.6402
vn -0.3214 -0.9129 0.2517
vn 0.4267 0.2105 -0.8795
vn -0.1132 0.7293 0.6748
vn -0.0642 -0.9531 0.2958
vn 0.8860 -0.0307 0.4626
vn -0.0349 0.2253 -0.9737
vn -0.8343 0.0681 0.5471
vn -0.8343 0.0681 0.5470
vn 0.9217 -0.2601 0.2878
vn -0.2881 0.9541 0.0819
vn -0.6907 -0.7108 -0.1335
vn 0.7246 0.0699 -0.6856
vn -0.0652 0.6917 0.7193
vn -0.5084 -0.8561 0.0931
vn 0.9022 0.0399 -0.4295
vn -0.5968 0.8014 -0.0396
vn -0.5969 0.8014 -0.0395
vn 0.9023 0.0394 -0.4293
vn -0.1973 -0.7253 0.6596
vn -0.1969 -0.7254 0.6595
vn -0.1380 -0.0006 -0.9904
vn -0.7177 0.6892 0.0995
vn -0.6567 0.7487 0.0906
vn -0.1635 0.0271 -0.9862
vn 0.1482 0.0116 0.9889
vn 0.1235 0.0403 0.9915
vn 0.7279 -0.6782 -0.1011
vn 0.6679 -0.7385 -0.0916
vn -0.5305 0.8447 0.0715
vn -0.1562 0.0245 -0.9874
vn 0.1331 0.0395 0.9903
vn 0.5431 -0.8365 -0.0728
vn -0.4672 0.8820 0.0616
vn -0.1387 -0.0042 -0.9903
vn 0.1518 0.0115 0.9883
vn 0.4803 -0.8748 -0.0636
vn 0.1888 -0.0956 -0.9773
vn 0.2013 0.8674 0.4551
vn 0.1888 -0.0957 -0.9773
vn -0.1489 -0.8200 0.5526
vn -0.9335 0.3492 -0.0813
vn 0.6874 0.5543 0.4694
vn 0.6873 0.5543 0.4694
vn 0.3004 -0.7318 -0.6117
vn 0.9984 -0.0493 0.0279
vn -0.4533 0.3134 -0.8344
vn -0.5181 -0.0429 0.8542
vn 0.7925 -0.2993 -0.5314
vn -0.2594 0.9657 -0.0132
vn -0.3486 -0.5887 0.7294
vn -0.3486 -0.5887 0.7293
vn -0.0760 0.0370 -0.9964
vn -0.2622 0.7990 0.5412
vn -0.2621 0.7990 0.5413
vn -0.0760 0.0371 -0.9964
vn 0.5534 -0.7177 0.4226
vn -0.6209 -0.0001 0.7839
vn 0.9492 0.2934 0.1139
vn 0.9280 0.3534 0.1180
vn -0.5927 0.0155 0.8052
vn -0.3284 -0.2934 -0.8978
vn -0.2930 -0.3456 -0.8915
vn 0.8848 0.4585 0.0828
vn -0.5960 0.0191 0.8027
vn -0.2515 -0.4489 -0.8574
vn 0.8635 0.5023 0.0463
vn -0.6206 0.0002 0.7842
vn -0.2427 -0.5021 -0.8300
vn 0.8633 0.5026 0.0458
vn -0.6208 -0.0000 0.7840
vn -0.2425 -0.5026 -0.8298
vn -0.6542 0.0631 0.7537
vn 0.8254 0.5642 0.0178
vn -0.2770 -0.4380 -0.8552
vn -0.0493 0.1300 0.9903
vn -0.0028 0.7994 -0.6008
vn -0.0493 0.1299 0.9903
vn -0.1792 -0.9050 -0.3859
vn -0.1792 -0.9050 -0.3860
vn 0.2086 0.1884 0.9597
vn -0.0387 0.7578 -0.6513
vn -0.0388 0.7577 -0.6515
vn 0.2085 0.1881 0.9598
vn -0.3923 -0.8845 -0.2525
vn -0.3923 -0.8845 -0.2524
vn 0.9857 0.1675 0.0161
vn -0.5592 0.4346 -0.7060
vn -0.5592 0.4345 -0.7060
vn 0.9857 0.1675 0.0160
vn -0.4446 -0.3851 0.8087
vn -0.5354 -0.0861 -0.8402
vn -0.2557 0.6936 0.6735
vn -0.2560 0.6936 0.6733
vn -0.5358 -0.0857 -0.8400
vn 0.9124 -0.4073 0.0410
vn 0.9124 -0.4071 0.0412
vn 0.9891 0.0099 0.1468
vn -0.3774 0.2808 -0.8825
vn -0.3627 0.3405 -0.8675
vn 0.9933 0.0271 0.1124
vn -0.6117 -0.2907 0.7357
vn -0.6225 -0.3447 0.7026
vn -0.3764 0.4298 -0.8207
vn 0.9916 0.0283 0.1263
vn -0.6098 -0.4382 0.6604
vn -0.3928 0.4612 -0.7956
vn 0.9886 0.0162 0.1500
vn -0.5958 -0.4775 0.6458
vn 0.9730 0.0823 0.2155
vn -0.3808 0.5425 -0.7488
vn -0.6184 -0.3923 0.6810
vn 0.9365 -0.0043 0.3505
vn -0.4604 0.8751 -0.1490
vn 0.9365 -0.0044 0.3505
vn -0.5478 -0.8342 0.0633
vn 0.5074 0.2024 -0.8376
vn -0.6015 0.6964 0.3915
vn -0.6015 0.6963 0.3915
vn 0.2544 -0.7959 0.5494
vn -0.6710 0.1226 -0.7312
vn -0.1969 0.3556 0.9137
vn -0.6710 0.1226 -0.7313
vn 0.9322 -0.2801 -0.2290
vn 0.3299 -0.1244 0.9358
vn 0.0459 0.9087 -0.4150
vn -0.6133 -0.6843 -0.3944
vn -0.3696 -0.0099 -0.9291
vn -0.5759 0.2907 0.7641
vn -0.5686 0.3516 0.7437
vn -0.4030 0.0034 -0.9152
vn 0.9455 -0.2808 0.1651
vn 0.9232 -0.3320 0.1938
vn -0.5281 0.4173 0.7396
vn -0.3784 -0.0101 -0.9256
vn 0.8960 -0.4010 0.1906
vn -0.5190 0.4285 0.7396
vn -0.3714 -0.0147 -0.9284
vn 0.8905 -0.4139 0.1887
vn -0.3525 0.0633 -0.9337
vn -0.4673 0.4901 0.7358
vn -0.4674 0.4901 0.7357
vn -0.3528 0.0635 -0.9335
vn 0.9241 -0.3501 0.1529
vn 0.9241 -0.3501 0.1530
vn -0.2632 0.0040 -0.9647
vn 0.0787 0.8676 0.4911
vn 0.3996 -0.8265 0.3964
vn -0.8375 0.1229 -0.5324
vn 0.4926 0.8074 0.3249
vn 0.4780 -0.8774 -0.0412
vn -0.0481 0.1116 0.9926
vn 0.7568 0.4163 -0.5039
vn -0.8108 -0.3067 -0.4986
vn -0.8108 -0.3067 -0.4985
vn 0.5324 0.0422 -0.8455
vn -0.6081 0.7580 0.2361
vn 0.2415 -0.6724 0.6997
vn -0.7595 0.0389 -0.6494
vn 0.1609 0.7723 0.6145
vn 0.7148 -0.6889 -0.1208
vn -0.2446 0.0434 0.9686
vn 0.4907 0.7650 -0.4172
vn -0.4378 -0.6811 -0.5869
vn 0.9988 0.0440 0.0195
vn -0.5171 0.7451 -0.4212
vn -0.4747 -0.6613 0.5808
vn 0.5310 0.0467 -0.8461
vn -0.5456 0.7910 0.2768
vn 0.2283 -0.6963 0.6804
vn -0.6582 0.0515 -0.7511
vn 0.0087 0.7205 0.6934
vn -0.6581 0.0515 -0.7511
vn 0.7870 -0.6118 -0.0800
vn -0.5234 0.0483 0.8507
vn 0.5445 0.7899 -0.2820
vn 0.5445 0.7900 -0.2820
vn -0.2375 -0.6949 -0.6788
vn 0.5733 0.0467 0.8180
vn -0.0096 0.7716 -0.6360
vn -0.0094 0.7717 -0.6359
vn 0.5734 0.0470 0.8179
vn -0.7282 -0.6836 -0.0487
vn -0.7283 -0.6835 -0.0489
vn 0.8864 0.0455 -0.4606
vn -0.6244 0.7786 -0.0629
vn -0.6243 0.7786 -0.0629
vn -0.1478 -0.6893 0.7092
vn -0.9510 0.0578 -0.3038
vn 0.3761 0.7357 0.5633
vn 0.6268 -0.6151 -0.4784
vn -0.4829 0.0511 0.8742
vn 0.6334 0.7312 -0.2532
vn -0.3266 -0.6307 -0.7039
vn 0.9481 0.0535 0.3136
vn -0.3849 0.7621 -0.5206
vn -0.6181 -0.6602 0.4268
vn -0.6180 -0.6602 0.4268
vn 0.4786 0.0525 -0.8765
vn -0.6013 0.7509 0.2731
vn 0.3219 -0.6443 0.6938
vn 0.3219 -0.6443 0.6937
vn -0.7479 0.0572 -0.6614
vn 0.1104 0.7302 0.6743
vn -0.7478 0.0571 -0.6614
vn 0.7698 -0.6102 -0.1872
vn -0.9337 0.0442 0.3553
vn 0.6225 0.7657 0.1617
vn -0.9337 0.0441 0.3553
vn 0.2256 -0.6750 -0.7025
vn 0.5924 0.0436 0.8044
vn 0.0012 0.7573 -0.6530
vn -0.7364 -0.6758 -0.0322
vn 0.4643 0.0463 -0.8845
vn -0.6227 0.7356 0.2667
vn 0.3280 -0.6413 0.6937
vn -0.8779 0.0442 -0.4767
vn 0.2570 0.7367 0.6255
vn 0.6982 -0.6428 -0.3151
# 3426 vertex normals

vt 0.5445 0.5243 0.0000
vt 0.5019 0.5875 0.0000
vt 0.5293 0.5990 0.0000
vt 0.5185 0.6916 0.0000
vt 0.5185 0.7176 0.0000
vt 0.5477 0.7176 0.0000
vt 0.5477 0.6916 0.0000
vt 0.5480 0.3610 0.0000
vt 0.5573 0.3672 0.0000
vt 0.5705 0.3358 0.0000
vt 0.5596 0.3336 0.0000
vt 0.0995 0.9676 0.0000
vt 0.0995 0.9616 0.0000
vt 0.0640 0.9616 0.0000
vt 0.0661 0.9676 0.0000
vt 0.0995 0.9511 0.0000
vt 0.0640 0.9511 0.0000
vt 0.3199 0.4159 0.0000
vt 0.3324 0.4243 0.0000
vt 0.3487 0.3854 0.0000
vt 0.3339 0.3824 0.0000
vt 0.7988 0.2017 0.0000
vt 0.7787 0.2017 0.0000
vt 0.7787 0.2466 0.0000
vt 0.7988 0.2430 0.0000
vt 0.7617 0.2017 0.0000
vt 0.7617 0.2478 0.0000
vt 0.7410 0.2017 0.0000
vt 0.7410 0.2477 0.0000
vt 0.7193 0.2017 0.0000
vt 0.7193 0.2465 0.0000
vt 0.6271 0.2017 0.0000
vt 0.6271 0.2335 0.0000
vt 0.6059 0.2017 0.0000
vt 0.6059 0.2328 0.0000
vt 0.4083 0.5779 0.0000
vt 0.3628 0.6453 0.0000
vt 0.4307 0.6005 0.0000
vt 0.5590 0.5992 0.0000
vt 0.5724 0.7176 0.0000
vt 0.5724 0.6916 0.0000
vt 0.5707 0.3017 0.0000
vt 0.5597 0.3038 0.0000
vt 0.2050 0.4774 0.0000
vt 0.2071 0.4695 0.0000
vt 0.1712 0.4646 0.0000
vt 0.1712 0.4728 0.0000
vt 0.0338 0.9511 0.0000
vt 0.0338 0.9616 0.0000
vt 0.3489 0.3433 0.0000
vt 0.3341 0.3461 0.0000
vt 0.7787 0.2846 0.0000
vt 0.7988 0.2781 0.0000
vt 0.7617 0.2868 0.0000
vt 0.7410 0.2866 0.0000
vt 0.7193 0.2845 0.0000
vt 0.6271 0.2604 0.0000
vt 0.6059 0.2592 0.0000
vt 0.4427 0.6298 0.0000
vt 0.5866 0.5879 0.0000
vt 0.5876 0.6873 0.0000
vt 0.5876 0.6614 0.0000
vt 0.5628 0.6614 0.0000
vt 0.5628 0.6873 0.0000
vt 0.5577 0.2701 0.0000
vt 0.5484 0.2763 0.0000
vt 0.1367 0.4694 0.0000
vt 0.1388 0.4773 0.0000
vt 0.0338 0.9370 0.0000
vt 0.0338 0.9474 0.0000
vt 0.0640 0.9474 0.0000
vt 0.0640 0.9370 0.0000
vt 0.3329 0.3042 0.0000
vt 0.3204 0.3125 0.0000
vt 0.0863 0.7271 0.0000
vt 0.1064 0.7336 0.0000
vt 0.1064 0.6956 0.0000
vt 0.0863 0.6920 0.0000
vt 0.1234 0.7358 0.0000
vt 0.1234 0.6967 0.0000
vt 0.1440 0.7356 0.0000
vt 0.1440 0.6966 0.0000
vt 0.1658 0.7335 0.0000
vt 0.1658 0.6955 0.0000
vt 0.2580 0.7094 0.0000
vt 0.2580 0.6824 0.0000
vt 0.2792 0.7082 0.0000
vt 0.2792 0.6818 0.0000
vt 0.4426 0.6616 0.0000
vt 0.6077 0.5670 0.0000
vt 0.5337 0.6614 0.0000
vt 0.5337 0.6873 0.0000
vt 0.5337 0.2459 0.0000
vt 0.5275 0.2552 0.0000
vt 0.0661 0.9310 0.0000
vt 0.0995 0.9370 0.0000
vt 0.0995 0.9310 0.0000
vt 0.0995 0.9474 0.0000
vt 0.3032 0.2743 0.0000
vt 0.2948 0.2868 0.0000
vt 0.1064 0.6507 0.0000
vt 0.0863 0.6507 0.0000
vt 0.1234 0.6507 0.0000
vt 0.1440 0.6507 0.0000
vt 0.1658 0.6507 0.0000
vt 0.2580 0.6507 0.0000
vt 0.2792 0.6507 0.0000
vt 0.4303 0.6908 0.0000
vt 0.6192 0.5395 0.0000
vt 0.5045 0.6614 0.0000
vt 0.5045 0.6873 0.0000
vt 0.5023 0.2327 0.0000
vt 0.5000 0.2437 0.0000
vt 0.1351 0.9370 0.0000
vt 0.1330 0.9310 0.0000
vt 0.1351 0.9474 0.0000
vt 0.2644 0.2580 0.0000
vt 0.2613 0.2727 0.0000
vt 0.1064 0.6058 0.0000
vt 0.0863 0.6093 0.0000
vt 0.1234 0.6046 0.0000
vt 0.1440 0.6047 0.0000
vt 0.1658 0.6059 0.0000
vt 0.2580 0.6189 0.0000
vt 0.2792 0.6195 0.0000
vt 0.4077 0.7132 0.0000
vt 0.6193 0.5098 0.0000
vt 0.4797 0.6614 0.0000
vt 0.4797 0.6873 0.0000
vt 0.4682 0.2326 0.0000
vt 0.4703 0.2435 0.0000
vt 0.6847 0.1247 0.0000
vt 0.6856 0.1165 0.0000
vt 0.6494 0.1170 0.0000
vt 0.6505 0.1251 0.0000
vt 0.1653 0.9474 0.0000
vt 0.1653 0.9370 0.0000
vt 0.2222 0.2578 0.0000
vt 0.2251 0.2726 0.0000
vt 0.1064 0.5677 0.0000
vt 0.0863 0.5742 0.0000
vt 0.1234 0.5655 0.0000
vt 0.1440 0.5657 0.0000
vt 0.1658 0.5679 0.0000
vt 0.2580 0.5920 0.0000
vt 0.2792 0.5931 0.0000
vt 0.3784 0.7252 0.0000
vt 0.6081 0.4822 0.0000
vt 0.5977 0.6571 0.0000
vt 0.5977 0.6311 0.0000
vt 0.5729 0.6311 0.0000
vt 0.5729 0.6571 0.0000
vt 0.4366 0.2455 0.0000
vt 0.4428 0.2548 0.0000
vt 0.6160 0.1268 0.0000
vt 0.6192 0.1343 0.0000
vt 0.2376 0.7935 0.0000
vt 0.2376 0.8039 0.0000
vt 0.2678 0.8039 0.0000
vt 0.2678 0.7935 0.0000
vt 0.1831 0.2737 0.0000
vt 0.1915 0.2863 0.0000
vt 0.6398 0.2880 0.0000
vt 0.6333 0.3082 0.0000
vt 0.6714 0.3082 0.0000
vt 0.6749 0.2880 0.0000
vt 0.6311 0.3251 0.0000
vt 0.6702 0.3251 0.0000
vt 0.6313 0.3458 0.0000
vt 0.6703 0.3458 0.0000
vt 0.6335 0.3676 0.0000
vt 0.6714 0.3676 0.0000
vt 0.6575 0.4598 0.0000
vt 0.6845 0.4598 0.0000
vt 0.6587 0.4810 0.0000
vt 0.6851 0.4810 0.0000
vt 0.3466 0.7251 0.0000
vt 0.5871 0.4611 0.0000
vt 0.5437 0.6311 0.0000
vt 0.5437 0.6571 0.0000
vt 0.4124 0.2695 0.0000
vt 0.4216 0.2757 0.0000
vt 0.2699 0.7875 0.0000
vt 0.3034 0.7935 0.0000
vt 0.3034 0.7875 0.0000
vt 0.3034 0.8039 0.0000
vt 0.1532 0.3034 0.0000
vt 0.1657 0.3119 0.0000
vt 0.7162 0.3082 0.0000
vt 0.7162 0.2880 0.0000
vt 0.7162 0.3251 0.0000
vt 0.7162 0.3458 0.0000
vt 0.7162 0.3676 0.0000
vt 0.7162 0.4598 0.0000
vt 0.7162 0.4810 0.0000
vt 0.3174 0.7128 0.0000
vt 0.5597 0.4496 0.0000
vt 0.5146 0.6311 0.0000
vt 0.5146 0.6571 0.0000
vt 0.3992 0.3009 0.0000
vt 0.4101 0.3032 0.0000
vt 0.3390 0.7935 0.0000
vt 0.3368 0.7875 0.0000
vt 0.3390 0.8039 0.0000
vt 0.1369 0.3423 0.0000
vt 0.1517 0.3453 0.0000
vt 0.7611 0.3082 0.0000
vt 0.7576 0.2880 0.0000
vt 0.7623 0.3251 0.0000
vt 0.7622 0.3458 0.0000
vt 0.7610 0.3676 0.0000
vt 0.7480 0.4598 0.0000
vt 0.7474 0.4810 0.0000
vt 0.2950 0.6902 0.0000
vt 0.5300 0.4495 0.0000
vt 0.4898 0.6311 0.0000
vt 0.4898 0.6571 0.0000
vt 0.3990 0.3350 0.0000
vt 0.4100 0.3329 0.0000
vt 0.3614 0.2600 0.0000
vt 0.3535 0.2578 0.0000
vt 0.3486 0.2937 0.0000
vt 0.3568 0.2938 0.0000
vt 0.3691 0.8039 0.0000
vt 0.3691 0.7935 0.0000
vt 0.1367 0.3845 0.0000
vt 0.1515 0.3816 0.0000
vt 0.7992 0.3082 0.0000
vt 0.7927 0.2880 0.0000
vt 0.8014 0.3251 0.0000
vt 0.8012 0.3458 0.0000
vt 0.7990 0.3676 0.0000
vt 0.7749 0.4598 0.0000
vt 0.7738 0.4810 0.0000
vt 0.2830 0.6609 0.0000
vt 0.5024 0.4607 0.0000
vt 0.4999 0.6008 0.0000
vt 0.4999 0.6268 0.0000
vt 0.5247 0.6268 0.0000
vt 0.5247 0.6008 0.0000
vt 0.4119 0.3666 0.0000
vt 0.4213 0.3604 0.0000
vt 0.3533 0.3282 0.0000
vt 0.3613 0.3262 0.0000
vt 0.0338 0.8916 0.0000
vt 0.0338 0.9020 0.0000
vt 0.0640 0.9020 0.0000
vt 0.0640 0.8916 0.0000
vt 0.1527 0.4235 0.0000
vt 0.1653 0.4152 0.0000
vt 0.3793 0.8278 0.0000
vt 0.3591 0.8213 0.0000
vt 0.3591 0.8593 0.0000
vt 0.3793 0.8629 0.0000
vt 0.3422 0.8191 0.0000
vt 0.3422 0.8581 0.0000
vt 0.3215 0.8193 0.0000
vt 0.3215 0.8582 0.0000
vt 0.2997 0.8214 0.0000
vt 0.2997 0.8594 0.0000
vt 0.2075 0.8455 0.0000
vt 0.2075 0.8724 0.0000
vt 0.1863 0.8467 0.0000
vt 0.1863 0.8731 0.0000
vt 0.2831 0.6291 0.0000
vt 0.4813 0.4817 0.0000
vt 0.5538 0.6268 0.0000
vt 0.5538 0.6008 0.0000
vt 0.4360 0.3908 0.0000
vt 0.4422 0.3816 0.0000
vt 0.0661 0.8856 0.0000
vt 0.0995 0.8916 0.0000
vt 0.0995 0.8856 0.0000
vt 0.0995 0.9020 0.0000
vt 0.1824 0.4535 0.0000
vt 0.1908 0.4410 0.0000
vt 0.3591 0.9042 0.0000
vt 0.3793 0.9042 0.0000
vt 0.3422 0.9042 0.0000
vt 0.3215 0.9042 0.0000
vt 0.2997 0.9042 0.0000
vt 0.2075 0.9042 0.0000
vt 0.1863 0.9042 0.0000
vt 0.2954 0.5999 0.0000
vt 0.4698 0.5091 0.0000
vt 0.5830 0.6268 0.0000
vt 0.5830 0.6008 0.0000
vt 0.4674 0.4040 0.0000
vt 0.4696 0.3931 0.0000
vt 0.1351 0.8916 0.0000
vt 0.1330 0.8856 0.0000
vt 0.1351 0.9020 0.0000
vt 0.2213 0.4698 0.0000
vt 0.2243 0.4550 0.0000
vt 0.3591 0.9491 0.0000
vt 0.3793 0.9456 0.0000
vt 0.3422 0.9503 0.0000
vt 0.3215 0.9502 0.0000
vt 0.2997 0.9490 0.0000
vt 0.2075 0.9360 0.0000
vt 0.1863 0.9353 0.0000
vt 0.3180 0.5775 0.0000
vt 0.4697 0.5389 0.0000
vt 0.6077 0.6268 0.0000
vt 0.6077 0.6008 0.0000
vt 0.5015 0.4042 0.0000
vt 0.4994 0.3932 0.0000
vt 0.7229 0.1010 0.0000
vt 0.7219 0.1091 0.0000
vt 0.7582 0.1086 0.0000
vt 0.7570 0.1005 0.0000
vt 0.1653 0.9020 0.0000
vt 0.1653 0.8916 0.0000
vt 0.2634 0.4700 0.0000
vt 0.2605 0.4552 0.0000
vt 0.3591 0.9872 0.0000
vt 0.3793 0.9806 0.0000
vt 0.3422 0.9894 0.0000
vt 0.3215 0.9892 0.0000
vt 0.2997 0.9870 0.0000
vt 0.2075 0.9629 0.0000
vt 0.1863 0.9617 0.0000
vt 0.3473 0.5655 0.0000
vt 0.4809 0.5664 0.0000
vt 0.4646 0.6916 0.0000
vt 0.4646 0.7176 0.0000
vt 0.4893 0.7176 0.0000
vt 0.4893 0.6916 0.0000
vt 0.5331 0.3913 0.0000
vt 0.5269 0.3819 0.0000
vt 0.7916 0.0988 0.0000
vt 0.7884 0.0913 0.0000
vt 0.1653 0.9616 0.0000
vt 0.1653 0.9511 0.0000
vt 0.1351 0.9511 0.0000
vt 0.1351 0.9616 0.0000
vt 0.3025 0.4540 0.0000
vt 0.2941 0.4414 0.0000
vt 0.7988 0.1253 0.0000
vt 0.7787 0.1187 0.0000
vt 0.7787 0.1568 0.0000
vt 0.7988 0.1603 0.0000
vt 0.7617 0.1165 0.0000
vt 0.7617 0.1556 0.0000
vt 0.7410 0.1167 0.0000
vt 0.7410 0.1557 0.0000
vt 0.7193 0.1189 0.0000
vt 0.7193 0.1569 0.0000
vt 0.6271 0.1430 0.0000
vt 0.6271 0.1699 0.0000
vt 0.6059 0.1442 0.0000
vt 0.6059 0.1706 0.0000
vt 0.3791 0.5656 0.0000
vt 0.1330 0.9676 0.0000
vt 0.8165 0.5552 0.0000
vt 0.8165 0.7786 0.0000
vt 0.9891 0.7786 0.0000
vt 0.9891 0.5552 0.0000
vt 0.6440 0.5552 0.0000
vt 0.6440 0.7786 0.0000
vt 0.8165 0.9944 0.0000
vt 0.9891 0.9944 0.0000
vt 0.6440 0.9944 0.0000
vt 0.8153 0.5540 0.0000
vt 0.8153 0.7823 0.0000
vt 0.9878 0.7823 0.0000
vt 0.9878 0.5540 0.0000
vt 0.6428 0.5540 0.0000
vt 0.6428 0.7823 0.0000
vt 0.8153 0.9931 0.0000
vt 0.9878 0.9931 0.0000
vt 0.6428 0.9931 0.0000
vt 0.8153 0.7915 0.0000
vt 0.9878 0.7915 0.0000
vt 0.6428 0.7915 0.0000
vt 0.8153 0.8097 0.0000
vt 0.9878 0.8097 0.0000
vt 0.6428 0.8097 0.0000
vt 0.8153 0.7932 0.0000
vt 0.9878 0.7932 0.0000
vt 0.6428 0.7932 0.0000
vt 0.8153 0.7832 0.0000
vt 0.9878 0.7832 0.0000
vt 0.6428 0.7832 0.0000
vt 0.8153 0.8177 0.0000
vt 0.9878 0.8177 0.0000
vt 0.6428 0.8177 0.0000
vt 0.8153 0.7774 0.0000
vt 0.9878 0.7774 0.0000
vt 0.6428 0.7774 0.0000
vt 0.8153 0.8199 0.0000
vt 0.9878 0.8199 0.0000
vt 0.6428 0.8199 0.0000
vt 0.8153 0.7616 0.0000
vt 0.9878 0.7616 0.0000
vt 0.6428 0.7616 0.0000
vt 0.8153 0.9693 0.0000
vt 0.9878 0.9693 0.0000
vt 0.6428 0.9693 0.0000
vt 0.8153 0.7587 0.0000
vt 0.9878 0.7587 0.0000
vt 0.6428 0.7587 0.0000
vt 0.8153 0.9634 0.0000
vt 0.9878 0.9634 0.0000
vt 0.6428 0.9634 0.0000
vt 0.8153 0.8304 0.0000
vt 0.9878 0.8304 0.0000
vt 0.6428 0.8304 0.0000
vt 0.8153 0.8005 0.0000
vt 0.9878 0.8005 0.0000
vt 0.6428 0.8005 0.0000
vt 0.8153 0.7919 0.0000
vt 0.9878 0.7919 0.0000
vt 0.6428 0.7919 0.0000
vt 0.8153 0.7834 0.0000
vt 0.9878 0.7834 0.0000
vt 0.6428 0.7834 0.0000
vt 0.8153 0.7775 0.0000
vt 0.9878 0.7775 0.0000
vt 0.6428 0.7775 0.0000
vt 0.8153 0.7876 0.0000
vt 0.9878 0.7876 0.0000
vt 0.6428 0.7876 0.0000
vt 0.8153 0.8161 0.0000
vt 0.9878 0.8161 0.0000
vt 0.6428 0.8161 0.0000
vt 0.8153 0.7816 0.0000
vt 0.9878 0.7816 0.0000
vt 0.6428 0.7816 0.0000
vt 0.8153 0.7966 0.0000
vt 0.9878 0.7966 0.0000
vt 0.6428 0.7966 0.0000
vt 0.8153 0.8090 0.0000
vt 0.9878 0.8090 0.0000
vt 0.6428 0.8090 0.0000
vt 0.8153 0.8261 0.0000
vt 0.9878 0.8261 0.0000
vt 0.6428 0.8261 0.0000
vt 0.8153 0.7987 0.0000
vt 0.9878 0.7987 0.0000
vt 0.6428 0.7987 0.0000
vt 0.8153 0.7655 0.0000
vt 0.9878 0.7655 0.0000
vt 0.6428 0.7655 0.0000
vt 0.8153 0.9770 0.0000
vt 0.9878 0.9770 0.0000
vt 0.6428 0.9770 0.0000
vt 0.8153 0.7884 0.0000
vt 0.9878 0.7884 0.0000
vt 0.6428 0.7884 0.0000
vt 0.8153 0.7511 0.0000
vt 0.9878 0.7511 0.0000
vt 0.6428 0.7511 0.0000
vt 0.8153 0.9481 0.0000
vt 0.9878 0.9481 0.0000
vt 0.6428 0.9481 0.0000
vt 0.8153 0.8119 0.0000
vt 0.9878 0.8119 0.0000
vt 0.6428 0.8119 0.0000
vt 0.8153 0.7695 0.0000
vt 0.9878 0.7695 0.0000
vt 0.6428 0.7695 0.0000
vt 0.8153 0.9849 0.0000
vt 0.9878 0.9849 0.0000
vt 0.6428 0.9849 0.0000
vt 0.8153 0.7866 0.0000
vt 0.9878 0.7866 0.0000
vt 0.6428 0.7866 0.0000
vt 0.8153 0.7882 0.0000
vt 0.9878 0.7882 0.0000
vt 0.6428 0.7882 0.0000
vt 0.8153 0.7748 0.0000
vt 0.9878 0.7748 0.0000
vt 0.6428 0.7748 0.0000
vt 0.8153 0.7729 0.0000
vt 0.9878 0.7729 0.0000
vt 0.6428 0.7729 0.0000
vt 0.8153 0.9910 0.0000
vt 0.9878 0.9910 0.0000
vt 0.6428 0.9910 0.0000
vt 0.8153 0.8098 0.0000
vt 0.9878 0.8098 0.0000
vt 0.6428 0.8098 0.0000
vt 0.8153 0.8116 0.0000
vt 0.9878 0.8116 0.0000
vt 0.6428 0.8116 0.0000
vt 0.8153 0.8234 0.0000
vt 0.9878 0.8234 0.0000
vt 0.6428 0.8234 0.0000
vt 0.8153 0.8087 0.0000
vt 0.9878 0.8087 0.0000
vt 0.6428 0.8087 0.0000
vt 0.8153 0.8306 0.0000
vt 0.9878 0.8306 0.0000
vt 0.6428 0.8306 0.0000
vt 0.8153 0.7725 0.0000
vt 0.9878 0.7725 0.0000
vt 0.6428 0.7725 0.0000
vt 0.8153 0.8184 0.0000
vt 0.9878 0.8184 0.0000
vt 0.6428 0.8184 0.0000
vt 0.8153 0.7926 0.0000
vt 0.9878 0.7926 0.0000
vt 0.6428 0.7926 0.0000
vt 0.8153 0.7967 0.0000
vt 0.9878 0.7967 0.0000
vt 0.6428 0.7967 0.0000
vt 0.8153 0.7902 0.0000
vt 0.9878 0.7902 0.0000
vt 0.6428 0.7902 0.0000
vt 0.8153 0.8159 0.0000
vt 0.9878 0.8159 0.0000
vt 0.6428 0.8159 0.0000
vt 0.8153 0.7550 0.0000
vt 0.9878 0.7550 0.0000
vt 0.6428 0.7550 0.0000
vt 0.8153 0.9559 0.0000
vt 0.9878 0.9559 0.0000
vt 0.6428 0.9559 0.0000
vt 0.8153 0.7825 0.0000
vt 0.9878 0.7825 0.0000
vt 0.6428 0.7825 0.0000
vt 0.8153 0.7892 0.0000
vt 0.9878 0.7892 0.0000
vt 0.6428 0.7892 0.0000
vt 0.8153 0.8138 0.0000
vt 0.9878 0.8138 0.0000
vt 0.6428 0.8138 0.0000
vt 0.8153 0.7879 0.0000
vt 0.9878 0.7879 0.0000
vt 0.6428 0.7879 0.0000
vt 0.8153 0.8037 0.0000
vt 0.9878 0.8037 0.0000
vt 0.6428 0.8037 0.0000
vt 0.8153 0.9635 0.0000
vt 0.9878 0.9635 0.0000
vt 0.6428 0.9635 0.0000
vt 0.8153 0.7880 0.0000
vt 0.9878 0.7880 0.0000
vt 0.6428 0.7880 0.0000
vt 0.8153 0.7821 0.0000
vt 0.9878 0.7821 0.0000
vt 0.6428 0.7821 0.0000
vt 0.8153 0.8262 0.0000
vt 0.9878 0.8262 0.0000
vt 0.6428 0.8262 0.0000
vt 0.8153 0.7869 0.0000
vt 0.9878 0.7869 0.0000
vt 0.6428 0.7869 0.0000
vt 0.8153 0.7918 0.0000
vt 0.9878 0.7918 0.0000
vt 0.6428 0.7918 0.0000
vt 0.8153 0.7913 0.0000
vt 0.9878 0.7913 0.0000
vt 0.6428 0.7913 0.0000
vt 0.8153 0.7957 0.0000
vt 0.9878 0.7957 0.0000
vt 0.6428 0.7957 0.0000
vt 0.8153 0.8173 0.0000
vt 0.9878 0.8173 0.0000
vt 0.6428 0.8173 0.0000
vt 0.8153 0.7503 0.0000
vt 0.9878 0.7503 0.0000
vt 0.6428 0.7503 0.0000
vt 0.8153 0.9466 0.0000
vt 0.9878 0.9466 0.0000
vt 0.6428 0.9466 0.0000
vt 0.8153 0.7910 0.0000
vt 0.9878 0.7910 0.0000
vt 0.6428 0.7910 0.0000
vt 0.8153 0.8033 0.0000
vt 0.9878 0.8033 0.0000
vt 0.6428 0.8033 0.0000
vt 0.8153 0.7656 0.0000
vt 0.9878 0.7656 0.0000
vt 0.6428 0.7656 0.0000
vt 0.8153 0.9772 0.0000
vt 0.9878 0.9772 0.0000
vt 0.6428 0.9772 0.0000
vt 0.8153 0.7636 0.0000
vt 0.9878 0.7636 0.0000
vt 0.6428 0.7636 0.0000
vt 0.8153 0.9731 0.0000
vt 0.9878 0.9731 0.0000
vt 0.6428 0.9731 0.0000
vt 0.8153 0.7586 0.0000
vt 0.9878 0.7586 0.0000
vt 0.6428 0.7586 0.0000
vt 0.8153 0.9631 0.0000
vt 0.9878 0.9631 0.0000
vt 0.6428 0.9631 0.0000
vt 0.8153 0.7776 0.0000
vt 0.9878 0.7776 0.0000
vt 0.6428 0.7776 0.0000
vt 0.8153 0.7917 0.0000
vt 0.9878 0.7917 0.0000
vt 0.6428 0.7917 0.0000
vt 0.8153 0.7777 0.0000
vt 0.9878 0.7777 0.0000
vt 0.6428 0.7777 0.0000
vt 0.8153 0.8217 0.0000
vt 0.9878 0.8217 0.0000
vt 0.6428 0.8217 0.0000
vt 0.8153 0.8251 0.0000
vt 0.9878 0.8251 0.0000
vt 0.6428 0.8251 0.0000
vt 0.8153 0.7954 0.0000
vt 0.9878 0.7954 0.0000
vt 0.6428 0.7954 0.0000
vt 0.8153 0.8000 0.0000
vt 0.9878 0.8000 0.0000
vt 0.6428 0.8000 0.0000
vt 0.8153 0.8132 0.0000
vt 0.9878 0.8132 0.0000
vt 0.6428 0.8132 0.0000
vt 0.8153 0.8242 0.0000
vt 0.9878 0.8242 0.0000
vt 0.6428 0.8242 0.0000
vt 0.8153 0.7890 0.0000
vt 0.9878 0.7890 0.0000
vt 0.6428 0.7890 0.0000
vt 0.0056 0.0098 0.0000
vt 0.0055 0.0008 0.0000
vt 0.6469 0.0005 0.0000
vt 0.6469 0.0041 0.0000
vt 0.0007 0.0156 0.0000
vt 0.0097 0.0157 0.0000
vt 0.0041 0.6570 0.0000
vt 0.0005 0.6570 0.0000
vt 0.0146 0.7802 0.0000
vt 0.0055 0.7801 0.0000
vt 0.0118 0.1388 0.0000
vt 0.0154 0.1389 0.0000
vt 0.7952 0.0055 0.0000
vt 0.7953 0.0146 0.0000
vt 0.1540 0.0141 0.0000
vt 0.1540 0.0105 0.0000
vt 0.7751 0.0005 0.0000
vt 0.7751 0.0030 0.0000
vt 0.0030 0.7852 0.0000
vt 0.0005 0.7852 0.0000
vt 0.0131 0.0106 0.0000
vt 0.0156 0.0106 0.0000
vt 0.0257 0.0140 0.0000
vt 0.0257 0.0115 0.0000
vt 0.3782 0.5432 0.0000
vt 0.3710 0.5461 0.0000
vt 0.3606 0.4975 0.0000
vt 0.3670 0.4954 0.0000
vt 0.4026 0.1036 0.0000
vt 0.4039 0.1121 0.0000
vt 0.3655 0.1110 0.0000
vt 0.3640 0.1036 0.0000
vt 0.0963 0.7896 0.0000
vt 0.0976 0.7820 0.0000
vt 0.1466 0.7835 0.0000
vt 0.1459 0.7902 0.0000
vt 0.5202 0.0698 0.0000
vt 0.5158 0.0771 0.0000
vt 0.4797 0.0623 0.0000
vt 0.4839 0.0560 0.0000
vt 0.3587 0.4481 0.0000
vt 0.3641 0.4471 0.0000
vt 0.1367 0.5023 0.0000
vt 0.1383 0.4949 0.0000
vt 0.1889 0.5034 0.0000
vt 0.1883 0.5098 0.0000
vt 0.1941 0.7769 0.0000
vt 0.1942 0.7825 0.0000
vt 0.2786 0.7118 0.0000
vt 0.2822 0.7186 0.0000
vt 0.2351 0.7391 0.0000
vt 0.2328 0.7330 0.0000
vt 0.3647 0.3999 0.0000
vt 0.3691 0.3995 0.0000
vt 0.2399 0.5061 0.0000
vt 0.2399 0.5115 0.0000
vt 0.2395 0.7628 0.0000
vt 0.2401 0.7673 0.0000
vt 0.1864 0.7541 0.0000
vt 0.1850 0.7489 0.0000
vt 0.3779 0.3536 0.0000
vt 0.3813 0.3537 0.0000
vt 0.2899 0.5035 0.0000
vt 0.2904 0.5078 0.0000
vt 0.2820 0.7421 0.0000
vt 0.2828 0.7454 0.0000
vt 0.1372 0.7637 0.0000
vt 0.1365 0.7596 0.0000
vt 0.2601 0.5480 0.0000
vt 0.2603 0.5522 0.0000
vt 0.2124 0.5522 0.0000
vt 0.2124 0.5490 0.0000
vt 0.3351 0.4969 0.0000
vt 0.3356 0.5000 0.0000
vt 0.0266 0.0311 0.0000
vt 0.0257 0.0269 0.0000
vt 0.0719 0.0156 0.0000
vt 0.0727 0.0187 0.0000
vt 0.0917 0.7682 0.0000
vt 0.0913 0.7650 0.0000
vt 0.1972 0.0384 0.0000
vt 0.1982 0.0358 0.0000
vt 0.2085 0.0396 0.0000
vt 0.2080 0.0408 0.0000
vt 0.0818 0.2275 0.0000
vt 0.0817 0.2304 0.0000
vt 0.0711 0.2290 0.0000
vt 0.0711 0.2277 0.0000
vt 0.4620 0.5413 0.0000
vt 0.4642 0.5417 0.0000
vt 0.4631 0.5527 0.0000
vt 0.4621 0.5525 0.0000
vt 0.2982 0.0257 0.0000
vt 0.2991 0.0284 0.0000
vt 0.2885 0.0313 0.0000
vt 0.2880 0.0300 0.0000
vt 0.1597 0.4439 0.0000
vt 0.1569 0.4440 0.0000
vt 0.1583 0.4344 0.0000
vt 0.1596 0.4343 0.0000
vt 0.5109 0.0156 0.0000
vt 0.5110 0.0185 0.0000
vt 0.4999 0.0179 0.0000
vt 0.4999 0.0166 0.0000
vt 0.2420 0.1569 0.0000
vt 0.2431 0.1595 0.0000
vt 0.2331 0.1630 0.0000
vt 0.2326 0.1617 0.0000
vt 0.5502 0.0560 0.0000
vt 0.5504 0.0588 0.0000
vt 0.5403 0.0576 0.0000
vt 0.5403 0.0563 0.0000
vt 0.0945 0.2376 0.0000
vt 0.0971 0.2388 0.0000
vt 0.0925 0.2479 0.0000
vt 0.0913 0.2473 0.0000
vt 0.3082 0.2046 0.0000
vt 0.3083 0.2023 0.0000
vt 0.3181 0.2026 0.0000
vt 0.3181 0.2037 0.0000
vt 0.2882 0.2658 0.0000
vt 0.2880 0.2631 0.0000
vt 0.2978 0.2628 0.0000
vt 0.2978 0.2641 0.0000
vt 0.3783 0.1480 0.0000
vt 0.3754 0.1481 0.0000
vt 0.3763 0.1409 0.0000
vt 0.3777 0.1409 0.0000
vt 0.5554 0.1595 0.0000
vt 0.5563 0.1569 0.0000
vt 0.5649 0.1591 0.0000
vt 0.5645 0.1603 0.0000
vt 0.0235 0.5556 0.0000
vt 0.0207 0.5556 0.0000
vt 0.0216 0.5453 0.0000
vt 0.0229 0.5453 0.0000
vt 0.4196 0.0913 0.0000
vt 0.4196 0.0942 0.0000
vt 0.4091 0.0933 0.0000
vt 0.4091 0.0920 0.0000
vt 0.5158 0.0910 0.0000
vt 0.5151 0.0882 0.0000
vt 0.5251 0.0863 0.0000
vt 0.5255 0.0876 0.0000
vt 0.7531 0.0207 0.0000
vt 0.7530 0.0236 0.0000
vt 0.7421 0.0228 0.0000
vt 0.7421 0.0214 0.0000
vt 0.5703 0.1266 0.0000
vt 0.5705 0.1294 0.0000
vt 0.5606 0.1281 0.0000
vt 0.5605 0.1267 0.0000
vt 0.0812 0.7017 0.0000
vt 0.0841 0.7018 0.0000
vt 0.0826 0.7099 0.0000
vt 0.0812 0.7099 0.0000
vt 0.7068 0.0784 0.0000
vt 0.7068 0.0762 0.0000
vt 0.7163 0.0763 0.0000
vt 0.7163 0.0774 0.0000
vt 0.3977 0.2376 0.0000
vt 0.3984 0.2402 0.0000
vt 0.3893 0.2425 0.0000
vt 0.3889 0.2413 0.0000
vt 0.3443 0.7570 0.0000
vt 0.3444 0.7595 0.0000
vt 0.3333 0.7584 0.0000
vt 0.3332 0.7573 0.0000
vt 0.4898 0.0487 0.0000
vt 0.4903 0.0459 0.0000
vt 0.5006 0.0487 0.0000
vt 0.5003 0.0500 0.0000
vt 0.0264 0.2929 0.0000
vt 0.0242 0.2941 0.0000
vt 0.0207 0.2836 0.0000
vt 0.0217 0.2830 0.0000
vt 0.0542 0.0946 0.0000
vt 0.0509 0.0879 0.0000
vt 0.0989 0.0727 0.0000
vt 0.1013 0.0786 0.0000
vt 0.5486 0.1043 0.0000
vt 0.5470 0.0963 0.0000
vt 0.5871 0.0975 0.0000
vt 0.5889 0.1044 0.0000
vt 0.1115 0.1460 0.0000
vt 0.1130 0.1388 0.0000
vt 0.1623 0.1434 0.0000
vt 0.1614 0.1497 0.0000
vt 0.0324 0.0661 0.0000
vt 0.0395 0.0701 0.0000
vt 0.0267 0.1085 0.0000
vt 0.0207 0.1047 0.0000
vt 0.1485 0.0661 0.0000
vt 0.1498 0.0712 0.0000
vt 0.1367 0.5120 0.0000
vt 0.1388 0.5050 0.0000
vt 0.1887 0.5171 0.0000
vt 0.1876 0.5232 0.0000
vt 0.2107 0.1395 0.0000
vt 0.2107 0.1448 0.0000
vt 0.2808 0.5504 0.0000
vt 0.2824 0.5575 0.0000
vt 0.2317 0.5653 0.0000
vt 0.2310 0.5591 0.0000
vt 0.1978 0.0677 0.0000
vt 0.1984 0.0719 0.0000
vt 0.2393 0.5233 0.0000
vt 0.2390 0.5284 0.0000
vt 0.2575 0.1277 0.0000
vt 0.2580 0.1319 0.0000
vt 0.1807 0.5671 0.0000
vt 0.1808 0.5619 0.0000
vt 0.2458 0.0769 0.0000
vt 0.2459 0.0801 0.0000
vt 0.2894 0.5239 0.0000
vt 0.2895 0.5279 0.0000
vt 0.3018 0.1089 0.0000
vt 0.3025 0.1121 0.0000
vt 0.1307 0.5633 0.0000
vt 0.1312 0.5592 0.0000
vt 0.2880 0.0911 0.0000
vt 0.2880 0.0935 0.0000
vt 0.3343 0.5200 0.0000
vt 0.3346 0.5231 0.0000
vt 0.3398 0.0863 0.0000
vt 0.3404 0.0886 0.0000
vt 0.0863 0.5554 0.0000
vt 0.0867 0.5524 0.0000
vt 0.1208 0.4848 0.0000
vt 0.1206 0.4873 0.0000
vt 0.1115 0.4873 0.0000
vt 0.1116 0.4861 0.0000
vt 0.6311 0.4394 0.0000
vt 0.6340 0.4394 0.0000
vt 0.6334 0.4481 0.0000
vt 0.6320 0.4481 0.0000
vt 0.3321 0.4646 0.0000
vt 0.3326 0.4671 0.0000
vt 0.3236 0.4693 0.0000
vt 0.3234 0.4681 0.0000
vt 0.5081 0.1197 0.0000
vt 0.5087 0.1225 0.0000
vt 0.4970 0.1236 0.0000
vt 0.4968 0.1223 0.0000
vt 0.0545 0.5290 0.0000
vt 0.0516 0.5288 0.0000
vt 0.0530 0.5168 0.0000
vt 0.0544 0.5168 0.0000
vt 0.0459 0.2990 0.0000
vt 0.0484 0.2981 0.0000
vt 0.0482 0.3084 0.0000
vt 0.0470 0.3088 0.0000
vt 0.1621 0.0801 0.0000
vt 0.1622 0.0824 0.0000
vt 0.1508 0.0792 0.0000
vt 0.1507 0.0782 0.0000
vt 0.0345 0.5188 0.0000
vt 0.0318 0.5190 0.0000
vt 0.0329 0.5070 0.0000
vt 0.0342 0.5070 0.0000
vt 0.3305 0.1569 0.0000
vt 0.3297 0.1596 0.0000
vt 0.3183 0.1555 0.0000
vt 0.3187 0.1542 0.0000
vt 0.3082 0.4504 0.0000
vt 0.3110 0.4495 0.0000
vt 0.3131 0.4584 0.0000
vt 0.3118 0.4588 0.0000
vt 0.8362 0.1588 0.0000
vt 0.8390 0.1591 0.0000
vt 0.8384 0.1674 0.0000
vt 0.8371 0.1672 0.0000
vt 0.2165 0.5554 0.0000
vt 0.2164 0.5582 0.0000
vt 0.2073 0.5573 0.0000
vt 0.2073 0.5559 0.0000
vt 0.0812 0.3536 0.0000
vt 0.0841 0.3537 0.0000
vt 0.0832 0.3639 0.0000
vt 0.0818 0.3638 0.0000
vt 0.1560 0.5554 0.0000
vt 0.1559 0.5582 0.0000
vt 0.1468 0.5583 0.0000
vt 0.1468 0.5569 0.0000
vt 0.8165 0.2667 0.0000
vt 0.8139 0.2667 0.0000
vt 0.8127 0.2578 0.0000
vt 0.8140 0.2578 0.0000
vt 0.0454 0.0610 0.0000
vt 0.0459 0.0638 0.0000
vt 0.0361 0.0649 0.0000
vt 0.0358 0.0636 0.0000
vt 0.0232 0.7471 0.0000
vt 0.0238 0.7498 0.0000
vt 0.0159 0.7486 0.0000
vt 0.0156 0.7474 0.0000
vt 0.2780 0.1973 0.0000
vt 0.2808 0.1972 0.0000
vt 0.2802 0.2071 0.0000
vt 0.2788 0.2071 0.0000
vt 0.3435 0.1792 0.0000
vt 0.3450 0.1771 0.0000
vt 0.3535 0.1805 0.0000
vt 0.3528 0.1815 0.0000
vt 0.1446 0.2425 0.0000
vt 0.1418 0.2425 0.0000
vt 0.1418 0.2326 0.0000
vt 0.1432 0.2326 0.0000
vt 0.3165 0.2331 0.0000
vt 0.3157 0.2356 0.0000
vt 0.3063 0.2343 0.0000
vt 0.3067 0.2331 0.0000
vt 0.2124 0.0681 0.0000
vt 0.2136 0.0661 0.0000
vt 0.2232 0.0704 0.0000
vt 0.2226 0.0713 0.0000
vt 0.2503 0.1473 0.0000
vt 0.2477 0.1470 0.0000
vt 0.2479 0.1367 0.0000
vt 0.2492 0.1368 0.0000
vt 0.0963 0.1620 0.0000
vt 0.0992 0.1619 0.0000
vt 0.0992 0.1724 0.0000
vt 0.0978 0.1725 0.0000
vt 0.2670 0.4747 0.0000
vt 0.2671 0.4772 0.0000
vt 0.2578 0.4759 0.0000
vt 0.2578 0.4747 0.0000
vt 0.2973 0.5417 0.0000
vt 0.2966 0.5445 0.0000
vt 0.2880 0.5416 0.0000
vt 0.2883 0.5403 0.0000
vt 0.8104 0.4596 0.0000
vt 0.8129 0.4601 0.0000
vt 0.8088 0.4684 0.0000
vt 0.8077 0.4681 0.0000
vt 0.0283 0.0636 0.0000
vt 0.0257 0.0577 0.0000
vt 0.0747 0.0426 0.0000
vt 0.0766 0.0479 0.0000
vt 0.5263 0.0281 0.0000
vt 0.5247 0.0361 0.0000
vt 0.4744 0.0259 0.0000
vt 0.4754 0.0189 0.0000
vt 0.2477 0.1875 0.0000
vt 0.2479 0.1811 0.0000
vt 0.2983 0.1782 0.0000
vt 0.2985 0.1838 0.0000
vt 0.1343 0.2225 0.0000
vt 0.1423 0.2239 0.0000
vt 0.1328 0.2743 0.0000
vt 0.1260 0.2727 0.0000
vt 0.1257 0.0358 0.0000
vt 0.1266 0.0404 0.0000
vt 0.4237 0.0216 0.0000
vt 0.4238 0.0156 0.0000
vt 0.3471 0.1672 0.0000
vt 0.3479 0.1718 0.0000
vt 0.1177 0.3230 0.0000
vt 0.1120 0.3209 0.0000
vt 0.1769 0.0369 0.0000
vt 0.1771 0.0407 0.0000
vt 0.3737 0.0230 0.0000
vt 0.3732 0.0181 0.0000
vt 0.3936 0.1488 0.0000
vt 0.3948 0.1523 0.0000
vt 0.0976 0.3688 0.0000
vt 0.0931 0.3666 0.0000
vt 0.2272 0.0454 0.0000
vt 0.2270 0.0483 0.0000
vt 0.3254 0.0296 0.0000
vt 0.3248 0.0257 0.0000
vt 0.4371 0.1238 0.0000
vt 0.4384 0.1264 0.0000
vt 0.0733 0.4110 0.0000
vt 0.0700 0.4090 0.0000
vt 0.2714 0.0585 0.0000
vt 0.2712 0.0606 0.0000
vt 0.2836 0.0394 0.0000
vt 0.2830 0.0365 0.0000
vt 0.4738 0.0963 0.0000
vt 0.4749 0.0983 0.0000
vt 0.0484 0.4460 0.0000
vt 0.0459 0.4444 0.0000
vt 0.7531 0.0156 0.0000
vt 0.7525 0.0181 0.0000
vt 0.7421 0.0170 0.0000
vt 0.7424 0.0159 0.0000
vt 0.1661 0.0278 0.0000
vt 0.1661 0.0307 0.0000
vt 0.1550 0.0299 0.0000
vt 0.1550 0.0286 0.0000
vt 0.1922 0.0180 0.0000
vt 0.1932 0.0156 0.0000
vt 0.2034 0.0188 0.0000
vt 0.2029 0.0199 0.0000
vt 0.6356 0.4173 0.0000
vt 0.6328 0.4178 0.0000
vt 0.6311 0.4094 0.0000
vt 0.6324 0.4091 0.0000
vt 0.0560 0.7500 0.0000
vt 0.0560 0.7471 0.0000
vt 0.0637 0.7483 0.0000
vt 0.0637 0.7496 0.0000
vt 0.2533 0.5160 0.0000
vt 0.2539 0.5139 0.0000
vt 0.2626 0.5150 0.0000
vt 0.2623 0.5160 0.0000
vt 0.0533 0.4544 0.0000
vt 0.0509 0.4546 0.0000
vt 0.0532 0.4445 0.0000
vt 0.0544 0.4444 0.0000
vt 0.2050 0.1975 0.0000
vt 0.2023 0.1976 0.0000
vt 0.2035 0.1872 0.0000
vt 0.2048 0.1872 0.0000
vt 0.0618 0.0989 0.0000
vt 0.0609 0.1016 0.0000
vt 0.0509 0.0976 0.0000
vt 0.0514 0.0963 0.0000
vt 0.5454 0.1497 0.0000
vt 0.5453 0.1468 0.0000
vt 0.5549 0.1475 0.0000
vt 0.5549 0.1488 0.0000
vt 0.7507 0.1115 0.0000
vt 0.7511 0.1142 0.0000
vt 0.7423 0.1156 0.0000
vt 0.7421 0.1143 0.0000
vt 0.0801 0.2003 0.0000
vt 0.0830 0.2002 0.0000
vt 0.0820 0.2082 0.0000
vt 0.0806 0.2082 0.0000
vt 0.1143 0.5446 0.0000
vt 0.1116 0.5443 0.0000
vt 0.1115 0.5352 0.0000
vt 0.1128 0.5354 0.0000
vt 0.8127 0.1821 0.0000
vt 0.8155 0.1823 0.0000
vt 0.8155 0.1911 0.0000
vt 0.8142 0.1910 0.0000
vt 0.1367 0.3940 0.0000
vt 0.1395 0.3942 0.0000
vt 0.1395 0.4037 0.0000
vt 0.1382 0.4036 0.0000
vt 0.6413 0.0843 0.0000
vt 0.6412 0.0814 0.0000
vt 0.6511 0.0812 0.0000
vt 0.6512 0.0826 0.0000
vt 0.0460 0.7500 0.0000
vt 0.0459 0.7471 0.0000
vt 0.0536 0.7485 0.0000
vt 0.0537 0.7498 0.0000
vt 0.4445 0.0992 0.0000
vt 0.4444 0.0963 0.0000
vt 0.4548 0.0968 0.0000
vt 0.4549 0.0982 0.0000
vt 0.6393 0.4343 0.0000
vt 0.6398 0.4370 0.0000
vt 0.6313 0.4357 0.0000
vt 0.6311 0.4344 0.0000
vt 0.0821 0.5477 0.0000
vt 0.0812 0.5453 0.0000
vt 0.0902 0.5455 0.0000
vt 0.0906 0.5466 0.0000
vt 0.2082 0.1920 0.0000
vt 0.2073 0.1893 0.0000
vt 0.2170 0.1872 0.0000
vt 0.2174 0.1884 0.0000
vt 0.6601 0.2830 0.0000
vt 0.6592 0.2853 0.0000
vt 0.6513 0.2842 0.0000
vt 0.6517 0.2831 0.0000
vt 0.0812 0.5806 0.0000
vt 0.0838 0.5814 0.0000
vt 0.0827 0.5890 0.0000
vt 0.0814 0.5887 0.0000
vt 0.1569 0.5201 0.0000
vt 0.1597 0.5201 0.0000
vt 0.1589 0.5293 0.0000
vt 0.1576 0.5293 0.0000
vt 0.4014 0.0263 0.0000
vt 0.4014 0.0288 0.0000
vt 0.3903 0.0276 0.0000
vt 0.3903 0.0264 0.0000
vt 0.0342 0.1794 0.0000
vt 0.0313 0.1790 0.0000
vt 0.0337 0.1681 0.0000
vt 0.0350 0.1683 0.0000
vt 0.7168 0.0181 0.0000
vt 0.7171 0.0156 0.0000
vt 0.7279 0.0184 0.0000
vt 0.7278 0.0196 0.0000
vt 0.2208 0.7572 0.0000
vt 0.2236 0.7639 0.0000
vt 0.1760 0.7756 0.0000
vt 0.1740 0.7697 0.0000
vt 0.5377 0.1115 0.0000
vt 0.5383 0.1192 0.0000
vt 0.4976 0.1181 0.0000
vt 0.4968 0.1114 0.0000
vt 0.7950 0.0799 0.0000
vt 0.7935 0.0869 0.0000
vt 0.7453 0.0823 0.0000
vt 0.7463 0.0762 0.0000
vt 0.4467 0.7535 0.0000
vt 0.4444 0.7462 0.0000
vt 0.4827 0.7307 0.0000
vt 0.4844 0.7372 0.0000
vt 0.1278 0.7789 0.0000
vt 0.1267 0.7739 0.0000
vt 0.3334 0.5371 0.0000
vt 0.3321 0.5437 0.0000
vt 0.2813 0.5365 0.0000
vt 0.2817 0.5307 0.0000
vt 0.6983 0.0860 0.0000
vt 0.6985 0.0808 0.0000
vt 0.5183 0.7219 0.0000
vt 0.5193 0.7276 0.0000
vt 0.0807 0.7742 0.0000
vt 0.0803 0.7701 0.0000
vt 0.2303 0.5349 0.0000
vt 0.2302 0.5302 0.0000
vt 0.6533 0.0972 0.0000
vt 0.6530 0.0930 0.0000
vt 0.0237 0.8661 0.0000
vt 0.0237 0.8603 0.0000
vt 0.0749 0.8634 0.0000
vt 0.0744 0.8681 0.0000
vt 0.0358 0.7623 0.0000
vt 0.0358 0.7591 0.0000
vt 0.1804 0.5388 0.0000
vt 0.1799 0.5351 0.0000
vt 0.6112 0.1152 0.0000
vt 0.6106 0.1121 0.0000
vt 0.1252 0.8717 0.0000
vt 0.1245 0.8754 0.0000
vt 0.1136 0.4761 0.0000
vt 0.1099 0.4763 0.0000
vt 0.1102 0.4302 0.0000
vt 0.1130 0.4302 0.0000
vt 0.1372 0.5461 0.0000
vt 0.1367 0.5433 0.0000
vt 0.5761 0.1362 0.0000
vt 0.5756 0.1339 0.0000
vt 0.1689 0.8830 0.0000
vt 0.1682 0.8857 0.0000
vt 0.5290 0.1436 0.0000
vt 0.5296 0.1411 0.0000
vt 0.5391 0.1423 0.0000
vt 0.5388 0.1435 0.0000
vt 0.4170 0.2017 0.0000
vt 0.4142 0.2017 0.0000
vt 0.4145 0.1922 0.0000
vt 0.4159 0.1922 0.0000
vt 0.1826 0.4647 0.0000
vt 0.1821 0.4622 0.0000
vt 0.1916 0.4596 0.0000
vt 0.1918 0.4607 0.0000
vt 0.3690 0.2657 0.0000
vt 0.3688 0.2628 0.0000
vt 0.3781 0.2636 0.0000
vt 0.3783 0.2650 0.0000
vt 0.7574 0.0610 0.0000
vt 0.7575 0.0639 0.0000
vt 0.7472 0.0625 0.0000
vt 0.7471 0.0612 0.0000
vt 0.4903 0.0947 0.0000
vt 0.4898 0.0919 0.0000
vt 0.5000 0.0913 0.0000
vt 0.5002 0.0926 0.0000
vt 0.6061 0.0772 0.0000
vt 0.6062 0.0794 0.0000
vt 0.5958 0.0772 0.0000
vt 0.5958 0.0762 0.0000
vt 0.0638 0.2835 0.0000
vt 0.0610 0.2835 0.0000
vt 0.0621 0.2729 0.0000
vt 0.0634 0.2729 0.0000
vt 0.2939 0.0621 0.0000
vt 0.2934 0.0648 0.0000
vt 0.2830 0.0624 0.0000
vt 0.2832 0.0610 0.0000
vt 0.1364 0.7422 0.0000
vt 0.1365 0.7401 0.0000
vt 0.1492 0.7406 0.0000
vt 0.1491 0.7416 0.0000
vt 0.1330 0.4143 0.0000
vt 0.1303 0.4141 0.0000
vt 0.1312 0.4015 0.0000
vt 0.1325 0.4016 0.0000
vt 0.2376 0.4772 0.0000
vt 0.2376 0.4744 0.0000
vt 0.2503 0.4751 0.0000
vt 0.2503 0.4765 0.0000
vt 0.8364 0.0327 0.0000
vt 0.8390 0.0336 0.0000
vt 0.8376 0.0413 0.0000
vt 0.8364 0.0409 0.0000
vt 0.3464 0.2725 0.0000
vt 0.3435 0.2726 0.0000
vt 0.3442 0.2628 0.0000
vt 0.3455 0.2628 0.0000
vt 0.3849 0.1826 0.0000
vt 0.3839 0.1799 0.0000
vt 0.3932 0.1771 0.0000
vt 0.3937 0.1783 0.0000
vt 0.3785 0.1126 0.0000
vt 0.3792 0.1154 0.0000
vt 0.3677 0.1175 0.0000
vt 0.3674 0.1162 0.0000
vt 0.1293 0.3077 0.0000
vt 0.1266 0.3080 0.0000
vt 0.1287 0.2983 0.0000
vt 0.1299 0.2981 0.0000
vt 0.3696 0.0483 0.0000
vt 0.3688 0.0459 0.0000
vt 0.3791 0.0462 0.0000
vt 0.3795 0.0473 0.0000
vt 0.3291 0.0525 0.0000
vt 0.3281 0.0547 0.0000
vt 0.3183 0.0520 0.0000
vt 0.3188 0.0509 0.0000
vt 0.5454 0.0841 0.0000
vt 0.5453 0.0812 0.0000
vt 0.5557 0.0814 0.0000
vt 0.5557 0.0828 0.0000
vt 0.2179 0.1165 0.0000
vt 0.2177 0.1192 0.0000
vt 0.2073 0.1189 0.0000
vt 0.2074 0.1177 0.0000
vt 0.3064 0.2386 0.0000
vt 0.3063 0.2361 0.0000
vt 0.3164 0.2373 0.0000
vt 0.3165 0.2385 0.0000
vt 0.0790 0.4942 0.0000
vt 0.0762 0.4937 0.0000
vt 0.0791 0.4848 0.0000
vt 0.0805 0.4851 0.0000
vt 0.0873 0.3280 0.0000
vt 0.0863 0.3257 0.0000
vt 0.0960 0.3234 0.0000
vt 0.0965 0.3244 0.0000
vt 0.0277 0.0424 0.0000
vt 0.0257 0.0372 0.0000
vt 0.0751 0.0223 0.0000
vt 0.0764 0.0269 0.0000
vt 0.7721 0.0302 0.0000
vt 0.7705 0.0374 0.0000
vt 0.7205 0.0263 0.0000
vt 0.7214 0.0199 0.0000
vt 0.1015 0.2028 0.0000
vt 0.1014 0.1973 0.0000
vt 0.1521 0.1941 0.0000
vt 0.1526 0.1988 0.0000
vt 0.0892 0.1821 0.0000
vt 0.0966 0.1828 0.0000
vt 0.0917 0.2338 0.0000
vt 0.0853 0.2329 0.0000
vt 0.1266 0.0156 0.0000
vt 0.1271 0.0196 0.0000
vt 0.6698 0.0211 0.0000
vt 0.6700 0.0156 0.0000
vt 0.2014 0.1826 0.0000
vt 0.2024 0.1865 0.0000
vt 0.0809 0.2836 0.0000
vt 0.0755 0.2822 0.0000
vt 0.1782 0.0169 0.0000
vt 0.1782 0.0202 0.0000
vt 0.6197 0.0217 0.0000
vt 0.6194 0.0172 0.0000
vt 0.2484 0.1637 0.0000
vt 0.2496 0.1668 0.0000
vt 0.0648 0.3310 0.0000
vt 0.0605 0.3294 0.0000
vt 0.2291 0.0255 0.0000
vt 0.2287 0.0281 0.0000
vt 0.5714 0.0275 0.0000
vt 0.5708 0.0240 0.0000
vt 0.2923 0.1383 0.0000
vt 0.2936 0.1405 0.0000
vt 0.0442 0.3752 0.0000
vt 0.0410 0.3737 0.0000
vt 0.2723 0.0382 0.0000
vt 0.2720 0.0401 0.0000
vt 0.5307 0.0363 0.0000
vt 0.5302 0.0336 0.0000
vt 0.3282 0.1115 0.0000
vt 0.3292 0.1131 0.0000
vt 0.0231 0.4111 0.0000
vt 0.0207 0.4099 0.0000
vt 0.3087 0.0863 0.0000
vt 0.3081 0.0887 0.0000
vt 0.2981 0.0877 0.0000
vt 0.2984 0.0866 0.0000
vt 0.0464 0.3385 0.0000
vt 0.0464 0.3414 0.0000
vt 0.0358 0.3405 0.0000
vt 0.0358 0.3391 0.0000
vt 0.2584 0.0881 0.0000
vt 0.2575 0.0905 0.0000
vt 0.2477 0.0874 0.0000
vt 0.2481 0.0863 0.0000
vt 0.1782 0.0653 0.0000
vt 0.1782 0.0625 0.0000
vt 0.1896 0.0634 0.0000
vt 0.1895 0.0648 0.0000
vt 0.0716 0.4848 0.0000
vt 0.0743 0.4856 0.0000
vt 0.0724 0.4942 0.0000
vt 0.0711 0.4939 0.0000
vt 0.1634 0.1010 0.0000
vt 0.1625 0.0983 0.0000
vt 0.1735 0.0954 0.0000
vt 0.1739 0.0967 0.0000
vt 0.1664 0.0653 0.0000
vt 0.1662 0.0627 0.0000
vt 0.1776 0.0637 0.0000
vt 0.1777 0.0649 0.0000
vt 0.5584 0.1049 0.0000
vt 0.5585 0.1073 0.0000
vt 0.5471 0.1063 0.0000
vt 0.5470 0.1051 0.0000
vt 0.0809 0.2087 0.0000
vt 0.0837 0.2091 0.0000
vt 0.0814 0.2204 0.0000
vt 0.0801 0.2202 0.0000
vt 0.0536 0.5856 0.0000
vt 0.0509 0.5846 0.0000
vt 0.0551 0.5756 0.0000
vt 0.0564 0.5761 0.0000
vt 0.8363 0.0126 0.0000
vt 0.8390 0.0134 0.0000
vt 0.8376 0.0211 0.0000
vt 0.8364 0.0207 0.0000
vt 0.4069 0.2070 0.0000
vt 0.4041 0.2070 0.0000
vt 0.4049 0.1972 0.0000
vt 0.4063 0.1972 0.0000
vt 0.4041 0.1720 0.0000
vt 0.4070 0.1721 0.0000
vt 0.4058 0.1818 0.0000
vt 0.4044 0.1818 0.0000
vt 0.1514 0.4545 0.0000
vt 0.1515 0.4574 0.0000
vt 0.1418 0.4568 0.0000
vt 0.1418 0.4554 0.0000
vt 0.3464 0.2574 0.0000
vt 0.3435 0.2574 0.0000
vt 0.3442 0.2477 0.0000
vt 0.3456 0.2477 0.0000
vt 0.5809 0.0762 0.0000
vt 0.5809 0.0790 0.0000
vt 0.5706 0.0784 0.0000
vt 0.5706 0.0770 0.0000
vt 0.4583 0.1821 0.0000
vt 0.4574 0.1847 0.0000
vt 0.4495 0.1834 0.0000
vt 0.4499 0.1821 0.0000
vt 0.3126 0.1317 0.0000
vt 0.3136 0.1344 0.0000
vt 0.3037 0.1373 0.0000
vt 0.3032 0.1361 0.0000
vt 0.2303 0.5706 0.0000
vt 0.2309 0.5733 0.0000
vt 0.2228 0.5753 0.0000
vt 0.2225 0.5740 0.0000
vt 0.0841 0.6897 0.0000
vt 0.0812 0.6897 0.0000
vt 0.0823 0.6815 0.0000
vt 0.0836 0.6815 0.0000
vt 0.3838 0.2512 0.0000
vt 0.3811 0.2522 0.0000
vt 0.3789 0.2431 0.0000
vt 0.3801 0.2426 0.0000
vt 0.5807 0.0333 0.0000
vt 0.5806 0.0308 0.0000
vt 0.5913 0.0319 0.0000
vt 0.5913 0.0331 0.0000
vt 0.1123 0.0518 0.0000
vt 0.1119 0.0546 0.0000
vt 0.1014 0.0523 0.0000
vt 0.1016 0.0509 0.0000
vt 0.4196 0.0967 0.0000
vt 0.4196 0.0992 0.0000
vt 0.4091 0.0975 0.0000
vt 0.4091 0.0963 0.0000
vt 0.2397 0.7917 0.0000
vt 0.2376 0.7852 0.0000
vt 0.2843 0.7774 0.0000
vt 0.2858 0.7831 0.0000
vt 0.2326 0.2549 0.0000
vt 0.2329 0.2478 0.0000
vt 0.2749 0.2509 0.0000
vt 0.2749 0.2571 0.0000
vt 0.6004 0.2172 0.0000
vt 0.5987 0.2238 0.0000
vt 0.5522 0.2181 0.0000
vt 0.5532 0.2124 0.0000
vt 0.5237 0.2889 0.0000
vt 0.5258 0.2957 0.0000
vt 0.4849 0.3081 0.0000
vt 0.4835 0.3021 0.0000
vt 0.3304 0.7777 0.0000
vt 0.3311 0.7825 0.0000
vt 0.3131 0.2477 0.0000
vt 0.3136 0.2529 0.0000
vt 0.5071 0.2204 0.0000
vt 0.5075 0.2155 0.0000
vt 0.4463 0.3135 0.0000
vt 0.4455 0.3083 0.0000
vt 0.3743 0.7856 0.0000
vt 0.3745 0.7895 0.0000
vt 0.0763 0.7268 0.0000
vt 0.0711 0.7260 0.0000
vt 0.0770 0.6750 0.0000
vt 0.0813 0.6752 0.0000
vt 0.4643 0.2300 0.0000
vt 0.4642 0.2261 0.0000
vt 0.4717 0.5756 0.0000
vt 0.4769 0.5762 0.0000
vt 0.4674 0.6267 0.0000
vt 0.4632 0.6257 0.0000
vt 0.1990 0.3156 0.0000
vt 0.2033 0.3152 0.0000
vt 0.2044 0.3669 0.0000
vt 0.2010 0.3668 0.0000
vt 0.0774 0.6240 0.0000
vt 0.0808 0.6238 0.0000
vt 0.4246 0.2462 0.0000
vt 0.4243 0.2432 0.0000
vt 0.4527 0.6755 0.0000
vt 0.4495 0.6745 0.0000
vt 0.2017 0.4108 0.0000
vt 0.1991 0.4107 0.0000
vt 0.0741 0.5809 0.0000
vt 0.0767 0.5806 0.0000
vt 0.2723 0.2134 0.0000
vt 0.2728 0.2167 0.0000
vt 0.2299 0.2258 0.0000
vt 0.2294 0.2232 0.0000
vt 0.4368 0.7158 0.0000
vt 0.4343 0.7148 0.0000
vt 0.5605 0.0233 0.0000
vt 0.5607 0.0207 0.0000
vt 0.5706 0.0209 0.0000
vt 0.5705 0.0221 0.0000
vt 0.0560 0.3940 0.0000
vt 0.0588 0.3940 0.0000
vt 0.0586 0.4042 0.0000
vt 0.0572 0.4042 0.0000
vt 0.4271 0.1014 0.0000
vt 0.4292 0.1026 0.0000
vt 0.4253 0.1119 0.0000
vt 0.4243 0.1113 0.0000
vt 0.0789 0.4140 0.0000
vt 0.0762 0.4132 0.0000
vt 0.0797 0.4041 0.0000
vt 0.0810 0.4044 0.0000
vt 0.3244 0.4747 0.0000
vt 0.3271 0.4749 0.0000
vt 0.3246 0.4840 0.0000
vt 0.3234 0.4839 0.0000
vt 0.2381 0.4739 0.0000
vt 0.2376 0.4717 0.0000
vt 0.2472 0.4719 0.0000
vt 0.2475 0.4730 0.0000
vt 0.7571 0.0731 0.0000
vt 0.7564 0.0754 0.0000
vt 0.7471 0.0722 0.0000
vt 0.7474 0.0711 0.0000
vt 0.2877 0.2578 0.0000
vt 0.2877 0.2603 0.0000
vt 0.2780 0.2602 0.0000
vt 0.2780 0.2589 0.0000
vt 0.2069 0.4646 0.0000
vt 0.2069 0.4675 0.0000
vt 0.1972 0.4669 0.0000
vt 0.1972 0.4655 0.0000
vt 0.3442 0.3990 0.0000
vt 0.3462 0.3996 0.0000
vt 0.3445 0.4084 0.0000
vt 0.3435 0.4081 0.0000
vt 0.6399 0.2830 0.0000
vt 0.6400 0.2858 0.0000
vt 0.6311 0.2857 0.0000
vt 0.6311 0.2844 0.0000
vt 0.6603 0.1266 0.0000
vt 0.6604 0.1294 0.0000
vt 0.6513 0.1289 0.0000
vt 0.6513 0.1276 0.0000
vt 0.0840 0.6092 0.0000
vt 0.0812 0.6088 0.0000
vt 0.0814 0.6008 0.0000
vt 0.0827 0.6010 0.0000
vt 0.3738 0.2780 0.0000
vt 0.3765 0.2783 0.0000
vt 0.3763 0.2874 0.0000
vt 0.3750 0.2873 0.0000
vt 0.2410 0.5756 0.0000
vt 0.2406 0.5782 0.0000
vt 0.2326 0.5788 0.0000
vt 0.2328 0.5775 0.0000
vt 0.0933 0.4848 0.0000
vt 0.0960 0.4857 0.0000
vt 0.0926 0.4942 0.0000
vt 0.0913 0.4938 0.0000
vt 0.8154 0.4278 0.0000
vt 0.8127 0.4280 0.0000
vt 0.8141 0.4193 0.0000
vt 0.8154 0.4192 0.0000
vt 0.3221 0.5504 0.0000
vt 0.3225 0.5526 0.0000
vt 0.3135 0.5516 0.0000
vt 0.3133 0.5506 0.0000
vt 0.1999 0.4889 0.0000
vt 0.1972 0.4891 0.0000
vt 0.2000 0.4798 0.0000
vt 0.2013 0.4797 0.0000
vt 0.1528 0.1895 0.0000
vt 0.1518 0.1872 0.0000
vt 0.1619 0.1873 0.0000
vt 0.1624 0.1884 0.0000
vt 0.4024 0.0710 0.0000
vt 0.4031 0.0738 0.0000
vt 0.3918 0.0757 0.0000
vt 0.3915 0.0744 0.0000
vt 0.4091 0.1016 0.0000
vt 0.4116 0.1014 0.0000
vt 0.4106 0.1118 0.0000
vt 0.4094 0.1119 0.0000
vt 0.7890 0.1014 0.0000
vt 0.7918 0.1019 0.0000
vt 0.7888 0.1105 0.0000
vt 0.7875 0.1102 0.0000
vt 0.7015 0.0257 0.0000
vt 0.7023 0.0281 0.0000
vt 0.6920 0.0292 0.0000
vt 0.6916 0.0281 0.0000
vt 0.0448 0.3093 0.0000
vt 0.0401 0.3108 0.0000
vt 0.0262 0.2610 0.0000
vt 0.0304 0.2601 0.0000
vt 0.5224 0.0432 0.0000
vt 0.5211 0.0499 0.0000
vt 0.4708 0.0398 0.0000
vt 0.4716 0.0340 0.0000
vt 0.4347 0.1165 0.0000
vt 0.4349 0.1214 0.0000
vt 0.3840 0.1241 0.0000
vt 0.3835 0.1198 0.0000
vt 0.0577 0.3264 0.0000
vt 0.0509 0.3262 0.0000
vt 0.0533 0.2749 0.0000
vt 0.0592 0.2755 0.0000
vt 0.0207 0.2094 0.0000
vt 0.0243 0.2092 0.0000
vt 0.4200 0.0358 0.0000
vt 0.4201 0.0308 0.0000
vt 0.3345 0.1350 0.0000
vt 0.3335 0.1316 0.0000
vt 0.0616 0.2247 0.0000
vt 0.0665 0.2257 0.0000
vt 0.0232 0.1577 0.0000
vt 0.0261 0.1579 0.0000
vt 0.3701 0.0374 0.0000
vt 0.3697 0.0333 0.0000
vt 0.2872 0.1535 0.0000
vt 0.2860 0.1508 0.0000
vt 0.0753 0.1765 0.0000
vt 0.0792 0.1778 0.0000
vt 0.0330 0.1070 0.0000
vt 0.0352 0.1075 0.0000
vt 0.3219 0.0441 0.0000
vt 0.3214 0.0410 0.0000
vt 0.2429 0.1786 0.0000
vt 0.2417 0.1767 0.0000
vt 0.0935 0.1315 0.0000
vt 0.0965 0.1327 0.0000
vt 0.0457 0.0661 0.0000
vt 0.0474 0.0665 0.0000
vt 0.2835 0.0531 0.0000
vt 0.2830 0.0507 0.0000
vt 0.2083 0.2036 0.0000
vt 0.2073 0.2022 0.0000
vt 0.1116 0.0963 0.0000
vt 0.1138 0.0974 0.0000
vt 0.8093 0.2158 0.0000
vt 0.8071 0.2156 0.0000
vt 0.8074 0.2052 0.0000
vt 0.8085 0.2053 0.0000
vt 0.3704 0.1401 0.0000
vt 0.3704 0.1372 0.0000
vt 0.3792 0.1386 0.0000
vt 0.3792 0.1400 0.0000
vt 0.6214 0.0345 0.0000
vt 0.6210 0.0318 0.0000
vt 0.6315 0.0308 0.0000
vt 0.6317 0.0320 0.0000
vt 0.4849 0.1487 0.0000
vt 0.4849 0.1459 0.0000
vt 0.4977 0.1469 0.0000
vt 0.4977 0.1483 0.0000
vt 0.2733 0.1419 0.0000
vt 0.2726 0.1446 0.0000
vt 0.2628 0.1431 0.0000
vt 0.2631 0.1418 0.0000
vt 0.3372 0.7416 0.0000
vt 0.3380 0.7443 0.0000
vt 0.3256 0.7473 0.0000
vt 0.3252 0.7460 0.0000
vt 0.1186 0.7691 0.0000
vt 0.1193 0.7669 0.0000
vt 0.1301 0.7680 0.0000
vt 0.1298 0.7691 0.0000
vt 0.4074 0.0432 0.0000
vt 0.4074 0.0403 0.0000
vt 0.4187 0.0411 0.0000
vt 0.4187 0.0425 0.0000
vt 0.4276 0.0735 0.0000
vt 0.4286 0.0710 0.0000
vt 0.4391 0.0745 0.0000
vt 0.4387 0.0757 0.0000
vt 0.4271 0.1563 0.0000
vt 0.4243 0.1564 0.0000
vt 0.4246 0.1468 0.0000
vt 0.4260 0.1468 0.0000
vt 0.3464 0.4722 0.0000
vt 0.3435 0.4721 0.0000
vt 0.3447 0.4646 0.0000
vt 0.3460 0.4646 0.0000
vt 0.1712 0.4848 0.0000
vt 0.1713 0.4876 0.0000
vt 0.1619 0.4874 0.0000
vt 0.1619 0.4861 0.0000
vt 0.3490 0.1216 0.0000
vt 0.3490 0.1245 0.0000
vt 0.3385 0.1236 0.0000
vt 0.3385 0.1222 0.0000
vt 0.3435 0.3183 0.0000
vt 0.3464 0.3183 0.0000
vt 0.3460 0.3280 0.0000
vt 0.3447 0.3281 0.0000
vt 0.7760 0.1064 0.0000
vt 0.7764 0.1092 0.0000
vt 0.7674 0.1110 0.0000
vt 0.7673 0.1097 0.0000
vt 0.0336 0.6010 0.0000
vt 0.0308 0.6010 0.0000
vt 0.0312 0.5907 0.0000
vt 0.0325 0.5907 0.0000
vt 0.8152 0.2465 0.0000
vt 0.8127 0.2456 0.0000
vt 0.8139 0.2376 0.0000
vt 0.8151 0.2380 0.0000
vt 0.2989 0.1011 0.0000
vt 0.2981 0.0983 0.0000
vt 0.3084 0.0963 0.0000
vt 0.3087 0.0977 0.0000
vt 0.8077 0.1626 0.0000
vt 0.8103 0.1619 0.0000
vt 0.8132 0.1706 0.0000
vt 0.8119 0.1709 0.0000
vt 0.3326 0.4394 0.0000
vt 0.3326 0.4423 0.0000
vt 0.3234 0.4413 0.0000
vt 0.3234 0.4400 0.0000
vt 0.2243 0.4738 0.0000
vt 0.2250 0.4716 0.0000
vt 0.2343 0.4725 0.0000
vt 0.2340 0.4735 0.0000
vt 0.1926 0.1972 0.0000
vt 0.1926 0.1997 0.0000
vt 0.1821 0.1985 0.0000
vt 0.1821 0.1973 0.0000
vt 0.2181 0.0872 0.0000
vt 0.2176 0.0901 0.0000
vt 0.2073 0.0876 0.0000
vt 0.2076 0.0863 0.0000
vt 0.7069 0.0434 0.0000
vt 0.7068 0.0409 0.0000
vt 0.7171 0.0420 0.0000
vt 0.7172 0.0432 0.0000
vt 0.4370 0.5937 0.0000
vt 0.4310 0.5955 0.0000
vt 0.4243 0.5504 0.0000
vt 0.4295 0.5491 0.0000
vt 0.5258 0.2810 0.0000
vt 0.5251 0.2874 0.0000
vt 0.4837 0.2846 0.0000
vt 0.4840 0.2790 0.0000
vt 0.1787 0.8280 0.0000
vt 0.1799 0.8219 0.0000
vt 0.2251 0.8249 0.0000
vt 0.2244 0.8302 0.0000
vt 0.4309 0.1668 0.0000
vt 0.4293 0.1606 0.0000
vt 0.4706 0.1527 0.0000
vt 0.4718 0.1581 0.0000
vt 0.4254 0.5064 0.0000
vt 0.4298 0.5057 0.0000
vt 0.4456 0.2884 0.0000
vt 0.4455 0.2838 0.0000
vt 0.2681 0.8204 0.0000
vt 0.2680 0.8249 0.0000
vt 0.5095 0.1518 0.0000
vt 0.5101 0.1565 0.0000
vt 0.4337 0.4648 0.0000
vt 0.4373 0.4646 0.0000
vt 0.4114 0.7711 0.0000
vt 0.4107 0.7758 0.0000
vt 0.3596 0.7712 0.0000
vt 0.3598 0.7673 0.0000
vt 0.3084 0.8090 0.0000
vt 0.3086 0.8125 0.0000
vt 0.4876 0.5958 0.0000
vt 0.4921 0.5970 0.0000
vt 0.4762 0.6457 0.0000
vt 0.4726 0.6444 0.0000
vt 0.2102 0.4077 0.0000
vt 0.2063 0.4081 0.0000
vt 0.2049 0.3565 0.0000
vt 0.2079 0.3565 0.0000
vt 0.3086 0.7717 0.0000
vt 0.3084 0.7687 0.0000
vt 0.2023 0.1468 0.0000
vt 0.2027 0.1507 0.0000
vt 0.1522 0.1575 0.0000
vt 0.1516 0.1545 0.0000
vt 0.4556 0.6924 0.0000
vt 0.4529 0.6911 0.0000
vt 0.2070 0.3152 0.0000
vt 0.2093 0.3153 0.0000
vt 0.2681 0.7752 0.0000
vt 0.2679 0.7729 0.0000
vt 0.1120 0.1661 0.0000
vt 0.1115 0.1638 0.0000
vt 0.4364 0.7283 0.0000
vt 0.4343 0.7272 0.0000
vt 0.1266 0.2199 0.0000
vt 0.1273 0.2174 0.0000
vt 0.1368 0.2186 0.0000
vt 0.1365 0.2197 0.0000
vt 0.0991 0.5043 0.0000
vt 0.0963 0.5041 0.0000
vt 0.0966 0.4949 0.0000
vt 0.0979 0.4950 0.0000
vt 0.4041 0.1569 0.0000
vt 0.4066 0.1569 0.0000
vt 0.4078 0.1667 0.0000
vt 0.4066 0.1667 0.0000
vt 0.7851 0.0263 0.0000
vt 0.7824 0.0254 0.0000
vt 0.7873 0.0156 0.0000
vt 0.7885 0.0161 0.0000
vt 0.2544 0.1113 0.0000
vt 0.2555 0.1134 0.0000
vt 0.2443 0.1156 0.0000
vt 0.2438 0.1145 0.0000
vt 0.0687 0.7940 0.0000
vt 0.0684 0.7914 0.0000
vt 0.0800 0.7925 0.0000
vt 0.0801 0.7938 0.0000
vt 0.0530 0.0820 0.0000
vt 0.0509 0.0813 0.0000
vt 0.0527 0.0711 0.0000
vt 0.0537 0.0714 0.0000
vt 0.3238 0.1266 0.0000
vt 0.3238 0.1294 0.0000
vt 0.3133 0.1290 0.0000
vt 0.3133 0.1277 0.0000
vt 0.3385 0.0940 0.0000
vt 0.3385 0.0913 0.0000
vt 0.3490 0.0914 0.0000
vt 0.3491 0.0927 0.0000
vt 0.0483 0.1676 0.0000
vt 0.0459 0.1676 0.0000
vt 0.0471 0.1569 0.0000
vt 0.0482 0.1569 0.0000
vt 0.2981 0.0584 0.0000
vt 0.2990 0.0560 0.0000
vt 0.3088 0.0606 0.0000
vt 0.3084 0.0617 0.0000
vt 0.3839 0.2052 0.0000
vt 0.3840 0.2023 0.0000
vt 0.3937 0.2038 0.0000
vt 0.3937 0.2051 0.0000
vt 0.3124 0.5302 0.0000
vt 0.3117 0.5327 0.0000
vt 0.3032 0.5315 0.0000
vt 0.3035 0.5303 0.0000
vt 0.4982 0.1486 0.0000
vt 0.4987 0.1461 0.0000
vt 0.5069 0.1459 0.0000
vt 0.5066 0.1471 0.0000
vt 0.0257 0.7497 0.0000
vt 0.0266 0.7471 0.0000
vt 0.0338 0.7483 0.0000
vt 0.0334 0.7495 0.0000
vt 0.7852 0.4783 0.0000
vt 0.7824 0.4774 0.0000
vt 0.7855 0.4697 0.0000
vt 0.7868 0.4700 0.0000
vt 0.3191 0.0589 0.0000
vt 0.3183 0.0568 0.0000
vt 0.3279 0.0560 0.0000
vt 0.3283 0.0570 0.0000
vt 0.4617 0.2023 0.0000
vt 0.4617 0.1996 0.0000
vt 0.4713 0.2008 0.0000
vt 0.4714 0.2021 0.0000
vt 0.1924 0.0793 0.0000
vt 0.1922 0.0769 0.0000
vt 0.2029 0.0762 0.0000
vt 0.2030 0.0774 0.0000
vt 0.0232 0.2433 0.0000
vt 0.0207 0.2432 0.0000
vt 0.0208 0.2326 0.0000
vt 0.0220 0.2326 0.0000
vt 0.6866 0.2859 0.0000
vt 0.6866 0.2830 0.0000
vt 0.6954 0.2833 0.0000
vt 0.6954 0.2846 0.0000
vt 0.1695 0.1371 0.0000
vt 0.1670 0.1372 0.0000
vt 0.1680 0.1267 0.0000
vt 0.1692 0.1266 0.0000
vt 0.8155 0.4733 0.0000
vt 0.8127 0.4730 0.0000
vt 0.8152 0.4646 0.0000
vt 0.8165 0.4648 0.0000
vt 0.3537 0.0610 0.0000
vt 0.3543 0.0635 0.0000
vt 0.3438 0.0640 0.0000
vt 0.3435 0.0628 0.0000
vt 0.3677 0.5442 0.0000
vt 0.3627 0.5463 0.0000
vt 0.3514 0.4978 0.0000
vt 0.3558 0.4964 0.0000
vt 0.4621 0.4592 0.0000
vt 0.4610 0.4533 0.0000
vt 0.4999 0.4536 0.0000
vt 0.5011 0.4587 0.0000
vt 0.3603 0.1885 0.0000
vt 0.3593 0.1939 0.0000
vt 0.3102 0.1918 0.0000
vt 0.3107 0.1872 0.0000
vt 0.2622 0.0744 0.0000
vt 0.2591 0.0795 0.0000
vt 0.2225 0.0654 0.0000
vt 0.2253 0.0610 0.0000
vt 0.3486 0.4486 0.0000
vt 0.3524 0.4478 0.0000
vt 0.3807 0.3637 0.0000
vt 0.3860 0.3647 0.0000
vt 0.3788 0.4155 0.0000
vt 0.3744 0.4152 0.0000
vt 0.2622 0.1980 0.0000
vt 0.2622 0.1942 0.0000
vt 0.4167 0.2443 0.0000
vt 0.4142 0.2396 0.0000
vt 0.4608 0.2183 0.0000
vt 0.4625 0.2225 0.0000
vt 0.3537 0.4001 0.0000
vt 0.3568 0.3999 0.0000
vt 0.3775 0.4665 0.0000
vt 0.3738 0.4666 0.0000
vt 0.2163 0.2118 0.0000
vt 0.2159 0.2088 0.0000
vt 0.5093 0.2024 0.0000
vt 0.5103 0.2060 0.0000
vt 0.3662 0.3536 0.0000
vt 0.3685 0.3537 0.0000
vt 0.3815 0.5165 0.0000
vt 0.3787 0.5168 0.0000
vt 0.1734 0.2324 0.0000
vt 0.1728 0.2301 0.0000
vt 0.5584 0.1920 0.0000
vt 0.5589 0.1948 0.0000
vt 0.7135 0.0985 0.0000
vt 0.7137 0.1013 0.0000
vt 0.6740 0.1010 0.0000
vt 0.6740 0.0988 0.0000
vt 0.3875 0.5540 0.0000
vt 0.3853 0.5544 0.0000
vt 0.1422 0.2518 0.0000
vt 0.1418 0.2501 0.0000
vt 0.5961 0.1872 0.0000
vt 0.5964 0.1893 0.0000
vt 0.3784 0.3219 0.0000
vt 0.3810 0.3227 0.0000
vt 0.3772 0.3345 0.0000
vt 0.3760 0.3341 0.0000
vt 0.5336 0.1197 0.0000
vt 0.5336 0.1225 0.0000
vt 0.5217 0.1211 0.0000
vt 0.5217 0.1197 0.0000
vt 0.6051 0.3835 0.0000
vt 0.6073 0.3835 0.0000
vt 0.6072 0.3960 0.0000
vt 0.6061 0.3960 0.0000
vt 0.3687 0.0257 0.0000
vt 0.3696 0.0283 0.0000
vt 0.3591 0.0316 0.0000
vt 0.3587 0.0304 0.0000
vt 0.1414 0.2830 0.0000
vt 0.1415 0.2858 0.0000
vt 0.1318 0.2846 0.0000
vt 0.1317 0.2832 0.0000
vt 0.2426 0.5140 0.0000
vt 0.2426 0.5160 0.0000
vt 0.2315 0.5155 0.0000
vt 0.2315 0.5145 0.0000
vt 0.1375 0.0616 0.0000
vt 0.1368 0.0637 0.0000
vt 0.1266 0.0621 0.0000
vt 0.1269 0.0610 0.0000
vt 0.0207 0.3565 0.0000
vt 0.0207 0.3536 0.0000
vt 0.0313 0.3542 0.0000
vt 0.0313 0.3555 0.0000
vt 0.3234 0.0839 0.0000
vt 0.3234 0.0812 0.0000
vt 0.3339 0.0814 0.0000
vt 0.3339 0.0827 0.0000
vt 0.2676 0.0308 0.0000
vt 0.2674 0.0330 0.0000
vt 0.2578 0.0328 0.0000
vt 0.2579 0.0318 0.0000
vt 0.3694 0.2224 0.0000
vt 0.3688 0.2198 0.0000
vt 0.3780 0.2174 0.0000
vt 0.3783 0.2187 0.0000
vt 0.8361 0.1387 0.0000
vt 0.8390 0.1387 0.0000
vt 0.8377 0.1472 0.0000
vt 0.8363 0.1472 0.0000
vt 0.3845 0.0560 0.0000
vt 0.3845 0.0589 0.0000
vt 0.3738 0.0583 0.0000
vt 0.3738 0.0569 0.0000
vt 0.1120 0.1922 0.0000
vt 0.1119 0.1950 0.0000
vt 0.1014 0.1946 0.0000
vt 0.1014 0.1932 0.0000
vt 0.1466 0.2647 0.0000
vt 0.1452 0.2668 0.0000
vt 0.1367 0.2638 0.0000
vt 0.1374 0.2628 0.0000
vt 0.0207 0.1221 0.0000
vt 0.0235 0.1216 0.0000
vt 0.0250 0.1324 0.0000
vt 0.0236 0.1327 0.0000
vt 0.1353 0.4848 0.0000
vt 0.1357 0.4875 0.0000
vt 0.1268 0.4862 0.0000
vt 0.1266 0.4849 0.0000
vt 0.5159 0.0207 0.0000
vt 0.5160 0.0236 0.0000
vt 0.5050 0.0231 0.0000
vt 0.5050 0.0217 0.0000
vt 0.6314 0.4825 0.0000
vt 0.6311 0.4797 0.0000
vt 0.6396 0.4811 0.0000
vt 0.6397 0.4824 0.0000
vt 0.0696 0.5302 0.0000
vt 0.0705 0.5324 0.0000
vt 0.0614 0.5323 0.0000
vt 0.0610 0.5313 0.0000
vt 0.4079 0.1872 0.0000
vt 0.4088 0.1898 0.0000
vt 0.3995 0.1924 0.0000
vt 0.3990 0.1911 0.0000
vt 0.6073 0.3829 0.0000
vt 0.6048 0.3830 0.0000
vt 0.6061 0.3707 0.0000
vt 0.6073 0.3706 0.0000
vt 0.3921 0.1154 0.0000
vt 0.3926 0.1126 0.0000
vt 0.4039 0.1160 0.0000
vt 0.4037 0.1173 0.0000
vt 0.3197 0.1664 0.0000
vt 0.3184 0.1643 0.0000
vt 0.3299 0.1601 0.0000
vt 0.3305 0.1612 0.0000
vt 0.0677 0.0760 0.0000
vt 0.0661 0.0719 0.0000
vt 0.1153 0.0572 0.0000
vt 0.1165 0.0608 0.0000
vt 0.1073 0.2527 0.0000
vt 0.1123 0.2557 0.0000
vt 0.0861 0.2997 0.0000
vt 0.0816 0.2975 0.0000
vt 0.6296 0.0812 0.0000
vt 0.6294 0.0856 0.0000
vt 0.5786 0.0857 0.0000
vt 0.5785 0.0819 0.0000
vt 0.3196 0.0671 0.0000
vt 0.3183 0.0614 0.0000
vt 0.3685 0.0506 0.0000
vt 0.3693 0.0555 0.0000
vt 0.1665 0.0509 0.0000
vt 0.1670 0.0541 0.0000
vt 0.0655 0.3463 0.0000
vt 0.0615 0.3449 0.0000
vt 0.5288 0.0944 0.0000
vt 0.5283 0.0912 0.0000
vt 0.4192 0.0459 0.0000
vt 0.4194 0.0501 0.0000
vt 0.2179 0.0529 0.0000
vt 0.2179 0.0554 0.0000
vt 0.0507 0.3941 0.0000
vt 0.0474 0.3932 0.0000
vt 0.4809 0.1107 0.0000
vt 0.4802 0.1083 0.0000
vt 0.4692 0.0471 0.0000
vt 0.4690 0.0506 0.0000
vt 0.2682 0.0622 0.0000
vt 0.2680 0.0642 0.0000
vt 0.0416 0.4418 0.0000
vt 0.0390 0.4414 0.0000
vt 0.4359 0.1340 0.0000
vt 0.4351 0.1322 0.0000
vt 0.5174 0.0538 0.0000
vt 0.5170 0.0564 0.0000
vt 0.3041 0.0727 0.0000
vt 0.3038 0.0742 0.0000
vt 0.0379 0.4763 0.0000
vt 0.0358 0.4761 0.0000
vt 0.4048 0.1543 0.0000
vt 0.4041 0.1529 0.0000
vt 0.5513 0.0613 0.0000
vt 0.5509 0.0634 0.0000
vt 0.6563 0.0661 0.0000
vt 0.6587 0.0667 0.0000
vt 0.6577 0.0764 0.0000
vt 0.6566 0.0761 0.0000
vt 0.1014 0.2074 0.0000
vt 0.1043 0.2073 0.0000
vt 0.1037 0.2176 0.0000
vt 0.1023 0.2176 0.0000
vt 0.6365 0.0433 0.0000
vt 0.6354 0.0456 0.0000
vt 0.6260 0.0420 0.0000
vt 0.6266 0.0409 0.0000
vt 0.6398 0.4596 0.0000
vt 0.6397 0.4624 0.0000
vt 0.6311 0.4610 0.0000
vt 0.6311 0.4596 0.0000
vt 0.2100 0.5706 0.0000
vt 0.2108 0.5733 0.0000
vt 0.2027 0.5753 0.0000
vt 0.2023 0.5740 0.0000
vt 0.3760 0.3356 0.0000
vt 0.3788 0.3350 0.0000
vt 0.3798 0.3442 0.0000
vt 0.3785 0.3445 0.0000
vt 0.6073 0.3701 0.0000
vt 0.6052 0.3697 0.0000
vt 0.6063 0.3578 0.0000
vt 0.6073 0.3580 0.0000
vt 0.6726 0.1028 0.0000
vt 0.6726 0.1056 0.0000
vt 0.6604 0.1053 0.0000
vt 0.6604 0.1040 0.0000
vt 0.0786 0.3590 0.0000
vt 0.0758 0.3590 0.0000
vt 0.0759 0.3469 0.0000
vt 0.0772 0.3469 0.0000
vt 0.1453 0.4797 0.0000
vt 0.1460 0.4825 0.0000
vt 0.1371 0.4842 0.0000
vt 0.1367 0.4829 0.0000
vt 0.6397 0.4657 0.0000
vt 0.6388 0.4683 0.0000
vt 0.6311 0.4659 0.0000
vt 0.6315 0.4646 0.0000
vt 0.8155 0.3069 0.0000
vt 0.8127 0.3069 0.0000
vt 0.8138 0.2981 0.0000
vt 0.8151 0.2981 0.0000
vt 0.0257 0.5857 0.0000
vt 0.0286 0.5859 0.0000
vt 0.0272 0.5960 0.0000
vt 0.0259 0.5959 0.0000
vt 0.0509 0.4848 0.0000
vt 0.0538 0.4848 0.0000
vt 0.0533 0.4948 0.0000
vt 0.0520 0.4948 0.0000
vt 0.1964 0.5274 0.0000
vt 0.1949 0.5296 0.0000
vt 0.1872 0.5262 0.0000
vt 0.1879 0.5251 0.0000
vt 0.1367 0.4545 0.0000
vt 0.1395 0.4545 0.0000
vt 0.1390 0.4642 0.0000
vt 0.1377 0.4642 0.0000
vt 0.2931 0.1972 0.0000
vt 0.2960 0.1973 0.0000
vt 0.2951 0.2071 0.0000
vt 0.2937 0.2071 0.0000
vt 0.3181 0.1972 0.0000
vt 0.3181 0.2001 0.0000
vt 0.3082 0.1993 0.0000
vt 0.3082 0.1979 0.0000
vt 0.3665 0.2721 0.0000
vt 0.3637 0.2723 0.0000
vt 0.3651 0.2629 0.0000
vt 0.3664 0.2628 0.0000
vt 0.0942 0.1775 0.0000
vt 0.0913 0.1776 0.0000
vt 0.0919 0.1670 0.0000
vt 0.0933 0.1670 0.0000
vt 0.2789 0.1374 0.0000
vt 0.2780 0.1348 0.0000
vt 0.2880 0.1317 0.0000
vt 0.2885 0.1329 0.0000
vt 0.7877 0.0560 0.0000
vt 0.7878 0.0585 0.0000
vt 0.7774 0.0572 0.0000
vt 0.7774 0.0560 0.0000
vt 0.3990 0.0588 0.0000
vt 0.3996 0.0560 0.0000
vt 0.4098 0.0590 0.0000
vt 0.4095 0.0603 0.0000
vt 0.0266 0.6210 0.0000
vt 0.0291 0.6210 0.0000
vt 0.0269 0.6311 0.0000
vt 0.0257 0.6311 0.0000
vt 0.0664 0.5154 0.0000
vt 0.0610 0.5147 0.0000
vt 0.0685 0.4636 0.0000
vt 0.0731 0.4646 0.0000
vt 0.4907 0.0849 0.0000
vt 0.4900 0.0891 0.0000
vt 0.4393 0.0849 0.0000
vt 0.4396 0.0812 0.0000
vt 0.7955 0.0441 0.0000
vt 0.7944 0.0494 0.0000
vt 0.7445 0.0389 0.0000
vt 0.7452 0.0342 0.0000
vt 0.2997 0.0854 0.0000
vt 0.2981 0.0814 0.0000
vt 0.3470 0.0668 0.0000
vt 0.3482 0.0704 0.0000
vt 0.0822 0.4140 0.0000
vt 0.0860 0.4153 0.0000
vt 0.3887 0.0897 0.0000
vt 0.3885 0.0866 0.0000
vt 0.6943 0.0348 0.0000
vt 0.6944 0.0308 0.0000
vt 0.3976 0.0610 0.0000
vt 0.3981 0.0641 0.0000
vt 0.1014 0.3676 0.0000
vt 0.1043 0.3689 0.0000
vt 0.3398 0.1026 0.0000
vt 0.3393 0.1002 0.0000
vt 0.6448 0.0367 0.0000
vt 0.6445 0.0335 0.0000
vt 0.4483 0.0636 0.0000
vt 0.4484 0.0661 0.0000
vt 0.1251 0.3251 0.0000
vt 0.1273 0.3263 0.0000
vt 0.2935 0.1228 0.0000
vt 0.2929 0.1211 0.0000
vt 0.5972 0.0442 0.0000
vt 0.5968 0.0417 0.0000
vt 0.4980 0.0738 0.0000
vt 0.4978 0.0757 0.0000
vt 0.1431 0.2981 0.0000
vt 0.1448 0.2992 0.0000
vt 0.2633 0.1397 0.0000
vt 0.2628 0.1383 0.0000
vt 0.5659 0.0517 0.0000
vt 0.5655 0.0498 0.0000
vt 0.5311 0.0841 0.0000
vt 0.5308 0.0856 0.0000
vt 0.1473 0.1300 0.0000
vt 0.1460 0.1323 0.0000
vt 0.1367 0.1277 0.0000
vt 0.1373 0.1266 0.0000
vt 0.1367 0.4423 0.0000
vt 0.1367 0.4394 0.0000
vt 0.1464 0.4401 0.0000
vt 0.1464 0.4415 0.0000
vt 0.0459 0.2073 0.0000
vt 0.0483 0.2075 0.0000
vt 0.0481 0.2180 0.0000
vt 0.0469 0.2180 0.0000
vt 0.1898 0.9754 0.0000
vt 0.1926 0.9755 0.0000
vt 0.1912 0.9840 0.0000
vt 0.1898 0.9840 0.0000
vt 0.6320 0.2731 0.0000
vt 0.6311 0.2704 0.0000
vt 0.6396 0.2679 0.0000
vt 0.6400 0.2691 0.0000
vt 0.6967 0.1194 0.0000
vt 0.6967 0.1165 0.0000
vt 0.7058 0.1173 0.0000
vt 0.7058 0.1187 0.0000
vt 0.2225 0.1821 0.0000
vt 0.2224 0.1849 0.0000
vt 0.2124 0.1848 0.0000
vt 0.2124 0.1835 0.0000
vt 0.3637 0.0840 0.0000
vt 0.3638 0.0812 0.0000
vt 0.3743 0.0819 0.0000
vt 0.3743 0.0833 0.0000
vt 0.0617 0.0415 0.0000
vt 0.0610 0.0435 0.0000
vt 0.0509 0.0418 0.0000
vt 0.0513 0.0409 0.0000
vt 0.0516 0.4243 0.0000
vt 0.0509 0.4216 0.0000
vt 0.0583 0.4192 0.0000
vt 0.0586 0.4205 0.0000
vt 0.6399 0.2780 0.0000
vt 0.6400 0.2808 0.0000
vt 0.6311 0.2802 0.0000
vt 0.6311 0.2789 0.0000
vt 0.1446 0.4136 0.0000
vt 0.1418 0.4138 0.0000
vt 0.1418 0.4042 0.0000
vt 0.1432 0.4041 0.0000
vt 0.1264 0.2622 0.0000
vt 0.1236 0.2630 0.0000
vt 0.1216 0.2531 0.0000
vt 0.1229 0.2527 0.0000
vt 0.8077 0.2253 0.0000
vt 0.8077 0.2225 0.0000
vt 0.8166 0.2225 0.0000
vt 0.8166 0.2239 0.0000
vt 0.0488 0.6261 0.0000
vt 0.0459 0.6260 0.0000
vt 0.0468 0.6160 0.0000
vt 0.0482 0.6160 0.0000
vt 0.4898 0.1648 0.0000
vt 0.4898 0.1619 0.0000
vt 0.4995 0.1630 0.0000
vt 0.4995 0.1644 0.0000
vt 0.2585 0.1522 0.0000
vt 0.2578 0.1495 0.0000
vt 0.2675 0.1468 0.0000
vt 0.2678 0.1481 0.0000
vt 0.5608 0.0913 0.0000
vt 0.5607 0.0942 0.0000
vt 0.5504 0.0934 0.0000
vt 0.5504 0.0920 0.0000
vt 0.2367 0.1112 0.0000
vt 0.2390 0.1109 0.0000
vt 0.2368 0.1225 0.0000
vt 0.2358 0.1226 0.0000
vt 0.2138 0.1589 0.0000
vt 0.2139 0.1616 0.0000
vt 0.2021 0.1603 0.0000
vt 0.2021 0.1590 0.0000
vt 0.3341 0.1542 0.0000
vt 0.3368 0.1551 0.0000
vt 0.3323 0.1665 0.0000
vt 0.3310 0.1661 0.0000
vt 0.0418 0.3940 0.0000
vt 0.0443 0.3940 0.0000
vt 0.0421 0.4043 0.0000
vt 0.0409 0.4043 0.0000
vt 0.0840 0.1927 0.0000
vt 0.0812 0.1919 0.0000
vt 0.0850 0.1821 0.0000
vt 0.0863 0.1825 0.0000
vt 0.0358 0.3542 0.0000
vt 0.0383 0.3536 0.0000
vt 0.0381 0.3639 0.0000
vt 0.0370 0.3642 0.0000
vt 0.0521 0.1093 0.0000
vt 0.0509 0.1057 0.0000
vt 0.1006 0.0916 0.0000
vt 0.1013 0.0947 0.0000
vt 0.3703 0.1972 0.0000
vt 0.3711 0.2023 0.0000
vt 0.3203 0.2099 0.0000
vt 0.3194 0.2056 0.0000
vt 0.4545 0.1298 0.0000
vt 0.4547 0.1261 0.0000
vt 0.5057 0.1288 0.0000
vt 0.5058 0.1320 0.0000
vt 0.5665 0.0643 0.0000
vt 0.5655 0.0593 0.0000
vt 0.6159 0.0495 0.0000
vt 0.6165 0.0539 0.0000
vt 0.1521 0.0863 0.0000
vt 0.1522 0.0890 0.0000
vt 0.2712 0.2235 0.0000
vt 0.2700 0.2200 0.0000
vt 0.5561 0.1226 0.0000
vt 0.5566 0.1253 0.0000
vt 0.6666 0.0459 0.0000
vt 0.6667 0.0496 0.0000
vt 0.2036 0.0893 0.0000
vt 0.2034 0.0914 0.0000
vt 0.2251 0.2423 0.0000
vt 0.2238 0.2396 0.0000
vt 0.6050 0.1084 0.0000
vt 0.6058 0.1104 0.0000
vt 0.7165 0.0483 0.0000
vt 0.7162 0.0513 0.0000
vt 0.2540 0.0999 0.0000
vt 0.2537 0.1015 0.0000
vt 0.1826 0.2656 0.0000
vt 0.1815 0.2636 0.0000
vt 0.6514 0.0869 0.0000
vt 0.6521 0.0884 0.0000
vt 0.7642 0.0561 0.0000
vt 0.7639 0.0583 0.0000
vt 0.2847 0.1092 0.0000
vt 0.2843 0.1105 0.0000
vt 0.1579 0.2815 0.0000
vt 0.1569 0.2799 0.0000
vt 0.6790 0.0711 0.0000
vt 0.6797 0.0723 0.0000
vt 0.7929 0.0628 0.0000
vt 0.7926 0.0647 0.0000
vt 0.0232 0.6311 0.0000
vt 0.0207 0.6309 0.0000
vt 0.0209 0.6210 0.0000
vt 0.0221 0.6211 0.0000
vt 0.1144 0.2932 0.0000
vt 0.1115 0.2933 0.0000
vt 0.1121 0.2830 0.0000
vt 0.1135 0.2830 0.0000
vt 0.5557 0.0662 0.0000
vt 0.5553 0.0687 0.0000
vt 0.5453 0.0673 0.0000
vt 0.5455 0.0661 0.0000
vt 0.1064 0.1216 0.0000
vt 0.1093 0.1216 0.0000
vt 0.1079 0.1321 0.0000
vt 0.1065 0.1321 0.0000
vt 0.1871 0.1003 0.0000
vt 0.1865 0.0976 0.0000
vt 0.1977 0.0954 0.0000
vt 0.1980 0.0967 0.0000
vt 0.2544 0.1160 0.0000
vt 0.2555 0.1187 0.0000
vt 0.2443 0.1226 0.0000
vt 0.2437 0.1214 0.0000
vt 0.0336 0.4497 0.0000
vt 0.0308 0.4496 0.0000
vt 0.0310 0.4394 0.0000
vt 0.0323 0.4394 0.0000
vt 0.5380 0.0516 0.0000
vt 0.5352 0.0516 0.0000
vt 0.5359 0.0409 0.0000
vt 0.5372 0.0409 0.0000
vt 0.2636 0.0529 0.0000
vt 0.2630 0.0549 0.0000
vt 0.2527 0.0519 0.0000
vt 0.2530 0.0509 0.0000
vt 0.1357 0.7394 0.0000
vt 0.1359 0.7422 0.0000
vt 0.1231 0.7422 0.0000
vt 0.1230 0.7409 0.0000
vt 0.5806 0.0385 0.0000
vt 0.5816 0.0358 0.0000
vt 0.5913 0.0387 0.0000
vt 0.5909 0.0400 0.0000
vt 0.4844 0.2029 0.0000
vt 0.4844 0.2058 0.0000
vt 0.4719 0.2045 0.0000
vt 0.4720 0.2031 0.0000
vt 0.1317 0.2905 0.0000
vt 0.1327 0.2880 0.0000
vt 0.1415 0.2900 0.0000
vt 0.1410 0.2911 0.0000
vt 0.0509 0.0690 0.0000
vt 0.0510 0.0661 0.0000
vt 0.0618 0.0669 0.0000
vt 0.0618 0.0682 0.0000
vt 0.1064 0.3082 0.0000
vt 0.1088 0.3091 0.0000
vt 0.1078 0.3184 0.0000
vt 0.1067 0.3180 0.0000
vt 0.7875 0.4142 0.0000
vt 0.7903 0.4142 0.0000
vt 0.7903 0.4228 0.0000
vt 0.7890 0.4228 0.0000
vt 0.3464 0.4917 0.0000
vt 0.3435 0.4917 0.0000
vt 0.3444 0.4848 0.0000
vt 0.3457 0.4848 0.0000
vt 0.1165 0.5078 0.0000
vt 0.1165 0.5050 0.0000
vt 0.1258 0.5058 0.0000
vt 0.1258 0.5071 0.0000
vt 0.0483 0.4291 0.0000
vt 0.0459 0.4294 0.0000
vt 0.0478 0.4194 0.0000
vt 0.0489 0.4192 0.0000
vt 0.6666 0.0536 0.0000
vt 0.6664 0.0509 0.0000
vt 0.6767 0.0522 0.0000
vt 0.6768 0.0535 0.0000
vt 0.2756 0.0820 0.0000
vt 0.2729 0.0810 0.0000
vt 0.2773 0.0711 0.0000
vt 0.2786 0.0716 0.0000
vt 0.3030 0.0661 0.0000
vt 0.3032 0.0686 0.0000
vt 0.2932 0.0674 0.0000
vt 0.2931 0.0662 0.0000
vt 0.4371 0.1068 0.0000
vt 0.4343 0.1060 0.0000
vt 0.4378 0.0963 0.0000
vt 0.4391 0.0967 0.0000
vt 0.0585 0.4692 0.0000
vt 0.0560 0.4695 0.0000
vt 0.0571 0.4597 0.0000
vt 0.0583 0.4596 0.0000
vt 0.0422 0.6060 0.0000
vt 0.0385 0.6076 0.0000
vt 0.0254 0.5587 0.0000
vt 0.0286 0.5576 0.0000
vt 0.7712 0.0685 0.0000
vt 0.7703 0.0733 0.0000
vt 0.7200 0.0633 0.0000
vt 0.7205 0.0592 0.0000
vt 0.4293 0.1781 0.0000
vt 0.4297 0.1742 0.0000
vt 0.4798 0.1725 0.0000
vt 0.4797 0.1759 0.0000
vt 0.3713 0.2451 0.0000
vt 0.3688 0.2410 0.0000
vt 0.4123 0.2139 0.0000
vt 0.4143 0.2175 0.0000
vt 0.0207 0.5085 0.0000
vt 0.0234 0.5079 0.0000
vt 0.6692 0.0595 0.0000
vt 0.6692 0.0560 0.0000
vt 0.5284 0.1625 0.0000
vt 0.5287 0.1653 0.0000
vt 0.4585 0.1923 0.0000
vt 0.4598 0.1955 0.0000
vt 0.0239 0.4585 0.0000
vt 0.0261 0.4583 0.0000
vt 0.6192 0.0613 0.0000
vt 0.6190 0.0585 0.0000
vt 0.5748 0.1451 0.0000
vt 0.5753 0.1473 0.0000
vt 0.5059 0.1763 0.0000
vt 0.5067 0.1790 0.0000
vt 0.0343 0.4097 0.0000
vt 0.0359 0.4098 0.0000
vt 0.5710 0.0684 0.0000
vt 0.5707 0.0663 0.0000
vt 0.6180 0.1212 0.0000
vt 0.6186 0.1227 0.0000
vt 0.5535 0.1660 0.0000
vt 0.5539 0.1680 0.0000
vt 0.0419 0.3839 0.0000
vt 0.0432 0.3840 0.0000
vt 0.5456 0.0737 0.0000
vt 0.5453 0.0720 0.0000
vt 0.6405 0.1064 0.0000
vt 0.6409 0.1077 0.0000
vt 0.5791 0.1619 0.0000
vt 0.5794 0.1636 0.0000
vt 0.0308 0.6436 0.0000
vt 0.0315 0.6412 0.0000
vt 0.0409 0.6422 0.0000
vt 0.0405 0.6433 0.0000
vt 0.6667 0.0610 0.0000
vt 0.6667 0.0639 0.0000
vt 0.6563 0.0633 0.0000
vt 0.6563 0.0620 0.0000
vt 0.6513 0.0431 0.0000
vt 0.6524 0.0409 0.0000
vt 0.6616 0.0442 0.0000
vt 0.6611 0.0452 0.0000
vt 0.4490 0.1670 0.0000
vt 0.4491 0.1698 0.0000
vt 0.4394 0.1685 0.0000
vt 0.4394 0.1672 0.0000
vt 0.1773 0.1850 0.0000
vt 0.1771 0.1821 0.0000
vt 0.1870 0.1821 0.0000
vt 0.1871 0.1835 0.0000
vt 0.3324 0.4343 0.0000
vt 0.3327 0.4372 0.0000
vt 0.3235 0.4369 0.0000
vt 0.3234 0.4355 0.0000
vt 0.0359 0.4194 0.0000
vt 0.0385 0.4192 0.0000
vt 0.0370 0.4294 0.0000
vt 0.0358 0.4295 0.0000
vt 0.7574 0.0509 0.0000
vt 0.7576 0.0534 0.0000
vt 0.7472 0.0521 0.0000
vt 0.7471 0.0510 0.0000
vt 0.2343 0.0812 0.0000
vt 0.2371 0.0819 0.0000
vt 0.2339 0.0920 0.0000
vt 0.2326 0.0917 0.0000
vt 0.4620 0.5309 0.0000
vt 0.4642 0.5315 0.0000
vt 0.4630 0.5408 0.0000
vt 0.4620 0.5406 0.0000
vt 0.3158 0.2776 0.0000
vt 0.3133 0.2767 0.0000
vt 0.3161 0.2679 0.0000
vt 0.3173 0.2683 0.0000
vt 0.3536 0.3385 0.0000
vt 0.3565 0.3385 0.0000
vt 0.3555 0.3479 0.0000
vt 0.3541 0.3480 0.0000
vt 0.6513 0.2756 0.0000
vt 0.6516 0.2729 0.0000
vt 0.6601 0.2730 0.0000
vt 0.6600 0.2743 0.0000
vt 0.8354 0.1825 0.0000
vt 0.8358 0.1798 0.0000
vt 0.8440 0.1799 0.0000
vt 0.8438 0.1812 0.0000
vt 0.7824 0.4825 0.0000
vt 0.7828 0.4797 0.0000
vt 0.7910 0.4800 0.0000
vt 0.7909 0.4813 0.0000
vt 0.3642 0.0900 0.0000
vt 0.3637 0.0872 0.0000
vt 0.3735 0.0863 0.0000
vt 0.3738 0.0876 0.0000
vt 0.4598 0.0913 0.0000
vt 0.4599 0.0942 0.0000
vt 0.4495 0.0937 0.0000
vt 0.4495 0.0923 0.0000
vt 0.1354 0.5403 0.0000
vt 0.1357 0.5431 0.0000
vt 0.1268 0.5419 0.0000
vt 0.1266 0.5406 0.0000
vt 0.7724 0.0535 0.0000
vt 0.7723 0.0509 0.0000
vt 0.7827 0.0523 0.0000
vt 0.7828 0.0535 0.0000
vt 0.1775 0.1987 0.0000
vt 0.1769 0.2015 0.0000
vt 0.1670 0.1986 0.0000
vt 0.1672 0.1972 0.0000
vt 0.0409 0.6232 0.0000
vt 0.0405 0.6257 0.0000
vt 0.0308 0.6222 0.0000
vt 0.0309 0.6210 0.0000
vt 0.0620 0.6489 0.0000
vt 0.0586 0.6502 0.0000
vt 0.0454 0.6008 0.0000
vt 0.0483 0.5999 0.0000
vt 0.4112 0.2275 0.0000
vt 0.4151 0.2297 0.0000
vt 0.3894 0.2742 0.0000
vt 0.3860 0.2725 0.0000
vt 0.4105 0.2086 0.0000
vt 0.4101 0.2121 0.0000
vt 0.3595 0.2104 0.0000
vt 0.3596 0.2073 0.0000
vt 0.0746 0.6369 0.0000
vt 0.0702 0.6378 0.0000
vt 0.0600 0.5876 0.0000
vt 0.0638 0.5870 0.0000
vt 0.0409 0.5499 0.0000
vt 0.0433 0.5495 0.0000
vt 0.3696 0.3211 0.0000
vt 0.3666 0.3200 0.0000
vt 0.3096 0.2172 0.0000
vt 0.3094 0.2148 0.0000
vt 0.0560 0.5368 0.0000
vt 0.0592 0.5367 0.0000
vt 0.0445 0.4991 0.0000
vt 0.0464 0.4991 0.0000
vt 0.3557 0.3690 0.0000
vt 0.3532 0.3685 0.0000
vt 0.2615 0.2320 0.0000
vt 0.2611 0.2301 0.0000
vt 0.0580 0.4869 0.0000
vt 0.0605 0.4871 0.0000
vt 0.0557 0.4497 0.0000
vt 0.0571 0.4498 0.0000
vt 0.3476 0.4169 0.0000
vt 0.3457 0.4166 0.0000
vt 0.2161 0.2538 0.0000
vt 0.2157 0.2525 0.0000
vt 0.0655 0.4389 0.0000
vt 0.0674 0.4392 0.0000
vt 0.0615 0.4293 0.0000
vt 0.0627 0.4294 0.0000
vt 0.3451 0.4368 0.0000
vt 0.3435 0.4366 0.0000
vt 0.1977 0.2641 0.0000
vt 0.1972 0.2629 0.0000
vt 0.0695 0.4192 0.0000
vt 0.0711 0.4195 0.0000
vt 0.3386 0.0963 0.0000
vt 0.3382 0.0989 0.0000
vt 0.3284 0.0986 0.0000
vt 0.3286 0.0974 0.0000
vt 0.1372 0.1872 0.0000
vt 0.1372 0.1900 0.0000
vt 0.1266 0.1893 0.0000
vt 0.1266 0.1879 0.0000
vt 0.1624 0.1822 0.0000
vt 0.1618 0.1846 0.0000
vt 0.1518 0.1833 0.0000
vt 0.1521 0.1821 0.0000
vt 0.3798 0.1154 0.0000
vt 0.3797 0.1126 0.0000
vt 0.3915 0.1135 0.0000
vt 0.3916 0.1148 0.0000
vt 0.3536 0.2201 0.0000
vt 0.3545 0.2174 0.0000
vt 0.3632 0.2201 0.0000
vt 0.3627 0.2214 0.0000
vt 0.3178 0.1542 0.0000
vt 0.3178 0.1571 0.0000
vt 0.3059 0.1564 0.0000
vt 0.3059 0.1550 0.0000
vt 0.3027 0.2685 0.0000
vt 0.3020 0.2709 0.0000
vt 0.2931 0.2690 0.0000
vt 0.2934 0.2679 0.0000
vt 0.1850 0.4891 0.0000
vt 0.1821 0.4891 0.0000
vt 0.1827 0.4798 0.0000
vt 0.1841 0.4797 0.0000
vt 0.0755 0.5453 0.0000
vt 0.0754 0.5479 0.0000
vt 0.0661 0.5479 0.0000
vt 0.0661 0.5467 0.0000
vt 0.3391 0.7473 0.0000
vt 0.3385 0.7445 0.0000
vt 0.3512 0.7425 0.0000
vt 0.3515 0.7439 0.0000
vt 0.2406 0.1109 0.0000
vt 0.2432 0.1117 0.0000
vt 0.2407 0.1226 0.0000
vt 0.2395 0.1222 0.0000
vt 0.4719 0.2024 0.0000
vt 0.4719 0.1996 0.0000
vt 0.4844 0.2008 0.0000
vt 0.4844 0.2021 0.0000
vt 0.0261 0.5799 0.0000
vt 0.0234 0.5809 0.0000
vt 0.0207 0.5710 0.0000
vt 0.0220 0.5706 0.0000
vt 0.3133 0.0560 0.0000
vt 0.3161 0.0560 0.0000
vt 0.3154 0.0661 0.0000
vt 0.3140 0.0661 0.0000
vt 0.5980 0.0963 0.0000
vt 0.6008 0.0972 0.0000
vt 0.5971 0.1067 0.0000
vt 0.5958 0.1063 0.0000
vt 0.0947 0.5605 0.0000
vt 0.0947 0.5633 0.0000
vt 0.0863 0.5623 0.0000
vt 0.0863 0.5610 0.0000
vt 0.2330 0.7205 0.0000
vt 0.2326 0.7177 0.0000
vt 0.2401 0.7168 0.0000
vt 0.2404 0.7182 0.0000
vt 0.0545 0.5163 0.0000
vt 0.0516 0.5162 0.0000
vt 0.0530 0.5091 0.0000
vt 0.0544 0.5091 0.0000
vt 0.7270 0.0560 0.0000
vt 0.7273 0.0585 0.0000
vt 0.7170 0.0575 0.0000
vt 0.7168 0.0563 0.0000
vt 0.0633 0.2981 0.0000
vt 0.0660 0.2989 0.0000
vt 0.0623 0.3087 0.0000
vt 0.0610 0.3084 0.0000
vt 0.1533 0.2477 0.0000
vt 0.1558 0.2478 0.0000
vt 0.1530 0.2575 0.0000
vt 0.1518 0.2575 0.0000
vt 0.1232 0.5534 0.0000
vt 0.1198 0.5549 0.0000
vt 0.1062 0.5066 0.0000
vt 0.1092 0.5055 0.0000
vt 0.6170 0.4354 0.0000
vt 0.6130 0.4362 0.0000
vt 0.6133 0.3952 0.0000
vt 0.6167 0.3943 0.0000
vt 0.1367 0.4894 0.0000
vt 0.1376 0.4858 0.0000
vt 0.1870 0.4915 0.0000
vt 0.1865 0.4946 0.0000
vt 0.2174 0.0192 0.0000
vt 0.2193 0.0156 0.0000
vt 0.2588 0.0275 0.0000
vt 0.2570 0.0305 0.0000
vt 0.1014 0.4570 0.0000
vt 0.1039 0.4565 0.0000
vt 0.0462 0.1216 0.0000
vt 0.0497 0.1222 0.0000
vt 0.0438 0.1732 0.0000
vt 0.0409 0.1730 0.0000
vt 0.2360 0.4886 0.0000
vt 0.2360 0.4912 0.0000
vt 0.3043 0.7471 0.0000
vt 0.3061 0.7502 0.0000
vt 0.2606 0.7739 0.0000
vt 0.2594 0.7712 0.0000
vt 0.1048 0.4079 0.0000
vt 0.1068 0.4078 0.0000
vt 0.0438 0.2241 0.0000
vt 0.0415 0.2243 0.0000
vt 0.2835 0.4777 0.0000
vt 0.2837 0.4796 0.0000
vt 0.2130 0.7920 0.0000
vt 0.2123 0.7898 0.0000
vt 0.1158 0.3605 0.0000
vt 0.1172 0.3605 0.0000
vt 0.0494 0.2739 0.0000
vt 0.0477 0.2741 0.0000
vt 0.3284 0.4596 0.0000
vt 0.3286 0.4609 0.0000
vt 0.1646 0.8046 0.0000
vt 0.1642 0.8030 0.0000
vt 0.1190 0.3486 0.0000
vt 0.1203 0.3486 0.0000
vt 0.0511 0.2864 0.0000
vt 0.0496 0.2866 0.0000
vt 0.3396 0.4545 0.0000
vt 0.3399 0.4558 0.0000
vt 0.1522 0.8075 0.0000
vt 0.1518 0.8060 0.0000
vt 0.5823 0.1049 0.0000
vt 0.5821 0.1073 0.0000
vt 0.5709 0.1071 0.0000
vt 0.5710 0.1060 0.0000
vt 0.1670 0.2253 0.0000
vt 0.1670 0.2225 0.0000
vt 0.1769 0.2230 0.0000
vt 0.1769 0.2244 0.0000
vt 0.0313 0.1921 0.0000
vt 0.0339 0.1918 0.0000
vt 0.0356 0.2030 0.0000
vt 0.0344 0.2032 0.0000
vt 0.1345 0.3581 0.0000
vt 0.1317 0.3583 0.0000
vt 0.1326 0.3487 0.0000
vt 0.1339 0.3486 0.0000
vt 0.1676 0.5337 0.0000
vt 0.1670 0.5309 0.0000
vt 0.1759 0.5302 0.0000
vt 0.1762 0.5315 0.0000
vt 0.7826 0.4674 0.0000
vt 0.7824 0.4646 0.0000
vt 0.7909 0.4659 0.0000
vt 0.7910 0.4673 0.0000
vt 0.1846 0.1320 0.0000
vt 0.1821 0.1311 0.0000
vt 0.1865 0.1216 0.0000
vt 0.1877 0.1220 0.0000
vt 0.2330 0.1518 0.0000
vt 0.2330 0.1541 0.0000
vt 0.2225 0.1531 0.0000
vt 0.2225 0.1520 0.0000
vt 0.2780 0.0257 0.0000
vt 0.2808 0.0258 0.0000
vt 0.2793 0.0358 0.0000
vt 0.2780 0.0358 0.0000
vt 0.2431 0.5160 0.0000
vt 0.2436 0.5139 0.0000
vt 0.2528 0.5150 0.0000
vt 0.2526 0.5160 0.0000
vt 0.0711 0.5050 0.0000
vt 0.0739 0.5053 0.0000
vt 0.0728 0.5144 0.0000
vt 0.0716 0.5142 0.0000
vt 0.4142 0.1670 0.0000
vt 0.4170 0.1670 0.0000
vt 0.4159 0.1766 0.0000
vt 0.4146 0.1765 0.0000
vt 0.4602 0.0560 0.0000
vt 0.4602 0.0589 0.0000
vt 0.4495 0.0583 0.0000
vt 0.4495 0.0569 0.0000
vt 0.7522 0.0487 0.0000
vt 0.7522 0.0459 0.0000
vt 0.7626 0.0460 0.0000
vt 0.7626 0.0474 0.0000
vt 0.0585 0.5958 0.0000
vt 0.0606 0.5972 0.0000
vt 0.0570 0.6057 0.0000
vt 0.0560 0.6050 0.0000
vt 0.4699 0.1698 0.0000
vt 0.4697 0.1670 0.0000
vt 0.4792 0.1672 0.0000
vt 0.4793 0.1686 0.0000
vt 0.2533 0.5892 0.0000
vt 0.2527 0.5863 0.0000
vt 0.2609 0.5857 0.0000
vt 0.2611 0.5870 0.0000
vt 0.8412 0.0127 0.0000
vt 0.8440 0.0126 0.0000
vt 0.8425 0.0210 0.0000
vt 0.8412 0.0211 0.0000
vt 0.2157 0.1623 0.0000
vt 0.2152 0.1598 0.0000
vt 0.2262 0.1602 0.0000
vt 0.2265 0.1613 0.0000
vt 0.4848 0.0335 0.0000
vt 0.4857 0.0308 0.0000
vt 0.4957 0.0354 0.0000
vt 0.4953 0.0367 0.0000
vt 0.0643 0.3940 0.0000
vt 0.0668 0.3944 0.0000
vt 0.0622 0.4042 0.0000
vt 0.0610 0.4040 0.0000
vt 0.2366 0.0378 0.0000
vt 0.2347 0.0411 0.0000
vt 0.1972 0.0285 0.0000
vt 0.1990 0.0257 0.0000
vt 0.0711 0.7537 0.0000
vt 0.0718 0.7503 0.0000
vt 0.1214 0.7530 0.0000
vt 0.1210 0.7559 0.0000
vt 0.7129 0.1018 0.0000
vt 0.7137 0.1056 0.0000
vt 0.6739 0.1056 0.0000
vt 0.6731 0.1025 0.0000
vt 0.1379 0.5573 0.0000
vt 0.1367 0.5541 0.0000
vt 0.1853 0.5429 0.0000
vt 0.1862 0.5457 0.0000
vt 0.3276 0.5122 0.0000
vt 0.3282 0.5155 0.0000
vt 0.2767 0.5200 0.0000
vt 0.2766 0.5173 0.0000
vt 0.1701 0.7473 0.0000
vt 0.1701 0.7496 0.0000
vt 0.4686 0.4646 0.0000
vt 0.4718 0.4655 0.0000
vt 0.4613 0.5153 0.0000
vt 0.4586 0.5149 0.0000
vt 0.2345 0.5403 0.0000
vt 0.2349 0.5426 0.0000
vt 0.2255 0.5187 0.0000
vt 0.2256 0.5166 0.0000
vt 0.2167 0.7338 0.0000
vt 0.2169 0.7355 0.0000
vt 0.4566 0.5658 0.0000
vt 0.4545 0.5658 0.0000
vt 0.2831 0.5457 0.0000
vt 0.2832 0.5474 0.0000
vt 0.1757 0.5120 0.0000
vt 0.1759 0.5105 0.0000
vt 0.2603 0.7133 0.0000
vt 0.2606 0.7145 0.0000
vt 0.4574 0.6158 0.0000
vt 0.4559 0.6159 0.0000
vt 0.3298 0.5584 0.0000
vt 0.3298 0.5596 0.0000
vt 0.1720 0.5114 0.0000
vt 0.1722 0.5100 0.0000
vt 0.2636 0.7118 0.0000
vt 0.2638 0.7129 0.0000
vt 0.4575 0.6195 0.0000
vt 0.4561 0.6196 0.0000
vt 0.3333 0.5594 0.0000
vt 0.3332 0.5605 0.0000
vt 0.0863 0.3414 0.0000
vt 0.0863 0.3387 0.0000
vt 0.0965 0.3385 0.0000
vt 0.0965 0.3397 0.0000
vt 0.0358 0.7500 0.0000
vt 0.0358 0.7471 0.0000
vt 0.0436 0.7474 0.0000
vt 0.0436 0.7487 0.0000
vt 0.3889 0.0836 0.0000
vt 0.3892 0.0812 0.0000
vt 0.3995 0.0814 0.0000
vt 0.3994 0.0825 0.0000
vt 0.1367 0.5380 0.0000
vt 0.1368 0.5352 0.0000
vt 0.1460 0.5363 0.0000
vt 0.1459 0.5376 0.0000
vt 0.1007 0.5307 0.0000
vt 0.1002 0.5335 0.0000
vt 0.0913 0.5315 0.0000
vt 0.0915 0.5302 0.0000
vt 0.0906 0.5226 0.0000
vt 0.0896 0.5253 0.0000
vt 0.0812 0.5214 0.0000
vt 0.0817 0.5201 0.0000
vt 0.0913 0.1519 0.0000
vt 0.0941 0.1518 0.0000
vt 0.0940 0.1624 0.0000
vt 0.0926 0.1624 0.0000
vt 0.5683 0.0415 0.0000
vt 0.5655 0.0415 0.0000
vt 0.5662 0.0308 0.0000
vt 0.5675 0.0308 0.0000
vt 0.0211 0.1468 0.0000
vt 0.0231 0.1471 0.0000
vt 0.0217 0.1577 0.0000
vt 0.0207 0.1575 0.0000
vt 0.3450 0.7599 0.0000
vt 0.3449 0.7570 0.0000
vt 0.3577 0.7577 0.0000
vt 0.3577 0.7590 0.0000
vt 0.2371 0.4743 0.0000
vt 0.2371 0.4772 0.0000
vt 0.2243 0.4764 0.0000
vt 0.2243 0.4750 0.0000
vt 0.0316 0.4947 0.0000
vt 0.0345 0.4944 0.0000
vt 0.0343 0.5063 0.0000
vt 0.0330 0.5065 0.0000
vt 0.2376 0.5844 0.0000
vt 0.2377 0.5817 0.0000
vt 0.2460 0.5806 0.0000
vt 0.2460 0.5819 0.0000
vt 0.6339 0.4783 0.0000
vt 0.6311 0.4781 0.0000
vt 0.6313 0.4697 0.0000
vt 0.6326 0.4698 0.0000
vt 0.4619 0.2082 0.0000
vt 0.4628 0.2059 0.0000
vt 0.4714 0.2069 0.0000
vt 0.4710 0.2080 0.0000
vt 0.3635 0.1090 0.0000
vt 0.3635 0.1118 0.0000
vt 0.3517 0.1108 0.0000
vt 0.3517 0.1095 0.0000
vt 0.0784 0.3716 0.0000
vt 0.0758 0.3710 0.0000
vt 0.0787 0.3595 0.0000
vt 0.0800 0.3598 0.0000
vt 0.8093 0.1932 0.0000
vt 0.8071 0.1927 0.0000
vt 0.8082 0.1812 0.0000
vt 0.8092 0.1814 0.0000
vt 0.0736 0.4341 0.0000
vt 0.0711 0.4337 0.0000
vt 0.0752 0.4243 0.0000
vt 0.0764 0.4245 0.0000
vt 0.3866 0.1718 0.0000
vt 0.3839 0.1709 0.0000
vt 0.3881 0.1619 0.0000
vt 0.3894 0.1623 0.0000
vt 0.5763 0.0937 0.0000
vt 0.5756 0.0913 0.0000
vt 0.5857 0.0913 0.0000
vt 0.5860 0.0925 0.0000
vt 0.2290 0.2275 0.0000
vt 0.2301 0.2310 0.0000
vt 0.1925 0.2486 0.0000
vt 0.1917 0.2457 0.0000
vt 0.0459 0.8036 0.0000
vt 0.0467 0.8003 0.0000
vt 0.0955 0.8059 0.0000
vt 0.0950 0.8087 0.0000
vt 0.5241 0.3219 0.0000
vt 0.5244 0.3255 0.0000
vt 0.4828 0.3227 0.0000
vt 0.4824 0.3197 0.0000
vt 0.4045 0.4304 0.0000
vt 0.4013 0.4316 0.0000
vt 0.3908 0.3834 0.0000
vt 0.3935 0.3826 0.0000
vt 0.1574 0.2598 0.0000
vt 0.1569 0.2573 0.0000
vt 0.1435 0.8030 0.0000
vt 0.1434 0.8053 0.0000
vt 0.4460 0.3250 0.0000
vt 0.4455 0.3226 0.0000
vt 0.3889 0.3350 0.0000
vt 0.3911 0.3347 0.0000
vt 0.2106 0.3162 0.0000
vt 0.2129 0.3152 0.0000
vt 0.2309 0.3635 0.0000
vt 0.2291 0.3641 0.0000
vt 0.1896 0.7923 0.0000
vt 0.1897 0.7939 0.0000
vt 0.1966 0.4114 0.0000
vt 0.1941 0.4112 0.0000
vt 0.1966 0.3602 0.0000
vt 0.1985 0.3602 0.0000
vt 0.3950 0.2877 0.0000
vt 0.3967 0.2877 0.0000
vt 0.2427 0.4071 0.0000
vt 0.2414 0.4074 0.0000
vt 0.2281 0.7774 0.0000
vt 0.2282 0.7785 0.0000
vt 0.1946 0.3153 0.0000
vt 0.1959 0.3152 0.0000
vt 0.4061 0.2477 0.0000
vt 0.4073 0.2477 0.0000
vt 0.4069 0.0403 0.0000
vt 0.4068 0.0430 0.0000
vt 0.3956 0.0428 0.0000
vt 0.3957 0.0415 0.0000
vt 0.3435 0.2326 0.0000
vt 0.3463 0.2328 0.0000
vt 0.3462 0.2423 0.0000
vt 0.3449 0.2422 0.0000
vt 0.1403 0.0477 0.0000
vt 0.1404 0.0500 0.0000
vt 0.1292 0.0512 0.0000
vt 0.1291 0.0501 0.0000
vt 0.2939 0.0409 0.0000
vt 0.2940 0.0436 0.0000
vt 0.2830 0.0427 0.0000
vt 0.2830 0.0414 0.0000
vt 0.0217 0.0257 0.0000
vt 0.0244 0.0262 0.0000
vt 0.0220 0.0369 0.0000
vt 0.0207 0.0367 0.0000
vt 0.5857 0.0185 0.0000
vt 0.5857 0.0156 0.0000
vt 0.5967 0.0164 0.0000
vt 0.5967 0.0178 0.0000
vt 0.6440 0.0764 0.0000
vt 0.6412 0.0764 0.0000
vt 0.6416 0.0661 0.0000
vt 0.6430 0.0661 0.0000
vt 0.2280 0.1468 0.0000
vt 0.2280 0.1495 0.0000
vt 0.2174 0.1488 0.0000
vt 0.2174 0.1476 0.0000
vt 0.4243 0.0430 0.0000
vt 0.4247 0.0409 0.0000
vt 0.4350 0.0428 0.0000
vt 0.4348 0.0438 0.0000
vt 0.0840 0.7298 0.0000
vt 0.0812 0.7301 0.0000
vt 0.0825 0.7220 0.0000
vt 0.0838 0.7219 0.0000
vt 0.1569 0.2657 0.0000
vt 0.1569 0.2628 0.0000
vt 0.1668 0.2637 0.0000
vt 0.1667 0.2651 0.0000
vt 0.7854 0.4626 0.0000
vt 0.7826 0.4631 0.0000
vt 0.7824 0.4548 0.0000
vt 0.7838 0.4545 0.0000
vt 0.1064 0.5302 0.0000
vt 0.1091 0.5305 0.0000
vt 0.1093 0.5396 0.0000
vt 0.1081 0.5394 0.0000
vt 0.2757 0.5890 0.0000
vt 0.2729 0.5888 0.0000
vt 0.2729 0.5806 0.0000
vt 0.2743 0.5808 0.0000
vt 0.6765 0.0812 0.0000
vt 0.6757 0.0835 0.0000
vt 0.6664 0.0826 0.0000
vt 0.6668 0.0815 0.0000
vt 0.1266 0.2023 0.0000
vt 0.1295 0.2023 0.0000
vt 0.1282 0.2125 0.0000
vt 0.1268 0.2125 0.0000
vt 0.3182 0.0358 0.0000
vt 0.3192 0.0382 0.0000
vt 0.3087 0.0415 0.0000
vt 0.3082 0.0404 0.0000
vt 0.4327 0.0575 0.0000
vt 0.4326 0.0552 0.0000
vt 0.4436 0.0556 0.0000
vt 0.4436 0.0567 0.0000
vt 0.5403 0.0170 0.0000
vt 0.5424 0.0156 0.0000
vt 0.5458 0.0260 0.0000
vt 0.5447 0.0267 0.0000
vt 0.4840 0.0762 0.0000
vt 0.4853 0.0787 0.0000
vt 0.4753 0.0817 0.0000
vt 0.4747 0.0805 0.0000
vt 0.0870 0.0181 0.0000
vt 0.0863 0.0156 0.0000
vt 0.0969 0.0158 0.0000
vt 0.0972 0.0169 0.0000
vt 0.0670 0.0955 0.0000
vt 0.0661 0.0921 0.0000
vt 0.1060 0.0832 0.0000
vt 0.1066 0.0860 0.0000
vt 0.5612 0.1380 0.0000
vt 0.5606 0.1413 0.0000
vt 0.5146 0.1394 0.0000
vt 0.5149 0.1367 0.0000
vt 0.6238 0.0730 0.0000
vt 0.6236 0.0765 0.0000
vt 0.5826 0.0740 0.0000
vt 0.5827 0.0711 0.0000
vt 0.4001 0.4404 0.0000
vt 0.3990 0.4372 0.0000
vt 0.4447 0.4293 0.0000
vt 0.4455 0.4320 0.0000
vt 0.1435 0.0812 0.0000
vt 0.1437 0.0835 0.0000
vt 0.4705 0.1453 0.0000
vt 0.4706 0.1432 0.0000
vt 0.5454 0.0779 0.0000
vt 0.5453 0.0756 0.0000
vt 0.4896 0.4293 0.0000
vt 0.4899 0.4314 0.0000
vt 0.1249 0.2225 0.0000
vt 0.1271 0.2229 0.0000
vt 0.1145 0.2728 0.0000
vt 0.1128 0.2723 0.0000
vt 0.4294 0.1582 0.0000
vt 0.4293 0.1567 0.0000
vt 0.3536 0.0785 0.0000
vt 0.3538 0.0762 0.0000
vt 0.4049 0.0782 0.0000
vt 0.4049 0.0799 0.0000
vt 0.5325 0.4366 0.0000
vt 0.5326 0.4382 0.0000
vt 0.1026 0.3084 0.0000
vt 0.1014 0.3080 0.0000
vt 0.0753 0.3840 0.0000
vt 0.0736 0.3842 0.0000
vt 0.0682 0.3470 0.0000
vt 0.0694 0.3469 0.0000
vt 0.4423 0.0770 0.0000
vt 0.4423 0.0783 0.0000
vt 0.4473 0.4359 0.0000
vt 0.4473 0.4342 0.0000
vt 0.4849 0.4349 0.0000
vt 0.4848 0.4362 0.0000
vt 0.1759 0.5504 0.0000
vt 0.1761 0.5529 0.0000
vt 0.1671 0.5555 0.0000
vt 0.1670 0.5543 0.0000
vt 0.0863 0.4848 0.0000
vt 0.0891 0.4849 0.0000
vt 0.0889 0.4942 0.0000
vt 0.0876 0.4942 0.0000
vt 0.0207 0.4343 0.0000
vt 0.0232 0.4350 0.0000
vt 0.0219 0.4447 0.0000
vt 0.0207 0.4444 0.0000
vt 0.2939 0.0568 0.0000
vt 0.2937 0.0597 0.0000
vt 0.2830 0.0573 0.0000
vt 0.2831 0.0560 0.0000
vt 0.0345 0.4930 0.0000
vt 0.0321 0.4939 0.0000
vt 0.0293 0.4823 0.0000
vt 0.0305 0.4818 0.0000
vt 0.0926 0.7914 0.0000
vt 0.0927 0.7938 0.0000
vt 0.0807 0.7927 0.0000
vt 0.0806 0.7916 0.0000
vt 0.2265 0.1567 0.0000
vt 0.2255 0.1593 0.0000
vt 0.2144 0.1540 0.0000
vt 0.2149 0.1528 0.0000
vt 0.1303 0.3760 0.0000
vt 0.1324 0.3760 0.0000
vt 0.1316 0.3882 0.0000
vt 0.1306 0.3882 0.0000
vt 0.6872 0.0427 0.0000
vt 0.6870 0.0399 0.0000
vt 0.6986 0.0410 0.0000
vt 0.6987 0.0424 0.0000
vt 0.8127 0.1323 0.0000
vt 0.8151 0.1317 0.0000
vt 0.8149 0.1403 0.0000
vt 0.8137 0.1407 0.0000
vt 0.6324 0.4243 0.0000
vt 0.6350 0.4245 0.0000
vt 0.6323 0.4329 0.0000
vt 0.6311 0.4328 0.0000
vt 0.6736 0.2780 0.0000
vt 0.6764 0.2788 0.0000
vt 0.6727 0.2868 0.0000
vt 0.6714 0.2864 0.0000
vt 0.3067 0.1657 0.0000
vt 0.3058 0.1629 0.0000
vt 0.3175 0.1601 0.0000
vt 0.3179 0.1614 0.0000
vt 0.6749 0.0427 0.0000
vt 0.6750 0.0399 0.0000
vt 0.6866 0.0400 0.0000
vt 0.6865 0.0413 0.0000
vt 0.3444 0.0308 0.0000
vt 0.3441 0.0335 0.0000
vt 0.3334 0.0333 0.0000
vt 0.3336 0.0320 0.0000
vt 0.2727 0.1872 0.0000
vt 0.2726 0.1900 0.0000
vt 0.2628 0.1888 0.0000
vt 0.2629 0.1874 0.0000
vt 0.1317 0.2958 0.0000
vt 0.1319 0.2931 0.0000
vt 0.1415 0.2949 0.0000
vt 0.1414 0.2962 0.0000
vt 0.1314 0.1367 0.0000
vt 0.1314 0.1390 0.0000
vt 0.1216 0.1382 0.0000
vt 0.1216 0.1371 0.0000
vt 0.0304 0.3385 0.0000
vt 0.0313 0.3409 0.0000
vt 0.0211 0.3423 0.0000
vt 0.0207 0.3411 0.0000
vt 0.2603 0.5756 0.0000
vt 0.2630 0.5763 0.0000
vt 0.2591 0.5840 0.0000
vt 0.2578 0.5837 0.0000
vt 0.6207 0.0913 0.0000
vt 0.6213 0.0938 0.0000
vt 0.6112 0.0936 0.0000
vt 0.6109 0.0924 0.0000
vt 0.1022 0.1898 0.0000
vt 0.1014 0.1866 0.0000
vt 0.1429 0.1782 0.0000
vt 0.1434 0.1809 0.0000
vt 0.0711 0.7462 0.0000
vt 0.0718 0.7431 0.0000
vt 0.1169 0.7468 0.0000
vt 0.1165 0.7494 0.0000
vt 0.0384 0.4949 0.0000
vt 0.0417 0.4953 0.0000
vt 0.0385 0.5375 0.0000
vt 0.0358 0.5373 0.0000
vt 0.1682 0.9678 0.0000
vt 0.1691 0.9709 0.0000
vt 0.1239 0.9774 0.0000
vt 0.1233 0.9748 0.0000
vt 0.1822 0.1771 0.0000
vt 0.1824 0.1791 0.0000
vt 0.1601 0.7429 0.0000
vt 0.1600 0.7449 0.0000
vt 0.0421 0.5765 0.0000
vt 0.0400 0.5766 0.0000
vt 0.0802 0.9761 0.0000
vt 0.0799 0.9741 0.0000
vt 0.2834 0.0265 0.0000
vt 0.2830 0.0244 0.0000
vt 0.3340 0.0177 0.0000
vt 0.3342 0.0192 0.0000
vt 0.2003 0.7320 0.0000
vt 0.2003 0.7334 0.0000
vt 0.3295 0.2174 0.0000
vt 0.3316 0.2176 0.0000
vt 0.3299 0.2687 0.0000
vt 0.3284 0.2687 0.0000
vt 0.0389 0.9677 0.0000
vt 0.0388 0.9663 0.0000
vt 0.3636 0.0156 0.0000
vt 0.3637 0.0168 0.0000
vt 0.1220 0.9717 0.0000
vt 0.1219 0.9732 0.0000
vt 0.0923 0.9729 0.0000
vt 0.0923 0.9717 0.0000
vt 0.3307 0.2983 0.0000
vt 0.3295 0.2983 0.0000
vt 0.3459 0.1481 0.0000
vt 0.3456 0.1466 0.0000
vt 0.3747 0.1406 0.0000
vt 0.3749 0.1418 0.0000
vt 0.5756 0.1241 0.0000
vt 0.5760 0.1216 0.0000
vt 0.5856 0.1217 0.0000
vt 0.5854 0.1229 0.0000
vt 0.8440 0.1674 0.0000
vt 0.8413 0.1670 0.0000
vt 0.8414 0.1588 0.0000
vt 0.8427 0.1590 0.0000
vt 0.3336 0.0207 0.0000
vt 0.3333 0.0232 0.0000
vt 0.3234 0.0230 0.0000
vt 0.3235 0.0218 0.0000
vt 0.3234 0.1849 0.0000
vt 0.3239 0.1821 0.0000
vt 0.3333 0.1853 0.0000
vt 0.3330 0.1867 0.0000
vt 0.6726 0.0306 0.0000
vt 0.6714 0.0283 0.0000
vt 0.6816 0.0257 0.0000
vt 0.6821 0.0268 0.0000
vt 0.6083 0.0362 0.0000
vt 0.6059 0.0364 0.0000
vt 0.6069 0.0258 0.0000
vt 0.6080 0.0257 0.0000
vt 0.1972 0.0483 0.0000
vt 0.1978 0.0459 0.0000
vt 0.2081 0.0488 0.0000
vt 0.2079 0.0499 0.0000
vt 0.0863 0.1115 0.0000
vt 0.0888 0.1115 0.0000
vt 0.0885 0.1222 0.0000
vt 0.0873 0.1222 0.0000
vt 0.0661 0.2455 0.0000
vt 0.0661 0.2426 0.0000
vt 0.0767 0.2434 0.0000
vt 0.0767 0.2448 0.0000
vt 0.3795 0.1187 0.0000
vt 0.3789 0.1165 0.0000
vt 0.3881 0.1170 0.0000
vt 0.3884 0.1180 0.0000
vt 0.1570 0.4825 0.0000
vt 0.1569 0.4797 0.0000
vt 0.1662 0.4810 0.0000
vt 0.1662 0.4823 0.0000
vt 0.1367 0.4270 0.0000
vt 0.1375 0.4243 0.0000
vt 0.1464 0.4278 0.0000
vt 0.1460 0.4291 0.0000
vt 0.6338 0.4582 0.0000
vt 0.6311 0.4578 0.0000
vt 0.6311 0.4495 0.0000
vt 0.6324 0.4496 0.0000
vt 0.8154 0.2113 0.0000
vt 0.8127 0.2110 0.0000
vt 0.8127 0.2023 0.0000
vt 0.8140 0.2024 0.0000
vt 0.6311 0.4230 0.0000
vt 0.6313 0.4205 0.0000
vt 0.6398 0.4192 0.0000
vt 0.6397 0.4204 0.0000
vt 0.5147 0.0358 0.0000
vt 0.5155 0.0382 0.0000
vt 0.5053 0.0390 0.0000
vt 0.5050 0.0378 0.0000
vt 0.6311 0.4005 0.0000
vt 0.6335 0.3990 0.0000
vt 0.6357 0.4071 0.0000
vt 0.6346 0.4078 0.0000
vt 0.0484 0.3834 0.0000
vt 0.0459 0.3841 0.0000
vt 0.0462 0.3741 0.0000
vt 0.0474 0.3738 0.0000
vt 0.1014 0.0459 0.0000
vt 0.1022 0.0489 0.0000
vt 0.0666 0.0627 0.0000
vt 0.0661 0.0602 0.0000
vt 0.4169 0.7269 0.0000
vt 0.4165 0.7297 0.0000
vt 0.3678 0.7300 0.0000
vt 0.3680 0.7277 0.0000
vt 0.0513 0.5299 0.0000
vt 0.0544 0.5295 0.0000
vt 0.0545 0.5678 0.0000
vt 0.0520 0.5683 0.0000
vt 0.1125 0.1151 0.0000
vt 0.1115 0.1125 0.0000
vt 0.1594 0.1028 0.0000
vt 0.1601 0.1050 0.0000
vt 0.0614 0.0368 0.0000
vt 0.0610 0.0343 0.0000
vt 0.1125 0.0308 0.0000
vt 0.1125 0.0327 0.0000
vt 0.3206 0.7383 0.0000
vt 0.3206 0.7367 0.0000
vt 0.4041 0.4217 0.0000
vt 0.4044 0.4192 0.0000
vt 0.4553 0.4233 0.0000
vt 0.4553 0.4253 0.0000
vt 0.2076 0.1014 0.0000
vt 0.2079 0.1031 0.0000
vt 0.1636 0.0329 0.0000
vt 0.1635 0.0343 0.0000
vt 0.2761 0.7541 0.0000
vt 0.2760 0.7529 0.0000
vt 0.5061 0.4218 0.0000
vt 0.5062 0.4232 0.0000
vt 0.2547 0.1077 0.0000
vt 0.2548 0.1088 0.0000
vt 0.1849 0.0347 0.0000
vt 0.1848 0.0359 0.0000
vt 0.2579 0.7618 0.0000
vt 0.2578 0.7609 0.0000
vt 0.5274 0.4202 0.0000
vt 0.5275 0.4214 0.0000
vt 0.2742 0.1116 0.0000
vt 0.2743 0.1125 0.0000
vt 0.1289 0.2378 0.0000
vt 0.1266 0.2368 0.0000
vt 0.1290 0.2275 0.0000
vt 0.1301 0.2280 0.0000
vt 0.1517 0.2275 0.0000
vt 0.1517 0.2304 0.0000
vt 0.1418 0.2300 0.0000
vt 0.1418 0.2287 0.0000
vt 0.2628 0.1191 0.0000
vt 0.2630 0.1165 0.0000
vt 0.2729 0.1167 0.0000
vt 0.2728 0.1179 0.0000
vt 0.3385 0.3161 0.0000
vt 0.3385 0.3133 0.0000
vt 0.3482 0.3142 0.0000
vt 0.3482 0.3156 0.0000
vt 0.7168 0.0675 0.0000
vt 0.7161 0.0702 0.0000
vt 0.7068 0.0674 0.0000
vt 0.7071 0.0661 0.0000
vt 0.7925 0.0682 0.0000
vt 0.7916 0.0709 0.0000
vt 0.7824 0.0674 0.0000
vt 0.7828 0.0661 0.0000
vt 0.3058 0.2337 0.0000
vt 0.3055 0.2366 0.0000
vt 0.2934 0.2345 0.0000
vt 0.2936 0.2331 0.0000
vt 0.1053 0.7914 0.0000
vt 0.1054 0.7939 0.0000
vt 0.0932 0.7928 0.0000
vt 0.0932 0.7916 0.0000
vt 0.1059 0.7939 0.0000
vt 0.1059 0.7914 0.0000
vt 0.1181 0.7924 0.0000
vt 0.1181 0.7936 0.0000
vt 0.3436 0.0488 0.0000
vt 0.3435 0.0459 0.0000
vt 0.3543 0.0466 0.0000
vt 0.3543 0.0480 0.0000
vt 0.0536 0.6460 0.0000
vt 0.0509 0.6462 0.0000
vt 0.0525 0.6362 0.0000
vt 0.0538 0.6361 0.0000
vt 0.0722 0.0668 0.0000
vt 0.0711 0.0642 0.0000
vt 0.0813 0.0610 0.0000
vt 0.0819 0.0623 0.0000
vt 0.0639 0.6310 0.0000
vt 0.0610 0.6304 0.0000
vt 0.0636 0.6210 0.0000
vt 0.0650 0.6213 0.0000
vt 0.1698 0.4541 0.0000
vt 0.1670 0.4541 0.0000
vt 0.1680 0.4444 0.0000
vt 0.1693 0.4445 0.0000
vt 0.2981 0.4622 0.0000
vt 0.2991 0.4596 0.0000
vt 0.3074 0.4620 0.0000
vt 0.3070 0.4633 0.0000
vt 0.6123 0.1016 0.0000
vt 0.6109 0.0995 0.0000
vt 0.6202 0.0963 0.0000
vt 0.6209 0.0974 0.0000
vt 0.6072 0.1220 0.0000
vt 0.6059 0.1194 0.0000
vt 0.6147 0.1165 0.0000
vt 0.6153 0.1177 0.0000
vt 0.3460 0.1611 0.0000
vt 0.3435 0.1618 0.0000
vt 0.3436 0.1522 0.0000
vt 0.3448 0.1518 0.0000
vt 0.5835 0.4290 0.0000
vt 0.5806 0.4288 0.0000
vt 0.5852 0.3775 0.0000
vt 0.5875 0.3778 0.0000
vt 0.5616 0.4394 0.0000
vt 0.5615 0.4416 0.0000
vt 0.5103 0.4416 0.0000
vt 0.5103 0.4398 0.0000
vt 0.8453 0.0183 0.0000
vt 0.8481 0.0187 0.0000
vt 0.8418 0.0694 0.0000
vt 0.8395 0.0693 0.0000
vt 0.8137 0.2812 0.0000
vt 0.8115 0.2817 0.0000
vt 0.8027 0.2313 0.0000
vt 0.8045 0.2310 0.0000
vt 0.5957 0.3274 0.0000
vt 0.5974 0.3279 0.0000
vt 0.4600 0.4503 0.0000
vt 0.4597 0.4490 0.0000
vt 0.8417 0.1201 0.0000
vt 0.8399 0.1202 0.0000
vt 0.8026 0.1801 0.0000
vt 0.8039 0.1801 0.0000
vt 0.6116 0.2800 0.0000
vt 0.6127 0.2804 0.0000
vt 0.4116 0.4669 0.0000
vt 0.4114 0.4660 0.0000
vt 0.8472 0.1696 0.0000
vt 0.8460 0.1698 0.0000
vt 0.8106 0.1296 0.0000
vt 0.8115 0.1297 0.0000
vt 0.6160 0.2679 0.0000
vt 0.6170 0.2682 0.0000
vt 0.3993 0.4717 0.0000
vt 0.3990 0.4709 0.0000
vt 0.8490 0.1824 0.0000
vt 0.8480 0.1825 0.0000
vt 0.8131 0.1165 0.0000
vt 0.8139 0.1166 0.0000
vt 0.4210 0.0575 0.0000
vt 0.4217 0.0552 0.0000
vt 0.4321 0.0565 0.0000
vt 0.4318 0.0575 0.0000
vt 0.0336 0.3041 0.0000
vt 0.0308 0.3042 0.0000
vt 0.0314 0.2931 0.0000
vt 0.0328 0.2931 0.0000
vt 0.2336 0.0429 0.0000
vt 0.2327 0.0453 0.0000
vt 0.2225 0.0420 0.0000
vt 0.2229 0.0409 0.0000
vt 0.6449 0.0278 0.0000
vt 0.6449 0.0250 0.0000
vt 0.6561 0.0263 0.0000
vt 0.6561 0.0276 0.0000
vt 0.6934 0.0661 0.0000
vt 0.6961 0.0670 0.0000
vt 0.6929 0.0761 0.0000
vt 0.6916 0.0757 0.0000
vt 0.0343 0.2037 0.0000
vt 0.0370 0.2046 0.0000
vt 0.0326 0.2151 0.0000
vt 0.0313 0.2147 0.0000
vt 0.0971 0.0560 0.0000
vt 0.0970 0.0588 0.0000
vt 0.0863 0.0585 0.0000
vt 0.0863 0.0572 0.0000
vt 0.4271 0.0710 0.0000
vt 0.4271 0.0738 0.0000
vt 0.4157 0.0733 0.0000
vt 0.4157 0.0720 0.0000
vt 0.4036 0.0730 0.0000
vt 0.4044 0.0710 0.0000
vt 0.4152 0.0748 0.0000
vt 0.4148 0.0757 0.0000
vt 0.5092 0.1226 0.0000
vt 0.5093 0.1197 0.0000
vt 0.5212 0.1209 0.0000
vt 0.5211 0.1222 0.0000
vt 0.0311 0.4187 0.0000
vt 0.0284 0.4195 0.0000
vt 0.0257 0.4095 0.0000
vt 0.0270 0.4091 0.0000
vt 0.0488 0.1927 0.0000
vt 0.0459 0.1928 0.0000
vt 0.0471 0.1821 0.0000
vt 0.0484 0.1821 0.0000
vt 0.3082 0.5477 0.0000
vt 0.3093 0.5453 0.0000
vt 0.3174 0.5473 0.0000
vt 0.3169 0.5485 0.0000
vt 0.4287 0.1922 0.0000
vt 0.4287 0.1951 0.0000
vt 0.4192 0.1945 0.0000
vt 0.4192 0.1932 0.0000
vt 0.1057 0.5151 0.0000
vt 0.1050 0.5175 0.0000
vt 0.0963 0.5164 0.0000
vt 0.0967 0.5153 0.0000
vt 0.0210 0.3713 0.0000
vt 0.0207 0.3688 0.0000
vt 0.0311 0.3702 0.0000
vt 0.0313 0.3714 0.0000
vt 0.0359 0.0459 0.0000
vt 0.0369 0.0486 0.0000
vt 0.0262 0.0519 0.0000
vt 0.0257 0.0506 0.0000
vt 0.1213 0.1317 0.0000
vt 0.1221 0.1341 0.0000
vt 0.1118 0.1338 0.0000
vt 0.1115 0.1327 0.0000
vt 0.2313 0.1972 0.0000
vt 0.2321 0.1998 0.0000
vt 0.1934 0.2150 0.0000
vt 0.1929 0.2130 0.0000
vt 0.6188 0.4881 0.0000
vt 0.6163 0.4875 0.0000
vt 0.6213 0.4395 0.0000
vt 0.6232 0.4398 0.0000
vt 0.5245 0.3165 0.0000
vt 0.5246 0.3192 0.0000
vt 0.4830 0.3161 0.0000
vt 0.4828 0.3140 0.0000
vt 0.6113 0.4477 0.0000
vt 0.6088 0.4485 0.0000
vt 0.6008 0.4006 0.0000
vt 0.6028 0.4002 0.0000
vt 0.1572 0.2235 0.0000
vt 0.1569 0.2219 0.0000
vt 0.6179 0.3925 0.0000
vt 0.6194 0.3926 0.0000
vt 0.4457 0.3188 0.0000
vt 0.4455 0.3172 0.0000
vt 0.6011 0.3532 0.0000
vt 0.6026 0.3531 0.0000
vt 0.6575 0.1077 0.0000
vt 0.6575 0.1061 0.0000
vt 0.7088 0.1103 0.0000
vt 0.7087 0.1113 0.0000
vt 0.6070 0.3478 0.0000
vt 0.6079 0.3478 0.0000
vt 0.6575 0.1138 0.0000
vt 0.6575 0.1122 0.0000
vt 0.7088 0.1122 0.0000
vt 0.7088 0.1133 0.0000
vt 0.6092 0.3076 0.0000
vt 0.6101 0.3075 0.0000
vt 0.7137 0.1107 0.0000
vt 0.7136 0.1117 0.0000
vt 0.6059 0.3435 0.0000
vt 0.6067 0.3435 0.0000
vt 0.7136 0.1122 0.0000
vt 0.7137 0.1132 0.0000
vt 0.6100 0.3032 0.0000
vt 0.6109 0.3032 0.0000
vt 0.1041 0.2327 0.0000
vt 0.1014 0.2326 0.0000
vt 0.1015 0.2225 0.0000
vt 0.1028 0.2225 0.0000
vt 0.6059 0.1395 0.0000
vt 0.6060 0.1367 0.0000
vt 0.6150 0.1367 0.0000
vt 0.6149 0.1380 0.0000
vt 0.0812 0.3234 0.0000
vt 0.0835 0.3234 0.0000
vt 0.0848 0.3336 0.0000
vt 0.0836 0.3336 0.0000
vt 0.1546 0.2776 0.0000
vt 0.1518 0.2777 0.0000
vt 0.1521 0.2679 0.0000
vt 0.1534 0.2679 0.0000
vt 0.0762 0.5078 0.0000
vt 0.0763 0.5050 0.0000
vt 0.0856 0.5053 0.0000
vt 0.0856 0.5066 0.0000
vt 0.3385 0.3051 0.0000
vt 0.3393 0.3032 0.0000
vt 0.3482 0.3073 0.0000
vt 0.3478 0.3083 0.0000
vt 0.7269 0.0735 0.0000
vt 0.7274 0.0711 0.0000
vt 0.7370 0.0733 0.0000
vt 0.7368 0.0745 0.0000
vt 0.3461 0.2272 0.0000
vt 0.3435 0.2272 0.0000
vt 0.3437 0.2174 0.0000
vt 0.3449 0.2174 0.0000
vt 0.3839 0.1872 0.0000
vt 0.3868 0.1872 0.0000
vt 0.3859 0.1970 0.0000
vt 0.3846 0.1970 0.0000
vt 0.2030 0.0812 0.0000
vt 0.2029 0.0841 0.0000
vt 0.1922 0.0832 0.0000
vt 0.1922 0.0818 0.0000
vt 0.0991 0.1977 0.0000
vt 0.0963 0.1977 0.0000
vt 0.0977 0.1872 0.0000
vt 0.0990 0.1872 0.0000
vt 0.1829 0.0478 0.0000
vt 0.1822 0.0505 0.0000
vt 0.1720 0.0472 0.0000
vt 0.1724 0.0459 0.0000
vt 0.4130 0.0263 0.0000
vt 0.4124 0.0289 0.0000
vt 0.4019 0.0277 0.0000
vt 0.4023 0.0264 0.0000
vt 0.2981 0.0939 0.0000
vt 0.2990 0.0913 0.0000
vt 0.3087 0.0925 0.0000
vt 0.3083 0.0937 0.0000
vt 0.6566 0.0278 0.0000
vt 0.6571 0.0255 0.0000
vt 0.6679 0.0252 0.0000
vt 0.6676 0.0263 0.0000
vt 0.3321 0.0661 0.0000
vt 0.3334 0.0683 0.0000
vt 0.3240 0.0706 0.0000
vt 0.3234 0.0696 0.0000
vt 0.3119 0.2628 0.0000
vt 0.3130 0.2654 0.0000
vt 0.3037 0.2670 0.0000
vt 0.3032 0.2658 0.0000
vt 0.4706 0.2029 0.0000
vt 0.4714 0.2054 0.0000
vt 0.4621 0.2051 0.0000
vt 0.4617 0.2039 0.0000
vt 0.0534 0.2455 0.0000
vt 0.0509 0.2452 0.0000
vt 0.0578 0.1942 0.0000
vt 0.0597 0.1946 0.0000
vt 0.4195 0.7478 0.0000
vt 0.4193 0.7497 0.0000
vt 0.3683 0.7486 0.0000
vt 0.3684 0.7471 0.0000
vt 0.1619 0.4975 0.0000
vt 0.1622 0.4950 0.0000
vt 0.2131 0.5008 0.0000
vt 0.2130 0.5028 0.0000
vt 0.1366 0.4658 0.0000
vt 0.1347 0.4663 0.0000
vt 0.1266 0.4158 0.0000
vt 0.1281 0.4156 0.0000
vt 0.0707 0.1448 0.0000
vt 0.0721 0.1452 0.0000
vt 0.3180 0.7563 0.0000
vt 0.3179 0.7552 0.0000
vt 0.2638 0.5003 0.0000
vt 0.2639 0.5018 0.0000
vt 0.1273 0.3649 0.0000
vt 0.1283 0.3648 0.0000
vt 0.0873 0.1014 0.0000
vt 0.0882 0.1017 0.0000
vt 0.2730 0.7702 0.0000
vt 0.2729 0.7695 0.0000
vt 0.3098 0.4949 0.0000
vt 0.3099 0.4958 0.0000
vt 0.1348 0.3183 0.0000
vt 0.1355 0.3183 0.0000
vt 0.5756 0.0533 0.0000
vt 0.5759 0.0509 0.0000
vt 0.5861 0.0511 0.0000
vt 0.5859 0.0522 0.0000
vt 0.3385 0.1194 0.0000
vt 0.3385 0.1165 0.0000
vt 0.3490 0.1174 0.0000
vt 0.3490 0.1187 0.0000
vt 0.5251 0.0535 0.0000
vt 0.5257 0.0509 0.0000
vt 0.5359 0.0531 0.0000
vt 0.5356 0.0543 0.0000
vt 0.3414 0.4923 0.0000
vt 0.3385 0.4923 0.0000
vt 0.3398 0.4848 0.0000
vt 0.3411 0.4848 0.0000
vt 0.1809 0.5554 0.0000
vt 0.1812 0.5582 0.0000
vt 0.1722 0.5587 0.0000
vt 0.1720 0.5574 0.0000
vt 0.6402 0.1317 0.0000
vt 0.6402 0.1345 0.0000
vt 0.6311 0.1338 0.0000
vt 0.6311 0.1325 0.0000
vt 0.6744 0.0403 0.0000
vt 0.6738 0.0427 0.0000
vt 0.6629 0.0410 0.0000
vt 0.6632 0.0398 0.0000
vt 0.3951 0.0403 0.0000
vt 0.3951 0.0432 0.0000
vt 0.3838 0.0425 0.0000
vt 0.3838 0.0412 0.0000
vt 0.5704 0.1049 0.0000
vt 0.5703 0.1074 0.0000
vt 0.5590 0.1071 0.0000
vt 0.5591 0.1059 0.0000
vt 0.4626 0.1619 0.0000
vt 0.4653 0.1631 0.0000
vt 0.4608 0.1716 0.0000
vt 0.4596 0.1711 0.0000
vt 0.3376 0.1972 0.0000
vt 0.3382 0.2001 0.0000
vt 0.3287 0.2014 0.0000
vt 0.3284 0.2001 0.0000
vt 0.2769 0.5403 0.0000
vt 0.2771 0.5431 0.0000
vt 0.2680 0.5424 0.0000
vt 0.2679 0.5411 0.0000
vt 0.4117 0.1611 0.0000
vt 0.4091 0.1614 0.0000
vt 0.4110 0.1520 0.0000
vt 0.4122 0.1518 0.0000
vt 0.0304 0.3839 0.0000
vt 0.0313 0.3866 0.0000
vt 0.0211 0.3890 0.0000
vt 0.0207 0.3877 0.0000
vt 0.0736 0.1607 0.0000
vt 0.0711 0.1616 0.0000
vt 0.0713 0.1523 0.0000
vt 0.0724 0.1518 0.0000
vt 0.5950 0.2628 0.0000
vt 0.5978 0.2633 0.0000
vt 0.5807 0.3238 0.0000
vt 0.5780 0.3232 0.0000
vt 0.0006 0.7911 0.0000
vt 0.0005 0.7886 0.0000
vt 0.0627 0.7954 0.0000
vt 0.0630 0.7980 0.0000
vt 0.6005 0.2679 0.0000
vt 0.6035 0.2684 0.0000
vt 0.5900 0.3287 0.0000
vt 0.5870 0.3281 0.0000
vt 0.5572 0.3807 0.0000
vt 0.5545 0.3799 0.0000
vt 0.1239 0.7949 0.0000
vt 0.1246 0.7975 0.0000
vt 0.5714 0.3855 0.0000
vt 0.5685 0.3846 0.0000
vt 0.5281 0.4329 0.0000
vt 0.5254 0.4320 0.0000
vt 0.1830 0.7875 0.0000
vt 0.1840 0.7900 0.0000
vt 0.5484 0.4376 0.0000
vt 0.5456 0.4367 0.0000
vt 0.5278 0.4334 0.0000
vt 0.5251 0.4326 0.0000
vt 0.1836 0.7875 0.0000
vt 0.1846 0.7900 0.0000
vt 0.5482 0.4381 0.0000
vt 0.5453 0.4372 0.0000
vt 0.0975 0.0706 0.0000
vt 0.0963 0.0683 0.0000
vt 0.1066 0.0661 0.0000
vt 0.1072 0.0672 0.0000
vt 0.1423 0.0283 0.0000
vt 0.1429 0.0307 0.0000
vt 0.1321 0.0305 0.0000
vt 0.1318 0.0293 0.0000
vt 0.4710 0.1072 0.0000
vt 0.4697 0.1047 0.0000
vt 0.4794 0.1014 0.0000
vt 0.4801 0.1026 0.0000
vt 0.6444 0.0252 0.0000
vt 0.6443 0.0278 0.0000
vt 0.6331 0.0268 0.0000
vt 0.6331 0.0255 0.0000
vt 0.2014 0.0624 0.0000
vt 0.2012 0.0653 0.0000
vt 0.1901 0.0633 0.0000
vt 0.1902 0.0619 0.0000
vt 0.1417 0.7668 0.0000
vt 0.1418 0.7691 0.0000
vt 0.1306 0.7681 0.0000
vt 0.1306 0.7670 0.0000
vt 0.2685 0.0981 0.0000
vt 0.2681 0.1008 0.0000
vt 0.2578 0.0976 0.0000
vt 0.2580 0.0963 0.0000
vt 0.0767 0.2600 0.0000
vt 0.0761 0.2627 0.0000
vt 0.0661 0.2591 0.0000
vt 0.0664 0.2578 0.0000
vt 0.8093 0.2040 0.0000
vt 0.8071 0.2047 0.0000
vt 0.8072 0.1940 0.0000
vt 0.8083 0.1937 0.0000
vt 0.1543 0.4390 0.0000
vt 0.1518 0.4381 0.0000
vt 0.1531 0.4293 0.0000
vt 0.1543 0.4297 0.0000
vt 0.4651 0.0762 0.0000
vt 0.4651 0.0790 0.0000
vt 0.4545 0.0784 0.0000
vt 0.4545 0.0770 0.0000
vt 0.0967 0.2527 0.0000
vt 0.0991 0.2537 0.0000
vt 0.0975 0.2628 0.0000
vt 0.0963 0.2624 0.0000
vt 0.8127 0.1528 0.0000
vt 0.8154 0.1518 0.0000
vt 0.8167 0.1604 0.0000
vt 0.8154 0.1608 0.0000
vt 0.7806 0.1115 0.0000
vt 0.7814 0.1140 0.0000
vt 0.7727 0.1139 0.0000
vt 0.7723 0.1127 0.0000
vt 0.1583 0.2719 0.0000
vt 0.1569 0.2698 0.0000
vt 0.1657 0.2679 0.0000
vt 0.1664 0.2688 0.0000
vt 0.2555 0.1236 0.0000
vt 0.2549 0.1260 0.0000
vt 0.1941 0.1255 0.0000
vt 0.1949 0.1231 0.0000
vt 0.8056 0.4718 0.0000
vt 0.8026 0.4715 0.0000
vt 0.8104 0.4080 0.0000
vt 0.8135 0.4082 0.0000
vt 0.4473 0.6216 0.0000
vt 0.4444 0.6211 0.0000
vt 0.4481 0.5606 0.0000
vt 0.4510 0.5612 0.0000
vt 0.2211 0.1115 0.0000
vt 0.2216 0.1145 0.0000
vt 0.1578 0.1229 0.0000
vt 0.1575 0.1199 0.0000
vt 0.8093 0.3443 0.0000
vt 0.8124 0.3441 0.0000
vt 0.4533 0.5036 0.0000
vt 0.4561 0.5044 0.0000
vt 0.1117 0.1269 0.0000
vt 0.1115 0.1238 0.0000
vt 0.8042 0.2985 0.0000
vt 0.8072 0.2981 0.0000
vt 0.4577 0.4646 0.0000
vt 0.4605 0.4655 0.0000
vt 0.3803 0.3351 0.0000
vt 0.3832 0.3350 0.0000
vt 0.3825 0.3445 0.0000
vt 0.3812 0.3445 0.0000
vt 0.3413 0.4236 0.0000
vt 0.3385 0.4236 0.0000
vt 0.3394 0.4142 0.0000
vt 0.3408 0.4142 0.0000
vt 0.8131 0.4394 0.0000
vt 0.8157 0.4402 0.0000
vt 0.8140 0.4481 0.0000
vt 0.8127 0.4477 0.0000
vt 0.1014 0.4949 0.0000
vt 0.1039 0.4949 0.0000
vt 0.1026 0.5043 0.0000
vt 0.1015 0.5043 0.0000
vt 0.0767 0.5201 0.0000
vt 0.0795 0.5205 0.0000
vt 0.0775 0.5295 0.0000
vt 0.0762 0.5293 0.0000
vt 0.3253 0.4444 0.0000
vt 0.3278 0.4449 0.0000
vt 0.3245 0.4537 0.0000
vt 0.3234 0.4535 0.0000
vt 0.5712 0.0156 0.0000
vt 0.5715 0.0184 0.0000
vt 0.5606 0.0172 0.0000
vt 0.5605 0.0159 0.0000
vt 0.0207 0.2586 0.0000
vt 0.0234 0.2578 0.0000
vt 0.0252 0.2685 0.0000
vt 0.0239 0.2689 0.0000
vt 0.0345 0.4806 0.0000
vt 0.0317 0.4813 0.0000
vt 0.0294 0.4694 0.0000
vt 0.0307 0.4691 0.0000
vt 0.1744 0.0982 0.0000
vt 0.1748 0.0954 0.0000
vt 0.1860 0.0989 0.0000
vt 0.1858 0.1002 0.0000
vt 0.1303 0.3893 0.0000
vt 0.1324 0.3887 0.0000
vt 0.1324 0.4008 0.0000
vt 0.1314 0.4010 0.0000
vt 0.2019 0.1555 0.0000
vt 0.2026 0.1528 0.0000
vt 0.2139 0.1571 0.0000
vt 0.2136 0.1584 0.0000
vt 0.2864 0.4646 0.0000
vt 0.2873 0.4674 0.0000
vt 0.2784 0.4694 0.0000
vt 0.2780 0.4681 0.0000
vt 0.3412 0.4677 0.0000
vt 0.3385 0.4666 0.0000
vt 0.3423 0.4596 0.0000
vt 0.3436 0.4601 0.0000
vt 0.2125 0.5783 0.0000
vt 0.2124 0.5756 0.0000
vt 0.2208 0.5770 0.0000
vt 0.2208 0.5783 0.0000
vt 0.0338 0.9088 0.0000
vt 0.0343 0.9057 0.0000
vt 0.0950 0.9141 0.0000
vt 0.0943 0.9171 0.0000
vt 0.4390 0.4646 0.0000
vt 0.4419 0.4647 0.0000
vt 0.4372 0.5280 0.0000
vt 0.4343 0.5281 0.0000
vt 0.4875 0.6160 0.0000
vt 0.4898 0.6164 0.0000
vt 0.4704 0.6770 0.0000
vt 0.4681 0.6764 0.0000
vt 0.1521 0.9258 0.0000
vt 0.1513 0.9288 0.0000
vt 0.4410 0.5908 0.0000
vt 0.4381 0.5912 0.0000
vt 0.4434 0.7339 0.0000
vt 0.4411 0.7333 0.0000
vt 0.1653 0.9287 0.0000
vt 0.1645 0.9317 0.0000
vt 0.4423 0.6056 0.0000
vt 0.4394 0.6060 0.0000
vt 0.4366 0.7472 0.0000
vt 0.4343 0.7465 0.0000
vt 0.0436 0.4697 0.0000
vt 0.0409 0.4690 0.0000
vt 0.0437 0.4596 0.0000
vt 0.0450 0.4599 0.0000
vt 0.4301 0.0257 0.0000
vt 0.4302 0.0284 0.0000
vt 0.4192 0.0270 0.0000
vt 0.4192 0.0257 0.0000
vt 0.2477 0.0369 0.0000
vt 0.2497 0.0358 0.0000
vt 0.2530 0.0465 0.0000
vt 0.2521 0.0470 0.0000
vt 0.4554 0.0286 0.0000
vt 0.4548 0.0310 0.0000
vt 0.4444 0.0269 0.0000
vt 0.4447 0.0257 0.0000
vt 0.0675 0.2729 0.0000
vt 0.0703 0.2734 0.0000
vt 0.0674 0.2835 0.0000
vt 0.0661 0.2833 0.0000
vt 0.4856 0.0156 0.0000
vt 0.4858 0.0182 0.0000
vt 0.4748 0.0168 0.0000
vt 0.4747 0.0157 0.0000
vt 0.7952 0.1205 0.0000
vt 0.7925 0.1205 0.0000
vt 0.7936 0.1115 0.0000
vt 0.7949 0.1115 0.0000
vt 0.1898 0.9654 0.0000
vt 0.1926 0.9660 0.0000
vt 0.1901 0.9739 0.0000
vt 0.1888 0.9736 0.0000
vt 0.4123 0.2225 0.0000
vt 0.4133 0.2246 0.0000
vt 0.4046 0.2265 0.0000
vt 0.4041 0.2255 0.0000
vt 0.5251 0.0711 0.0000
vt 0.5276 0.0719 0.0000
vt 0.5266 0.0813 0.0000
vt 0.5254 0.0809 0.0000
vt 0.3290 0.0459 0.0000
vt 0.3291 0.0488 0.0000
vt 0.3183 0.0482 0.0000
vt 0.3183 0.0468 0.0000
vt 0.4750 0.1216 0.0000
vt 0.4743 0.1241 0.0000
vt 0.4646 0.1228 0.0000
vt 0.4649 0.1216 0.0000
vt 0.1505 0.0983 0.0000
vt 0.1505 0.0954 0.0000
vt 0.1620 0.0962 0.0000
vt 0.1620 0.0976 0.0000
vt 0.0819 0.0395 0.0000
vt 0.0812 0.0368 0.0000
vt 0.0920 0.0358 0.0000
vt 0.0923 0.0371 0.0000
vt 0.0361 0.0409 0.0000
vt 0.0372 0.0435 0.0000
vt 0.0262 0.0471 0.0000
vt 0.0257 0.0458 0.0000
vt 0.3410 0.1463 0.0000
vt 0.3385 0.1471 0.0000
vt 0.3388 0.1371 0.0000
vt 0.3400 0.1367 0.0000
vt 0.1427 0.1401 0.0000
vt 0.1418 0.1376 0.0000
vt 0.1519 0.1367 0.0000
vt 0.1523 0.1379 0.0000
vt 0.0863 0.3548 0.0000
vt 0.0886 0.3536 0.0000
vt 0.0893 0.3633 0.0000
vt 0.0882 0.3638 0.0000
vt 0.1190 0.2873 0.0000
vt 0.1165 0.2882 0.0000
vt 0.1165 0.2784 0.0000
vt 0.1177 0.2780 0.0000
vt 0.0358 0.1906 0.0000
vt 0.0330 0.1913 0.0000
vt 0.0313 0.1802 0.0000
vt 0.0326 0.1799 0.0000
vt 0.1861 0.0796 0.0000
vt 0.1855 0.0824 0.0000
vt 0.1746 0.0796 0.0000
vt 0.1749 0.0782 0.0000
vt 0.3456 0.1401 0.0000
vt 0.3456 0.1372 0.0000
vt 0.3575 0.1382 0.0000
vt 0.3575 0.1395 0.0000
vt 0.0801 0.3836 0.0000
vt 0.0772 0.3841 0.0000
vt 0.0758 0.3723 0.0000
vt 0.0772 0.3721 0.0000
vt 0.3580 0.1401 0.0000
vt 0.3580 0.1372 0.0000
vt 0.3699 0.1379 0.0000
vt 0.3699 0.1393 0.0000
vt 0.7955 0.2830 0.0000
vt 0.7963 0.2855 0.0000
vt 0.7878 0.2853 0.0000
vt 0.7875 0.2841 0.0000
vt 0.1477 0.5493 0.0000
vt 0.1468 0.5466 0.0000
vt 0.1555 0.5453 0.0000
vt 0.1560 0.5466 0.0000
vt 0.2845 0.4735 0.0000
vt 0.2830 0.4714 0.0000
vt 0.2909 0.4697 0.0000
vt 0.2916 0.4707 0.0000
vt 0.0973 0.5528 0.0000
vt 0.0963 0.5504 0.0000
vt 0.1051 0.5504 0.0000
vt 0.1055 0.5516 0.0000
vt 0.4352 0.1845 0.0000
vt 0.4343 0.1821 0.0000
vt 0.4435 0.1824 0.0000
vt 0.4439 0.1835 0.0000
vt 0.4243 0.1679 0.0000
vt 0.4267 0.1670 0.0000
vt 0.4271 0.1761 0.0000
vt 0.4259 0.1765 0.0000
vt 0.8127 0.3192 0.0000
vt 0.8151 0.3183 0.0000
vt 0.8151 0.3267 0.0000
vt 0.8140 0.3271 0.0000
vt 0.6292 0.1367 0.0000
vt 0.6301 0.1394 0.0000
vt 0.6214 0.1407 0.0000
vt 0.6210 0.1394 0.0000
vt 0.8351 0.0544 0.0000
vt 0.8372 0.0529 0.0000
vt 0.8390 0.0607 0.0000
vt 0.8379 0.0614 0.0000
vt 0.1720 0.4505 0.0000
vt 0.1744 0.4495 0.0000
vt 0.1751 0.4587 0.0000
vt 0.1740 0.4592 0.0000
vt 0.1394 0.5284 0.0000
vt 0.1369 0.5294 0.0000
vt 0.1367 0.5205 0.0000
vt 0.1379 0.5201 0.0000
vt 0.6009 0.0488 0.0000
vt 0.6008 0.0459 0.0000
vt 0.6113 0.0465 0.0000
vt 0.6113 0.0478 0.0000
vt 0.3618 0.2326 0.0000
vt 0.3632 0.2348 0.0000
vt 0.3543 0.2366 0.0000
vt 0.3536 0.2356 0.0000
vt 0.3671 0.3067 0.0000
vt 0.3645 0.3076 0.0000
vt 0.3637 0.2985 0.0000
vt 0.3650 0.2981 0.0000
vt 0.2890 0.5225 0.0000
vt 0.2880 0.5201 0.0000
vt 0.2968 0.5201 0.0000
vt 0.2972 0.5213 0.0000
vt 0.1951 0.5595 0.0000
vt 0.1922 0.5595 0.0000
vt 0.1928 0.5504 0.0000
vt 0.1942 0.5504 0.0000
vt 0.3238 0.4930 0.0000
vt 0.3234 0.4902 0.0000
vt 0.3324 0.4898 0.0000
vt 0.3326 0.4912 0.0000
vt 0.7219 0.1144 0.0000
vt 0.7219 0.1115 0.0000
vt 0.7310 0.1123 0.0000
vt 0.7310 0.1136 0.0000
vt 0.7875 0.0308 0.0000
vt 0.7904 0.0308 0.0000
vt 0.7894 0.0414 0.0000
vt 0.7881 0.0414 0.0000
vt 0.7275 0.0490 0.0000
vt 0.7269 0.0462 0.0000
vt 0.7371 0.0459 0.0000
vt 0.7374 0.0472 0.0000
vt 0.2135 0.7262 0.0000
vt 0.2124 0.7236 0.0000
vt 0.2200 0.7219 0.0000
vt 0.2206 0.7231 0.0000
vt 0.3486 0.2175 0.0000
vt 0.3515 0.2174 0.0000
vt 0.3508 0.2269 0.0000
vt 0.3495 0.2270 0.0000
vt 0.1809 0.4636 0.0000
vt 0.1781 0.4642 0.0000
vt 0.1771 0.4548 0.0000
vt 0.1784 0.4545 0.0000
vt 0.4192 0.1670 0.0000
vt 0.4221 0.1670 0.0000
vt 0.4215 0.1765 0.0000
vt 0.4201 0.1765 0.0000
vt 0.1648 0.4490 0.0000
vt 0.1619 0.4491 0.0000
vt 0.1626 0.4394 0.0000
vt 0.1639 0.4394 0.0000
vt 0.4192 0.1474 0.0000
vt 0.4219 0.1468 0.0000
vt 0.4225 0.1561 0.0000
vt 0.4212 0.1564 0.0000
vt 0.1596 0.2928 0.0000
vt 0.1569 0.2918 0.0000
vt 0.1610 0.2830 0.0000
vt 0.1623 0.2835 0.0000
vt 0.3720 0.2871 0.0000
vt 0.3692 0.2874 0.0000
vt 0.3688 0.2781 0.0000
vt 0.3701 0.2780 0.0000
vt 0.6520 0.2805 0.0000
vt 0.6513 0.2780 0.0000
vt 0.6598 0.2781 0.0000
vt 0.6601 0.2793 0.0000
vt 0.0873 0.5688 0.0000
vt 0.0863 0.5662 0.0000
vt 0.0940 0.5655 0.0000
vt 0.0944 0.5667 0.0000
vt 0.7850 0.4430 0.0000
vt 0.7824 0.4426 0.0000
vt 0.7867 0.4343 0.0000
vt 0.7880 0.4345 0.0000
vt 0.1059 0.2477 0.0000
vt 0.1066 0.2504 0.0000
vt 0.0967 0.2513 0.0000
vt 0.0963 0.2500 0.0000
vt 0.4652 0.0610 0.0000
vt 0.4652 0.0639 0.0000
vt 0.4545 0.0630 0.0000
vt 0.4545 0.0617 0.0000
vt 0.3628 0.1036 0.0000
vt 0.3635 0.1064 0.0000
vt 0.3520 0.1085 0.0000
vt 0.3517 0.1072 0.0000
vt 0.0938 0.2622 0.0000
vt 0.0913 0.2630 0.0000
vt 0.0914 0.2531 0.0000
vt 0.0926 0.2527 0.0000
vt 0.4593 0.0409 0.0000
vt 0.4602 0.0432 0.0000
vt 0.4499 0.0430 0.0000
vt 0.4495 0.0419 0.0000
vt 0.1522 0.0477 0.0000
vt 0.1521 0.0506 0.0000
vt 0.1409 0.0498 0.0000
vt 0.1409 0.0484 0.0000
vt 0.1440 0.0307 0.0000
vt 0.1434 0.0279 0.0000
vt 0.1542 0.0273 0.0000
vt 0.1545 0.0286 0.0000
vt 0.2578 0.5666 0.0000
vt 0.2604 0.5655 0.0000
vt 0.2622 0.5734 0.0000
vt 0.2610 0.5739 0.0000
vt 0.1741 0.0795 0.0000
vt 0.1741 0.0824 0.0000
vt 0.1627 0.0814 0.0000
vt 0.1627 0.0801 0.0000
vt 0.1532 0.0510 0.0000
vt 0.1527 0.0483 0.0000
vt 0.1636 0.0477 0.0000
vt 0.1639 0.0490 0.0000
vt 0.7835 0.4488 0.0000
vt 0.7824 0.4462 0.0000
vt 0.7905 0.4444 0.0000
vt 0.7910 0.4457 0.0000
# 4253 texture coords

o RoomPlant_A
g RoomPlant_A
usemtl Material__813
s 1
f 1/1/1 2/2/2 3/3/3 1/1/4 
s 2
f 2/4/2 4/5/5 5/6/6 3/7/3 
s 1
f 4/8/5 6/9/7 7/10/8 5/11/6 
s 2
f 6/12/7 8/13/9 9/14/10 7/15/8 
f 8/13/9 10/16/11 11/17/12 9/14/10 
s 1
f 10/18/11 12/19/13 13/20/14 11/21/12 
f 12/22/13 14/23/15 15/24/16 13/25/14 
f 14/23/15 16/26/17 17/27/18 15/24/16 
f 16/26/17 18/28/19 19/29/20 17/27/18 
f 18/28/19 20/30/21 21/31/22 19/29/20 
f 20/30/21 22/32/23 23/33/24 21/31/22 
f 22/32/23 24/34/25 25/35/26 23/33/24 
s 2
f 24/36/25 26/37/27 25/38/26 
s 1
f 1/1/4 3/3/3 27/39/28 1/1/29 
s 2
f 3/7/3 5/6/6 28/40/30 27/41/28 
s 1
f 5/11/6 7/10/8 29/42/31 28/43/30 
s 2
f 7/44/8 9/45/10 30/46/32 29/47/31 
f 9/14/10 11/17/12 31/48/33 30/49/32 
s 1
f 11/21/12 13/20/14 32/50/34 31/51/33 
f 13/25/14 15/24/16 33/52/35 32/53/34 
f 15/24/16 17/27/18 34/54/36 33/52/35 
f 17/27/18 19/29/20 35/55/37 34/54/36 
f 19/29/20 21/31/22 36/56/38 35/55/37 
f 21/31/22 23/33/24 37/57/39 36/56/38 
f 23/33/24 25/35/26 38/58/40 37/57/39 
s 2
f 25/38/26 26/37/27 38/59/40 
s 1
f 1/1/29 27/39/28 39/60/41 1/1/1 
s 2
f 27/61/28 28/62/30 40/63/42 39/64/41 
s 1
f 28/43/30 29/42/31 41/65/43 40/66/42 
s 2
f 29/47/31 30/46/32 42/67/44 41/68/43 
f 30/69/32 31/70/33 43/71/45 42/72/44 
s 1
f 31/51/33 32/50/34 44/73/46 43/74/45 
f 32/75/34 33/76/35 45/77/47 44/78/46 
f 33/76/35 34/79/36 46/80/48 45/77/47 
f 34/79/36 35/81/37 47/82/49 46/80/48 
f 35/81/37 36/83/38 48/84/50 47/82/49 
f 36/83/38 37/85/39 49/86/51 48/84/50 
f 37/85/39 38/87/40 50/88/52 49/86/51 
s 2
f 38/59/40 26/37/27 50/89/52 
s 1
f 1/1/1 39/60/41 51/90/53 
s 2
f 39/64/41 40/63/42 52/91/54 51/92/53 
s 1
f 40/66/42 41/65/43 53/93/55 52/94/54 
s 2
f 41/95/43 42/72/44 54/96/56 53/97/55 
f 42/72/44 43/71/45 55/98/57 54/96/56 
s 1
f 43/74/45 44/73/46 56/99/58 55/100/57 
f 44/78/46 45/77/47 57/101/59 56/102/58 
f 45/77/47 46/80/48 58/103/60 57/101/59 
f 46/80/48 47/82/49 59/104/61 58/103/60 
f 47/82/49 48/84/50 60/105/62 59/104/61 
f 48/84/50 49/86/51 61/106/63 60/105/62 
f 49/86/51 50/88/52 62/107/64 61/106/63 
s 2
f 50/89/52 26/37/27 62/108/64 
s 1
f 1/1/1 51/90/53 63/109/65 
s 2
f 51/92/53 52/91/54 64/110/66 63/111/65 
s 1
f 52/94/54 53/93/55 65/112/67 64/113/66 
s 2
f 53/97/55 54/96/56 66/114/68 65/115/67 
f 54/96/56 55/98/57 67/116/69 66/114/68 
s 1
f 55/100/57 56/99/58 68/117/70 67/118/69 
f 56/102/58 57/101/59 69/119/71 68/120/70 
f 57/101/59 58/103/60 70/121/72 69/119/71 
f 58/103/60 59/104/61 71/122/73 70/121/72 
f 59/104/61 60/105/62 72/123/74 71/122/73 
f 60/105/62 61/106/63 73/124/75 72/123/74 
f 61/106/63 62/107/64 74/125/76 73/124/75 
s 2
f 62/108/64 26/37/27 74/126/76 
s 1
f 1/1/1 63/109/65 75/127/77 
s 2
f 63/111/65 64/110/66 76/128/78 75/129/77 
s 1
f 64/113/66 65/112/67 77/130/79 76/131/78 
s 2
f 65/132/67 66/133/68 78/134/80 77/135/79 
f 66/114/68 67/116/69 79/136/81 78/137/80 
s 1
f 67/118/69 68/117/70 80/138/82 79/139/81 
f 68/120/70 69/119/71 81/140/83 80/141/82 
f 69/119/71 70/121/72 82/142/84 81/140/83 
f 70/121/72 71/122/73 83/143/85 82/142/84 
f 71/122/73 72/123/74 84/144/86 83/143/85 
f 72/123/74 73/124/75 85/145/87 84/144/86 
f 73/124/75 74/125/76 86/146/88 85/145/87 
s 2
f 74/126/76 26/37/27 26/37/89 86/147/88 
s 1
f 1/1/1 75/127/77 87/148/90 
s 2
f 75/149/77 76/150/78 88/151/91 87/152/90 
s 1
f 76/131/78 77/130/79 89/153/92 88/154/91 
s 2
f 77/135/79 78/134/80 90/155/93 89/156/92 
f 78/157/80 79/158/81 91/159/94 90/160/93 
s 1
f 79/139/81 80/138/82 92/161/95 91/162/94 
f 80/163/82 81/164/83 93/165/96 92/166/95 
f 81/164/83 82/167/84 94/168/97 93/165/96 
f 82/167/84 83/169/85 95/170/98 94/168/97 
f 83/169/85 84/171/86 96/172/99 95/170/98 
f 84/171/86 85/173/87 97/174/100 96/172/99 
f 85/173/87 86/175/88 98/176/101 97/174/100 
s 2
f 86/147/88 26/37/89 26/37/89 98/177/101 
s 1
f 1/1/1 87/148/90 99/178/102 1/1/29 
s 2
f 87/152/90 88/151/91 100/179/103 99/180/102 
s 1
f 88/154/91 89/153/92 101/181/104 100/182/103 
s 2
f 89/183/92 90/160/93 102/184/105 101/185/104 
f 90/160/93 91/159/94 103/186/106 102/184/105 
s 1
f 91/162/94 92/161/95 104/187/107 103/188/106 
f 92/166/95 93/165/96 105/189/108 104/190/107 
f 93/165/96 94/168/97 106/191/109 105/189/108 
f 94/168/97 95/170/98 107/192/110 106/191/109 
f 95/170/98 96/172/99 108/193/111 107/192/110 
f 96/172/99 97/174/100 109/194/112 108/193/111 
f 97/174/100 98/176/101 110/195/113 109/194/112 
s 2
f 98/177/101 26/37/89 26/37/27 110/196/113 
s 1
f 1/1/29 99/178/102 111/197/114 1/1/4 
s 2
f 99/180/102 100/179/103 112/198/115 111/199/114 
s 1
f 100/182/103 101/181/104 113/200/116 112/201/115 
s 2
f 101/185/104 102/184/105 114/202/117 113/203/116 
f 102/184/105 103/186/106 115/204/118 114/202/117 
s 1
f 103/188/106 104/187/107 116/205/119 115/206/118 
f 104/190/107 105/189/108 117/207/120 116/208/119 
f 105/189/108 106/191/109 118/209/121 117/207/120 
f 106/191/109 107/192/110 119/210/122 118/209/121 
f 107/192/110 108/193/111 120/211/123 119/210/122 
f 108/193/111 109/194/112 121/212/124 120/211/123 
f 109/194/112 110/195/113 122/213/125 121/212/124 
s 2
f 110/196/113 26/37/27 26/37/89 122/214/125 
s 1
f 1/1/4 111/197/114 123/215/126 1/1/1 
s 2
f 111/199/114 112/198/115 124/216/127 123/217/126 
s 1
f 112/201/115 113/200/116 125/218/128 124/219/127 
s 2
f 113/220/116 114/221/117 126/222/129 125/223/128 
f 114/202/117 115/204/118 127/224/130 126/225/129 
s 1
f 115/206/118 116/205/119 128/226/131 127/227/130 
f 116/208/119 117/207/120 129/228/132 128/229/131 
f 117/207/120 118/209/121 130/230/133 129/228/132 
f 118/209/121 119/210/122 131/231/134 130/230/133 
f 119/210/122 120/211/123 132/232/135 131/231/134 
f 120/211/123 121/212/124 133/233/136 132/232/135 
f 121/212/124 122/213/125 134/234/137 133/233/136 
s 2
f 122/214/125 26/37/89 26/37/89 134/235/137 
s 1
f 1/1/1 123/215/126 135/236/138 
s 2
f 123/237/126 124/238/127 136/239/139 135/240/138 
s 1
f 124/219/127 125/218/128 137/241/140 136/242/139 
s 2
f 125/223/128 126/222/129 138/243/141 137/244/140 
f 126/245/129 127/246/130 139/247/142 138/248/141 
s 1
f 127/227/130 128/226/131 140/249/143 139/250/142 
f 128/251/131 129/252/132 141/253/144 140/254/143 
f 129/252/132 130/255/133 142/256/145 141/253/144 
f 130/255/133 131/257/134 143/258/146 142/256/145 
f 131/257/134 132/259/135 144/260/147 143/258/146 
f 132/259/135 133/261/136 145/262/148 144/260/147 
f 133/261/136 134/263/137 146/264/149 145/262/148 
s 2
f 134/235/137 26/37/89 26/37/27 146/265/149 
s 1
f 1/1/1 135/236/138 147/266/150 
s 2
f 135/240/138 136/239/139 148/267/151 147/268/150 
s 1
f 136/242/139 137/241/140 149/269/152 148/270/151 
s 2
f 137/271/140 138/248/141 150/272/153 149/273/152 
f 138/248/141 139/247/142 151/274/154 150/272/153 
s 1
f 139/250/142 140/249/143 152/275/155 151/276/154 
f 140/254/143 141/253/144 153/277/156 152/278/155 
f 141/253/144 142/256/145 154/279/157 153/277/156 
f 142/256/145 143/258/146 155/280/158 154/279/157 
f 143/258/146 144/260/147 156/281/159 155/280/158 
f 144/260/147 145/262/148 157/282/160 156/281/159 
f 145/262/148 146/264/149 158/283/161 157/282/160 
s 2
f 146/265/149 26/37/27 158/284/161 
s 1
f 1/1/1 147/266/150 159/285/162 
s 2
f 147/268/150 148/267/151 160/286/163 159/287/162 
s 1
f 148/270/151 149/269/152 161/288/164 160/289/163 
s 2
f 149/273/152 150/272/153 162/290/165 161/291/164 
f 150/272/153 151/274/154 163/292/166 162/290/165 
s 1
f 151/276/154 152/275/155 164/293/167 163/294/166 
f 152/278/155 153/277/156 165/295/168 164/296/167 
f 153/277/156 154/279/157 166/297/169 165/295/168 
f 154/279/157 155/280/158 167/298/170 166/297/169 
f 155/280/158 156/281/159 168/299/171 167/298/170 
f 156/281/159 157/282/160 169/300/172 168/299/171 
f 157/282/160 158/283/161 170/301/173 169/300/172 
s 2
f 158/284/161 26/37/27 170/302/173 
s 1
f 1/1/1 159/285/162 171/303/174 
s 2
f 159/287/162 160/286/163 172/304/175 171/305/174 
s 1
f 160/289/163 161/288/164 173/306/176 172/307/175 
s 2
f 161/308/164 162/309/165 174/310/177 173/311/176 
f 162/290/165 163/292/166 175/312/178 174/313/177 
s 1
f 163/294/166 164/293/167 176/314/179 175/315/178 
f 164/296/167 165/295/168 177/316/180 176/317/179 
f 165/295/168 166/297/169 178/318/181 177/316/180 
f 166/297/169 167/298/170 179/319/182 178/318/181 
f 167/298/170 168/299/171 180/320/183 179/319/182 
f 168/299/171 169/300/172 181/321/184 180/320/183 
f 169/300/172 170/301/173 182/322/185 181/321/184 
s 2
f 170/302/173 26/37/27 182/323/185 
s 1
f 1/1/1 171/303/174 183/324/186 
s 2
f 171/325/174 172/326/175 184/327/187 183/328/186 
s 1
f 172/307/175 173/306/176 185/329/188 184/330/187 
s 2
f 173/311/176 174/310/177 186/331/189 185/332/188 
f 174/333/177 175/334/178 187/335/190 186/336/189 
s 1
f 175/315/178 176/314/179 188/337/191 187/338/190 
f 176/339/179 177/340/180 189/341/192 188/342/191 
f 177/340/180 178/343/181 190/344/193 189/341/192 
f 178/343/181 179/345/182 191/346/194 190/344/193 
f 179/345/182 180/347/183 192/348/195 191/346/194 
f 180/347/183 181/349/184 193/350/196 192/348/195 
f 181/349/184 182/351/185 194/352/197 193/350/196 
s 2
f 182/323/185 26/37/27 194/353/197 
s 1
f 1/1/1 183/324/186 2/2/2 
s 2
f 183/328/186 184/327/187 4/5/5 2/4/2 
s 1
f 184/330/187 185/329/188 6/9/7 4/8/5 
s 2
f 185/354/188 186/336/189 8/13/9 6/12/7 
f 186/336/189 187/335/190 10/16/11 8/13/9 
s 1
f 187/338/190 188/337/191 12/19/13 10/18/11 
f 188/342/191 189/341/192 14/23/15 12/22/13 
f 189/341/192 190/344/193 16/26/17 14/23/15 
f 190/344/193 191/346/194 18/28/19 16/26/17 
f 191/346/194 192/348/195 20/30/21 18/28/19 
f 192/348/195 193/350/196 22/32/23 20/30/21 
f 193/350/196 194/352/197 24/34/25 22/32/23 
s 2
f 194/353/197 26/37/27 24/36/25 
s 1
f 195/355/198 196/356/199 197/357/200 198/358/201 
s 2
f 195/355/198 199/359/202 200/360/203 196/356/199 
s 1
f 196/356/199 201/361/204 202/362/205 197/357/200 
s 2
f 196/356/199 200/360/203 203/363/206 201/361/204 
s 1
f 204/364/207 205/365/208 206/366/209 207/367/210 
s 2
f 204/364/207 208/368/211 209/369/212 205/365/208 
s 1
f 205/365/208 210/370/213 211/371/214 206/366/209 
s 2
f 205/365/208 209/369/212 212/372/215 210/370/213 
s 1
f 213/364/216 214/373/217 215/374/218 216/367/219 
s 2
f 213/364/216 217/368/220 218/375/221 214/373/217 
s 1
f 214/373/217 219/370/222 220/371/223 215/374/218 
s 2
f 214/373/217 218/375/221 221/372/224 219/370/222 
s 1
f 222/364/225 223/376/226 224/377/227 225/367/228 
s 2
f 222/364/225 226/368/229 227/378/230 223/376/226 
s 1
f 223/376/226 228/370/231 229/371/232 224/377/227 
s 2
f 223/376/226 227/378/230 230/372/233 228/370/231 
s 1
f 231/364/234 232/379/235 233/380/236 234/367/237 
s 2
f 231/364/234 235/368/238 236/381/239 232/379/235 
s 1
f 232/379/235 237/370/240 238/371/241 233/380/236 
s 2
f 232/379/235 236/381/239 239/372/242 237/370/240 
s 1
f 240/364/243 241/382/244 242/383/245 243/367/246 
s 2
f 240/364/243 244/368/247 245/384/248 241/382/244 
s 1
f 241/382/244 246/370/249 247/371/250 242/383/245 
s 2
f 241/382/244 245/384/248 248/372/251 246/370/249 
s 1
f 249/364/252 250/385/253 251/386/254 252/367/255 
s 2
f 249/364/252 253/368/256 254/387/257 250/385/253 
s 1
f 250/385/253 255/370/258 256/371/259 251/386/254 
s 2
f 250/385/253 254/387/257 257/372/260 255/370/258 
s 1
f 258/364/261 259/388/262 260/389/263 261/367/264 
s 2
f 258/364/261 262/368/265 263/390/266 259/388/262 
s 1
f 259/388/262 264/370/267 265/371/268 260/389/263 
s 2
f 259/388/262 263/390/266 266/372/269 264/370/267 
s 1
f 267/364/270 268/391/271 269/392/272 270/367/273 
s 2
f 267/364/270 271/368/274 272/393/275 268/391/271 
s 1
f 268/391/271 273/370/276 274/371/277 269/392/272 
s 2
f 268/391/271 272/393/275 275/372/278 273/370/276 
s 1
f 276/364/279 277/394/280 278/395/281 279/367/282 
s 2
f 276/364/279 280/368/283 281/396/284 277/394/280 
s 1
f 277/394/280 282/397/285 283/398/286 278/395/281 
s 2
f 277/394/280 281/396/284 284/399/287 282/397/285 
s 1
f 282/397/285 285/370/288 286/371/289 283/398/286 
s 2
f 282/397/285 284/399/287 287/372/290 285/370/288 
s 1
f 288/364/291 289/400/292 290/401/293 291/367/294 
s 2
f 288/364/291 292/368/295 293/402/296 289/400/292 
s 1
f 289/400/292 294/403/297 295/404/298 290/401/293 
s 2
f 289/400/292 293/402/296 296/405/299 294/403/297 
s 1
f 294/403/297 297/370/300 298/371/301 295/404/298 
s 2
f 294/403/297 296/405/299 299/372/302 297/370/300 
s 1
f 300/364/303 301/406/304 302/407/305 303/367/306 
s 2
f 300/364/303 304/368/307 305/408/308 301/406/304 
s 1
f 301/406/304 306/370/309 307/371/310 302/407/305 
s 2
f 301/406/304 305/408/308 308/372/311 306/370/309 
s 1
f 309/364/312 310/409/313 311/410/314 312/367/315 
s 2
f 309/364/312 313/368/316 314/411/317 310/409/313 
s 1
f 310/409/313 315/370/318 316/371/319 311/410/314 
s 2
f 310/409/313 314/411/317 317/372/320 315/370/318 
s 1
f 318/364/321 319/376/322 320/377/323 321/367/324 
s 2
f 318/364/321 322/368/325 323/378/326 319/376/322 
s 1
f 319/376/322 324/370/327 325/371/328 320/377/323 
s 2
f 319/376/322 323/378/326 326/372/329 324/370/327 
s 1
f 327/364/330 328/412/331 329/413/332 330/367/333 
s 2
f 327/364/330 331/368/334 332/414/335 328/412/331 
s 1
f 328/412/331 333/370/336 334/371/337 329/413/332 
s 2
f 328/412/331 332/414/335 335/372/338 333/370/336 
s 1
f 336/364/339 337/415/340 338/416/341 339/367/342 
s 2
f 336/364/339 340/368/343 341/417/344 337/415/340 
s 1
f 337/415/340 342/370/345 343/371/346 338/416/341 
s 2
f 337/415/340 341/417/344 344/372/347 342/370/345 
s 1
f 345/364/348 346/391/349 347/392/350 348/367/351 
s 2
f 345/364/348 349/368/352 350/393/353 346/391/349 
s 1
f 346/391/349 351/370/354 352/371/355 347/392/350 
s 2
f 346/391/349 350/393/353 353/372/356 351/370/354 
s 1
f 354/364/357 355/418/358 356/419/359 357/367/360 
s 2
f 354/364/357 358/368/361 359/420/362 355/418/358 
s 1
f 355/418/358 360/370/363 361/371/364 356/419/359 
s 2
f 355/418/358 359/420/362 362/372/365 360/370/363 
s 1
f 363/364/366 364/406/367 365/407/368 366/367/369 
s 2
f 363/364/366 367/368/370 368/408/371 364/406/367 
s 1
f 364/406/367 369/370/372 370/371/373 365/407/368 
s 2
f 364/406/367 368/408/371 371/372/374 369/370/372 
s 1
f 372/364/375 373/421/376 374/422/377 375/367/378 
s 2
f 372/364/375 376/368/379 377/423/380 373/421/376 
s 1
f 373/421/376 378/370/381 379/371/382 374/422/377 
s 2
f 373/421/376 377/423/380 380/372/383 378/370/381 
s 1
f 381/364/384 382/424/385 383/425/386 384/367/387 
s 2
f 381/364/384 385/368/388 386/426/389 382/424/385 
s 1
f 382/424/385 387/370/390 388/371/391 383/425/386 
s 2
f 382/424/385 386/426/389 389/372/392 387/370/390 
s 1
f 390/364/393 391/427/394 392/428/395 393/367/396 
s 2
f 390/364/393 394/368/397 395/429/398 391/427/394 
s 1
f 391/427/394 396/370/399 397/371/400 392/428/395 
s 2
f 391/427/394 395/429/398 398/372/401 396/370/399 
s 1
f 399/364/402 400/430/403 401/431/404 402/367/405 
s 2
f 399/364/402 403/368/406 404/432/407 400/430/403 
s 1
f 400/430/403 405/370/408 406/371/409 401/431/404 
s 2
f 400/430/403 404/432/407 407/372/410 405/370/408 
s 1
f 408/364/411 409/433/412 410/434/413 411/367/414 
s 2
f 408/364/411 412/368/415 413/435/416 409/433/412 
s 1
f 409/433/412 414/370/417 415/371/418 410/434/413 
s 2
f 409/433/412 413/435/416 416/372/419 414/370/417 
s 1
f 417/364/420 418/436/421 419/437/422 420/367/423 
s 2
f 417/364/420 421/368/424 422/438/425 418/436/421 
s 1
f 418/436/421 423/370/426 424/371/427 419/437/422 
s 2
f 418/436/421 422/438/425 425/372/428 423/370/426 
s 1
f 426/364/429 427/418/430 428/419/431 429/367/432 
s 2
f 426/364/429 430/368/433 431/420/434 427/418/430 
s 1
f 427/418/430 432/370/435 433/371/436 428/419/431 
s 2
f 427/418/430 431/420/434 434/372/437 432/370/435 
s 1
f 435/364/438 436/439/439 437/440/440 438/367/441 
s 2
f 435/364/438 439/368/442 440/441/443 436/439/439 
s 1
f 436/439/439 441/370/444 442/371/445 437/440/440 
s 2
f 436/439/439 440/441/443 443/372/446 441/370/444 
s 1
f 444/364/447 445/442/448 446/443/449 447/367/450 
s 2
f 444/364/447 448/368/451 449/444/452 445/442/448 
s 1
f 445/442/448 450/445/453 451/446/454 446/443/449 
s 2
f 445/442/448 449/444/452 452/447/455 450/445/453 
s 1
f 450/445/453 453/370/456 454/371/457 451/446/454 
s 2
f 450/445/453 452/447/455 455/372/458 453/370/456 
s 1
f 456/364/459 457/448/460 458/449/461 459/367/462 
s 2
f 456/364/459 460/368/463 461/450/464 457/448/460 
s 1
f 457/448/460 462/370/465 463/371/466 458/449/461 
s 2
f 457/448/460 461/450/464 464/372/467 462/370/465 
s 1
f 465/364/468 466/451/469 467/452/470 468/367/471 
s 2
f 465/364/468 469/368/472 470/453/473 466/451/469 
s 1
f 466/451/469 471/454/474 472/455/475 467/452/470 
s 2
f 466/451/469 470/453/473 473/456/476 471/454/474 
s 1
f 471/454/474 474/370/477 475/371/478 472/455/475 
s 2
f 471/454/474 473/456/476 476/372/479 474/370/477 
s 1
f 477/364/480 478/457/481 479/458/482 480/367/483 
s 2
f 477/364/480 481/368/484 482/459/485 478/457/481 
s 1
f 478/457/481 483/370/486 484/371/487 479/458/482 
s 2
f 478/457/481 482/459/485 485/372/488 483/370/486 
s 1
f 486/364/489 487/460/490 488/461/491 489/367/492 
s 2
f 486/364/489 490/368/493 491/462/494 487/460/490 
s 1
f 487/460/490 492/463/495 493/464/496 488/461/491 
s 2
f 487/460/490 491/462/494 494/465/497 492/463/495 
s 1
f 492/463/495 495/370/498 496/371/499 493/464/496 
s 2
f 492/463/495 494/465/497 497/372/500 495/370/498 
s 1
f 498/364/501 499/466/502 500/467/503 501/367/504 
s 2
f 498/364/501 502/368/505 503/468/506 499/466/502 
s 1
f 499/466/502 504/370/507 505/371/508 500/467/503 
s 2
f 499/466/502 503/468/506 506/372/509 504/370/507 
s 1
f 507/364/510 508/439/511 509/440/512 510/367/513 
s 2
f 507/364/510 511/368/514 512/441/515 508/439/511 
s 1
f 508/439/511 513/370/516 514/371/517 509/440/512 
s 2
f 508/439/511 512/441/515 515/372/518 513/370/516 
s 1
f 516/364/519 517/469/520 518/470/521 519/367/522 
s 2
f 516/364/519 520/368/523 521/471/524 517/469/520 
s 1
f 517/469/520 522/370/525 523/371/526 518/470/521 
s 2
f 517/469/520 521/471/524 524/372/527 522/370/525 
s 1
f 525/364/528 526/472/529 527/473/530 528/367/531 
s 2
f 525/364/528 529/368/532 530/474/533 526/472/529 
s 1
f 526/472/529 531/370/534 532/371/535 527/473/530 
s 2
f 526/472/529 530/474/533 533/372/536 531/370/534 
s 1
f 534/364/537 535/475/538 536/476/539 537/367/540 
s 2
f 534/364/537 538/368/541 539/477/542 535/475/538 
s 1
f 535/475/538 540/478/543 541/479/544 536/476/539 
s 2
f 535/475/538 539/477/542 542/480/545 540/478/543 
s 1
f 540/478/543 543/370/546 544/371/547 541/479/544 
s 2
f 540/478/543 542/480/545 545/372/548 543/370/546 
s 1
f 546/364/549 547/481/550 548/482/551 549/367/552 
s 2
f 546/364/549 550/368/553 551/483/554 547/481/550 
s 1
f 547/481/550 552/370/555 553/371/556 548/482/551 
s 2
f 547/481/550 551/483/554 554/372/557 552/370/555 
s 1
f 555/364/558 556/484/559 557/485/560 558/367/561 
s 2
f 555/364/558 559/368/562 560/486/563 556/484/559 
s 1
f 556/484/559 561/370/564 562/371/565 557/485/560 
s 2
f 556/484/559 560/486/563 563/372/566 561/370/564 
s 1
f 564/364/567 565/430/568 566/431/569 567/367/570 
s 2
f 564/364/567 568/368/571 569/432/572 565/430/568 
s 1
f 565/430/568 570/370/573 571/371/574 566/431/569 
s 2
f 565/430/568 569/432/572 572/372/575 570/370/573 
s 1
f 573/364/576 574/487/577 575/488/578 576/367/579 
s 2
f 573/364/576 577/368/580 578/489/581 574/487/577 
s 1
f 574/487/577 579/370/582 580/371/583 575/488/578 
s 2
f 574/487/577 578/489/581 581/372/584 579/370/582 
s 1
f 582/364/585 583/469/586 584/470/587 585/367/588 
s 2
f 582/364/585 586/368/589 587/471/590 583/469/586 
s 1
f 583/469/586 588/370/591 589/371/592 584/470/587 
s 2
f 583/469/586 587/471/590 590/372/593 588/370/591 
s 1
f 591/364/594 592/373/595 593/374/596 594/367/597 
s 2
f 591/364/594 595/368/598 596/375/599 592/373/595 
s 1
f 592/373/595 597/370/600 598/371/601 593/374/596 
s 2
f 592/373/595 596/375/599 599/372/602 597/370/600 
s 1
f 600/364/603 601/376/604 602/377/605 603/367/606 
s 2
f 600/364/603 604/368/607 605/378/608 601/376/604 
s 1
f 601/376/604 606/370/609 607/371/610 602/377/605 
s 2
f 601/376/604 605/378/608 608/372/611 606/370/609 
s 1
f 609/364/612 610/490/613 611/491/614 612/367/615 
s 2
f 609/364/612 613/368/616 614/492/617 610/490/613 
s 1
f 610/490/613 615/370/618 616/371/619 611/491/614 
s 2
f 610/490/613 614/492/617 617/372/620 615/370/618 
s 1
f 618/364/621 619/493/622 620/494/623 621/367/624 
s 2
f 618/364/621 622/368/625 623/495/626 619/493/622 
s 1
f 619/493/622 624/370/627 625/371/628 620/494/623 
s 2
f 619/493/622 623/495/626 626/372/629 624/370/627 
s 1
f 627/364/630 628/409/631 629/410/632 630/367/633 
s 2
f 627/364/630 631/368/634 632/411/635 628/409/631 
s 1
f 628/409/631 633/370/636 634/371/637 629/410/632 
s 2
f 628/409/631 632/411/635 635/372/638 633/370/636 
s 1
f 636/364/639 637/436/640 638/437/641 639/367/642 
s 2
f 636/364/639 640/368/643 641/438/644 637/436/640 
s 1
f 637/436/640 642/370/645 643/371/646 638/437/641 
s 2
f 637/436/640 641/438/644 644/372/647 642/370/645 
s 1
f 645/364/648 646/496/649 647/497/650 648/367/651 
s 2
f 645/364/648 649/368/652 650/498/653 646/496/649 
s 1
f 646/496/649 651/478/654 652/479/655 647/497/650 
s 2
f 646/496/649 650/498/653 653/480/656 651/478/654 
s 1
f 651/478/654 654/370/657 655/371/658 652/479/655 
s 2
f 651/478/654 653/480/656 656/372/659 654/370/657 
s 1
f 657/364/660 658/373/661 659/374/662 660/367/663 
s 2
f 657/364/660 661/368/664 662/375/665 658/373/661 
s 1
f 658/373/661 663/370/666 664/371/667 659/374/662 
s 2
f 658/373/661 662/375/665 665/372/668 663/370/666 
s 1
f 666/364/669 667/412/670 668/413/671 669/367/672 
s 2
f 666/364/669 670/368/673 671/414/674 667/412/670 
s 1
f 667/412/670 672/370/675 673/371/676 668/413/671 
s 2
f 667/412/670 671/414/674 674/372/677 672/370/675 
s 1
f 675/364/678 676/451/679 677/452/680 678/367/681 
s 2
f 675/364/678 679/368/682 680/453/683 676/451/679 
s 1
f 676/451/679 681/454/684 682/455/685 677/452/680 
s 2
f 676/451/679 680/453/683 683/456/686 681/454/684 
s 1
f 681/454/684 684/370/687 685/371/688 682/455/685 
s 2
f 681/454/684 683/456/686 686/372/689 684/370/687 
s 1
f 687/364/690 688/475/691 689/476/692 690/367/693 
s 2
f 687/364/690 691/368/694 692/477/695 688/475/691 
s 1
f 688/475/691 693/478/696 694/479/697 689/476/692 
s 2
f 688/475/691 692/477/695 695/480/698 693/478/696 
s 1
f 693/478/696 696/370/699 697/371/700 694/479/697 
s 2
f 693/478/696 695/480/698 698/372/701 696/370/699 
s 1
f 699/364/702 700/499/703 701/500/704 702/367/705 
s 2
f 699/364/702 703/368/706 704/501/707 700/499/703 
s 1
f 700/499/703 705/370/708 706/371/709 701/500/704 
s 2
f 700/499/703 704/501/707 707/372/710 705/370/708 
s 1
f 708/364/711 709/502/712 710/503/713 711/367/714 
s 2
f 708/364/711 712/368/715 713/504/716 709/502/712 
s 1
f 709/502/712 714/370/717 715/371/718 710/503/713 
s 2
f 709/502/712 713/504/716 716/372/719 714/370/717 
s 1
f 717/364/720 718/505/721 719/506/722 720/367/723 
s 2
f 717/364/720 721/368/724 722/507/725 718/505/721 
s 1
f 718/505/721 723/370/726 724/371/727 719/506/722 
s 2
f 718/505/721 722/507/725 725/372/728 723/370/726 
s 1
f 726/364/729 727/409/730 728/410/731 729/367/732 
s 2
f 726/364/729 730/368/733 731/411/734 727/409/730 
s 1
f 727/409/730 732/370/735 733/371/736 728/410/731 
s 2
f 727/409/730 731/411/734 734/372/737 732/370/735 
s 1
f 735/364/738 736/412/739 737/413/740 738/367/741 
s 2
f 735/364/738 739/368/742 740/414/743 736/412/739 
s 1
f 736/412/739 741/370/744 742/371/745 737/413/740 
s 2
f 736/412/739 740/414/743 743/372/746 741/370/744 
s 1
f 744/364/747 745/508/748 746/509/749 747/367/750 
s 2
f 744/364/747 748/368/751 749/510/752 745/508/748 
s 1
f 745/508/748 750/370/753 751/371/754 746/509/749 
s 2
f 745/508/748 749/510/752 752/372/755 750/370/753 
s 1
f 753/364/756 754/394/757 755/395/758 756/367/759 
s 2
f 753/364/756 757/368/760 758/396/761 754/394/757 
s 1
f 754/394/757 759/397/762 760/398/763 755/395/758 
s 2
f 754/394/757 758/396/761 761/399/764 759/397/762 
s 1
f 759/397/762 762/370/765 763/371/766 760/398/763 
s 2
f 759/397/762 761/399/764 764/372/767 762/370/765 
s 1
f 765/364/768 766/448/769 767/449/770 768/367/771 
s 2
f 765/364/768 769/368/772 770/450/773 766/448/769 
s 1
f 766/448/769 771/370/774 772/371/775 767/449/770 
s 2
f 766/448/769 770/450/773 773/372/776 771/370/774 
s 1
f 774/364/777 775/469/778 776/470/779 777/367/780 
s 2
f 774/364/777 778/368/781 779/471/782 775/469/778 
s 1
f 775/469/778 780/370/783 781/371/784 776/470/779 
s 2
f 775/469/778 779/471/782 782/372/785 780/370/783 
s 1
f 783/364/786 784/511/787 785/512/788 786/367/789 
s 2
f 783/364/786 787/368/790 788/513/791 784/511/787 
s 1
f 784/511/787 789/370/792 790/371/793 785/512/788 
s 2
f 784/511/787 788/513/791 791/372/794 789/370/792 
s 1
f 792/364/795 793/376/796 794/377/797 795/367/798 
s 2
f 792/364/795 796/368/799 797/378/800 793/376/796 
s 1
f 793/376/796 798/370/801 799/371/802 794/377/797 
s 2
f 793/376/796 797/378/800 800/372/803 798/370/801 
s 1
f 801/364/804 802/466/805 803/467/806 804/367/807 
s 2
f 801/364/804 805/368/808 806/468/809 802/466/805 
s 1
f 802/466/805 807/370/810 808/371/811 803/467/806 
s 2
f 802/466/805 806/468/809 809/372/812 807/370/810 
s 1
f 810/364/813 811/508/814 812/509/815 813/367/816 
s 2
f 810/364/813 814/368/817 815/510/818 811/508/814 
s 1
f 811/508/814 816/370/819 817/371/820 812/509/815 
s 2
f 811/508/814 815/510/818 818/372/821 816/370/819 
s 1
f 819/364/822 820/514/823 821/515/824 822/367/825 
s 2
f 819/364/822 823/368/826 824/516/827 820/514/823 
s 1
f 820/514/823 825/517/828 826/518/829 821/515/824 
s 2
f 820/514/823 824/516/827 827/519/830 825/517/828 
s 1
f 825/517/828 828/370/831 829/371/832 826/518/829 
s 2
f 825/517/828 827/519/830 830/372/833 828/370/831 
s 1
f 831/364/834 832/520/835 833/521/836 834/367/837 
s 2
f 831/364/834 835/368/838 836/522/839 832/520/835 
s 1
f 832/520/835 837/370/840 838/371/841 833/521/836 
s 2
f 832/520/835 836/522/839 839/372/842 837/370/840 
s 1
f 840/364/843 841/421/844 842/422/845 843/367/846 
s 2
f 840/364/843 844/368/847 845/423/848 841/421/844 
s 1
f 841/421/844 846/370/849 847/371/850 842/422/845 
s 2
f 841/421/844 845/423/848 848/372/851 846/370/849 
s 1
f 849/364/852 850/481/853 851/482/854 852/367/855 
s 2
f 849/364/852 853/368/856 854/483/857 850/481/853 
s 1
f 850/481/853 855/370/858 856/371/859 851/482/854 
s 2
f 850/481/853 854/483/857 857/372/860 855/370/858 
s 1
f 858/364/861 859/523/862 860/524/863 861/367/864 
s 2
f 858/364/861 862/368/865 863/525/866 859/523/862 
s 1
f 859/523/862 864/370/867 865/371/868 860/524/863 
s 2
f 859/523/862 863/525/866 866/372/869 864/370/867 
s 1
f 867/364/870 868/382/871 869/383/872 870/367/873 
s 2
f 867/364/870 871/368/874 872/384/875 868/382/871 
s 1
f 868/382/871 873/370/876 874/371/877 869/383/872 
s 2
f 868/382/871 872/384/875 875/372/878 873/370/876 
s 1
f 876/364/879 877/526/880 878/527/881 879/367/882 
s 2
f 876/364/879 880/368/883 881/528/884 877/526/880 
s 1
f 877/526/880 882/370/885 883/371/886 878/527/881 
s 2
f 877/526/880 881/528/884 884/372/887 882/370/885 
s 1
f 885/364/888 886/514/889 887/515/890 888/367/891 
s 2
f 885/364/888 889/368/892 890/516/893 886/514/889 
s 1
f 886/514/889 891/517/894 892/518/895 887/515/890 
s 2
f 886/514/889 890/516/893 893/519/896 891/517/894 
s 1
f 891/517/894 894/370/897 895/371/898 892/518/895 
s 2
f 891/517/894 893/519/896 896/372/899 894/370/897 
s 1
f 897/364/900 898/373/901 899/374/902 900/367/903 
s 2
f 897/364/900 901/368/904 902/375/905 898/373/901 
s 1
f 898/373/901 903/370/906 904/371/907 899/374/902 
s 2
f 898/373/901 902/375/905 905/372/908 903/370/906 
s 1
f 906/364/909 907/436/910 908/437/911 909/367/912 
s 2
f 906/364/909 910/368/913 911/438/914 907/436/910 
s 1
f 907/436/910 912/370/915 913/371/916 908/437/911 
s 2
f 907/436/910 911/438/914 914/372/917 912/370/915 
s 1
f 915/364/918 916/400/919 917/401/920 918/367/921 
s 2
f 915/364/918 919/368/922 920/402/923 916/400/919 
s 1
f 916/400/919 921/403/924 922/404/925 917/401/920 
s 2
f 916/400/919 920/402/923 923/405/926 921/403/924 
s 1
f 921/403/924 924/370/927 925/371/928 922/404/925 
s 2
f 921/403/924 923/405/926 926/372/929 924/370/927 
s 1
f 927/364/930 928/406/931 929/407/932 930/367/933 
s 2
f 927/364/930 931/368/934 932/408/935 928/406/931 
s 1
f 928/406/931 933/370/936 934/371/937 929/407/932 
s 2
f 928/406/931 932/408/935 935/372/938 933/370/936 
s 1
f 936/364/939 937/409/940 938/410/941 939/367/942 
s 2
f 936/364/939 940/368/943 941/411/944 937/409/940 
s 1
f 937/409/940 942/370/945 943/371/946 938/410/941 
s 2
f 937/409/940 941/411/944 944/372/947 942/370/945 
s 1
f 945/364/948 946/376/949 947/377/950 948/367/951 
s 2
f 945/364/948 949/368/952 950/378/953 946/376/949 
s 1
f 946/376/949 951/370/954 952/371/955 947/377/950 
s 2
f 946/376/949 950/378/953 953/372/956 951/370/954 
s 1
f 954/364/957 955/412/958 956/413/959 957/367/960 
s 2
f 954/364/957 958/368/961 959/414/962 955/412/958 
s 1
f 955/412/958 960/370/963 961/371/964 956/413/959 
s 2
f 955/412/958 959/414/962 962/372/965 960/370/963 
s 1
f 963/364/966 964/373/967 965/374/968 966/367/969 
s 2
f 963/364/966 967/368/970 968/375/971 964/373/967 
s 1
f 964/373/967 969/370/972 970/371/973 965/374/968 
s 2
f 964/373/967 968/375/971 971/372/974 969/370/972 
s 1
f 972/364/975 973/529/976 974/530/977 975/367/978 
s 2
f 972/364/975 976/368/979 977/531/980 973/529/976 
s 1
f 973/529/976 978/370/981 979/371/982 974/530/977 
s 2
f 973/529/976 977/531/980 980/372/983 978/370/981 
s 1
f 981/364/984 982/493/985 983/494/986 984/367/987 
s 2
f 981/364/984 985/368/988 986/495/989 982/493/985 
s 1
f 982/493/985 987/370/990 988/371/991 983/494/986 
s 2
f 982/493/985 986/495/989 989/372/992 987/370/990 
s 1
f 990/364/993 991/373/994 992/374/995 993/367/996 
s 2
f 990/364/993 994/368/997 995/375/998 991/373/994 
s 1
f 991/373/994 996/370/999 997/371/1000 992/374/995 
s 2
f 991/373/994 995/375/998 998/372/1001 996/370/999 
s 1
f 999/364/1002 1000/424/1003 1001/425/1004 1002/367/1005 
s 2
f 999/364/1002 1003/368/1006 1004/426/1007 1000/424/1003 
s 1
f 1000/424/1003 1005/370/1008 1006/371/1009 1001/425/1004 
s 2
f 1000/424/1003 1004/426/1007 1007/372/1010 1005/370/1008 
s 1
f 1008/364/1011 1009/532/1012 1010/533/1013 1011/367/1014 
s 2
f 1008/364/1011 1012/368/1015 1013/534/1016 1009/532/1012 
s 1
f 1009/532/1012 1014/370/1017 1015/371/1018 1010/533/1013 
s 2
f 1009/532/1012 1013/534/1016 1016/372/1019 1014/370/1017 
s 1
f 1017/364/1020 1018/430/1021 1019/431/1022 1020/367/1023 
s 2
f 1017/364/1020 1021/368/1024 1022/432/1025 1018/430/1021 
s 1
f 1018/430/1021 1023/370/1026 1024/371/1027 1019/431/1022 
s 2
f 1018/430/1021 1022/432/1025 1025/372/1028 1023/370/1026 
s 1
f 1026/364/1029 1027/400/1030 1028/401/1031 1029/367/1032 
s 2
f 1026/364/1029 1030/368/1033 1031/402/1034 1027/400/1030 
s 1
f 1027/400/1030 1032/535/1035 1033/536/1036 1028/401/1031 
s 2
f 1027/400/1030 1031/402/1034 1034/537/1037 1032/535/1035 
s 1
f 1032/535/1035 1035/370/1038 1036/371/1039 1033/536/1036 
s 2
f 1032/535/1035 1034/537/1037 1037/372/1040 1035/370/1038 
s 1
f 1038/364/1041 1039/529/1042 1040/530/1043 1041/367/1044 
s 2
f 1038/364/1041 1042/368/1045 1043/531/1046 1039/529/1042 
s 1
f 1039/529/1042 1044/370/1047 1045/371/1048 1040/530/1043 
s 2
f 1039/529/1042 1043/531/1046 1046/372/1049 1044/370/1047 
s 1
f 1047/364/1050 1048/439/1051 1049/440/1052 1050/367/1053 
s 2
f 1047/364/1050 1051/368/1054 1052/441/1055 1048/439/1051 
s 1
f 1048/439/1051 1053/370/1056 1054/371/1057 1049/440/1052 
s 2
f 1048/439/1051 1052/441/1055 1055/372/1058 1053/370/1056 
s 1
f 1056/364/1059 1057/442/1060 1058/443/1061 1059/367/1062 
s 2
f 1056/364/1059 1060/368/1063 1061/444/1064 1057/442/1060 
s 1
f 1057/442/1060 1062/445/1065 1063/446/1066 1058/443/1061 
s 2
f 1057/442/1060 1061/444/1064 1064/447/1067 1062/445/1065 
s 1
f 1062/445/1065 1065/370/1068 1066/371/1069 1063/446/1066 
s 2
f 1062/445/1065 1064/447/1067 1067/372/1070 1065/370/1068 
s 1
f 1068/364/1071 1069/538/1072 1070/539/1073 1071/367/1074 
s 2
f 1068/364/1071 1072/368/1075 1073/540/1076 1069/538/1072 
s 1
f 1069/538/1072 1074/370/1077 1075/371/1078 1070/539/1073 
s 2
f 1069/538/1072 1073/540/1076 1076/372/1079 1074/370/1077 
s 1
f 1077/364/1080 1078/451/1081 1079/452/1082 1080/367/1083 
s 2
f 1077/364/1080 1081/368/1084 1082/453/1085 1078/451/1081 
s 1
f 1078/451/1081 1083/454/1086 1084/455/1087 1079/452/1082 
s 2
f 1078/451/1081 1082/453/1085 1085/456/1088 1083/454/1086 
s 1
f 1083/454/1086 1086/370/1089 1087/371/1090 1084/455/1087 
s 2
f 1083/454/1086 1085/456/1088 1088/372/1091 1086/370/1089 
s 1
f 1089/364/1092 1090/541/1093 1091/542/1094 1092/367/1095 
s 2
f 1089/364/1092 1093/368/1096 1094/543/1097 1090/541/1093 
s 1
f 1090/541/1093 1095/370/1098 1096/371/1099 1091/542/1094 
s 2
f 1090/541/1093 1094/543/1097 1097/372/1100 1095/370/1098 
s 1
f 1098/364/1101 1099/544/1102 1100/545/1103 1101/367/1104 
s 2
f 1098/364/1101 1102/368/1105 1103/546/1106 1099/544/1102 
s 1
f 1099/544/1102 1104/370/1107 1105/371/1108 1100/545/1103 
s 2
f 1099/544/1102 1103/546/1106 1106/372/1109 1104/370/1107 
s 1
f 1107/364/1110 1108/547/1111 1109/548/1112 1110/367/1113 
s 2
f 1107/364/1110 1111/368/1114 1112/549/1115 1108/547/1111 
s 1
f 1108/547/1111 1113/370/1116 1114/371/1117 1109/548/1112 
s 2
f 1108/547/1111 1112/549/1115 1115/372/1118 1113/370/1116 
s 1
f 1116/364/1119 1117/439/1120 1118/440/1121 1119/367/1122 
s 2
f 1116/364/1119 1120/368/1123 1121/441/1124 1117/439/1120 
s 1
f 1117/439/1120 1122/370/1125 1123/371/1126 1118/440/1121 
s 2
f 1117/439/1120 1121/441/1124 1124/372/1127 1122/370/1125 
s 1
f 1125/364/1128 1126/550/1129 1127/551/1130 1128/367/1131 
s 2
f 1125/364/1128 1129/368/1132 1130/552/1133 1126/550/1129 
s 1
f 1126/550/1129 1131/370/1134 1132/371/1135 1127/551/1130 
s 2
f 1126/550/1129 1130/552/1133 1133/372/1136 1131/370/1134 
s 1
f 1134/364/1137 1135/472/1138 1136/473/1139 1137/367/1140 
s 2
f 1134/364/1137 1138/368/1141 1139/474/1142 1135/472/1138 
s 1
f 1135/472/1138 1140/370/1143 1141/371/1144 1136/473/1139 
s 2
f 1135/472/1138 1139/474/1142 1142/372/1145 1140/370/1143 
s 1
f 1143/364/1146 1144/553/1147 1145/554/1148 1146/367/1149 
s 2
f 1143/364/1146 1147/368/1150 1148/555/1151 1144/553/1147 
s 1
f 1144/553/1147 1149/370/1152 1150/371/1153 1145/554/1148 
s 2
f 1144/553/1147 1148/555/1151 1151/372/1154 1149/370/1152 
s 1
f 1152/364/1155 1153/376/1156 1154/377/1157 1155/367/1158 
s 2
f 1152/364/1155 1156/368/1159 1157/378/1160 1153/376/1156 
s 1
f 1153/376/1156 1158/370/1161 1159/371/1162 1154/377/1157 
s 2
f 1153/376/1156 1157/378/1160 1160/372/1163 1158/370/1161 
s 1
f 1161/364/1164 1162/532/1165 1163/533/1166 1164/367/1167 
s 2
f 1161/364/1164 1165/368/1168 1166/534/1169 1162/532/1165 
s 1
f 1162/532/1165 1167/370/1170 1168/371/1171 1163/533/1166 
s 2
f 1162/532/1165 1166/534/1169 1169/372/1172 1167/370/1170 
s 1
f 1170/364/1173 1171/556/1174 1172/557/1175 1173/367/1176 
s 2
f 1170/364/1173 1174/368/1177 1175/558/1178 1171/556/1174 
s 1
f 1171/556/1174 1176/370/1179 1177/371/1180 1172/557/1175 
s 2
f 1171/556/1174 1175/558/1178 1178/372/1181 1176/370/1179 
s 1
f 1179/364/1182 1180/550/1183 1181/551/1184 1182/367/1185 
s 2
f 1179/364/1182 1183/368/1186 1184/552/1187 1180/550/1183 
s 1
f 1180/550/1183 1185/370/1188 1186/371/1189 1181/551/1184 
s 2
f 1180/550/1183 1184/552/1187 1187/372/1190 1185/370/1188 
s 1
f 1188/364/1191 1189/373/1192 1190/374/1193 1191/367/1194 
s 2
f 1188/364/1191 1192/368/1195 1193/375/1196 1189/373/1192 
s 1
f 1189/373/1192 1194/370/1197 1195/371/1198 1190/374/1193 
s 2
f 1189/373/1192 1193/375/1196 1196/372/1199 1194/370/1197 
s 1
f 1197/364/1200 1198/442/1201 1199/443/1202 1200/367/1203 
s 2
f 1197/364/1200 1201/368/1204 1202/444/1205 1198/442/1201 
s 1
f 1198/442/1201 1203/445/1206 1204/446/1207 1199/443/1202 
s 2
f 1198/442/1201 1202/444/1205 1205/447/1208 1203/445/1206 
s 1
f 1203/445/1206 1206/370/1209 1207/371/1210 1204/446/1207 
s 2
f 1203/445/1206 1205/447/1208 1208/372/1211 1206/370/1209 
s 1
f 1209/364/1212 1210/559/1213 1211/560/1214 1212/367/1215 
s 2
f 1209/364/1212 1213/368/1216 1214/561/1217 1210/559/1213 
s 1
f 1210/559/1213 1215/370/1218 1216/371/1219 1211/560/1214 
s 2
f 1210/559/1213 1214/561/1217 1217/372/1220 1215/370/1218 
s 1
f 1218/364/1221 1219/562/1222 1220/563/1223 1221/367/1224 
s 2
f 1218/364/1221 1222/368/1225 1223/564/1226 1219/562/1222 
s 1
f 1219/562/1222 1224/565/1227 1225/566/1228 1220/563/1223 
s 2
f 1219/562/1222 1223/564/1226 1226/567/1229 1224/565/1227 
s 1
f 1224/565/1227 1227/370/1230 1228/371/1231 1225/566/1228 
s 2
f 1224/565/1227 1226/567/1229 1229/372/1232 1227/370/1230 
s 1
f 1230/364/1233 1231/409/1234 1232/410/1235 1233/367/1236 
s 2
f 1230/364/1233 1234/368/1237 1235/411/1238 1231/409/1234 
s 1
f 1231/409/1234 1236/370/1239 1237/371/1240 1232/410/1235 
s 2
f 1231/409/1234 1235/411/1238 1238/372/1241 1236/370/1239 
s 1
f 1239/364/1242 1240/544/1243 1241/545/1244 1242/367/1245 
s 2
f 1239/364/1242 1243/368/1246 1244/546/1247 1240/544/1243 
s 1
f 1240/544/1243 1245/370/1248 1246/371/1249 1241/545/1244 
s 2
f 1240/544/1243 1244/546/1247 1247/372/1250 1245/370/1248 
s 1
f 1248/364/1251 1249/373/1252 1250/374/1253 1251/367/1254 
s 2
f 1248/364/1251 1252/368/1255 1253/375/1256 1249/373/1252 
s 1
f 1249/373/1252 1254/370/1257 1255/371/1258 1250/374/1253 
s 2
f 1249/373/1252 1253/375/1256 1256/372/1259 1254/370/1257 
s 1
f 1257/364/1260 1258/496/1261 1259/497/1262 1260/367/1263 
s 2
f 1257/364/1260 1261/368/1264 1262/498/1265 1258/496/1261 
s 1
f 1258/496/1261 1263/478/1266 1264/479/1267 1259/497/1262 
s 2
f 1258/496/1261 1262/498/1265 1265/480/1268 1263/478/1266 
s 1
f 1263/478/1266 1266/370/1269 1267/371/1270 1264/479/1267 
s 2
f 1263/478/1266 1265/480/1268 1268/372/1271 1266/370/1269 
s 1
f 1269/364/1272 1270/469/1273 1271/470/1274 1272/367/1275 
s 2
f 1269/364/1272 1273/368/1276 1274/471/1277 1270/469/1273 
s 1
f 1270/469/1273 1275/370/1278 1276/371/1279 1271/470/1274 
s 2
f 1270/469/1273 1274/471/1277 1277/372/1280 1275/370/1278 
s 1
f 1278/364/1281 1279/553/1282 1280/554/1283 1281/367/1284 
s 2
f 1278/364/1281 1282/368/1285 1283/555/1286 1279/553/1282 
s 1
f 1279/553/1282 1284/370/1287 1285/371/1288 1280/554/1283 
s 2
f 1279/553/1282 1283/555/1286 1286/372/1289 1284/370/1287 
s 1
f 1287/364/1290 1288/424/1291 1289/425/1292 1290/367/1293 
s 2
f 1287/364/1290 1291/368/1294 1292/426/1295 1288/424/1291 
s 1
f 1288/424/1291 1293/370/1296 1294/371/1297 1289/425/1292 
s 2
f 1288/424/1291 1292/426/1295 1295/372/1298 1293/370/1296 
s 1
f 1296/364/1299 1297/448/1300 1298/449/1301 1299/367/1302 
s 2
f 1296/364/1299 1300/368/1303 1301/450/1304 1297/448/1300 
s 1
f 1297/448/1300 1302/370/1305 1303/371/1306 1298/449/1301 
s 2
f 1297/448/1300 1301/450/1304 1304/372/1307 1302/370/1305 
s 1
f 1305/364/1308 1306/430/1309 1307/431/1310 1308/367/1311 
s 2
f 1305/364/1308 1309/368/1312 1310/432/1313 1306/430/1309 
s 1
f 1306/430/1309 1311/370/1314 1312/371/1315 1307/431/1310 
s 2
f 1306/430/1309 1310/432/1313 1313/372/1316 1311/370/1314 
s 1
f 1314/364/1317 1315/496/1318 1316/497/1319 1317/367/1320 
s 2
f 1314/364/1317 1318/368/1321 1319/498/1322 1315/496/1318 
s 1
f 1315/496/1318 1320/478/1323 1321/479/1324 1316/497/1319 
s 2
f 1315/496/1318 1319/498/1322 1322/480/1325 1320/478/1323 
s 1
f 1320/478/1323 1323/370/1326 1324/371/1327 1321/479/1324 
s 2
f 1320/478/1323 1322/480/1325 1325/372/1328 1323/370/1326 
s 1
f 1326/364/1329 1327/568/1330 1328/569/1331 1329/367/1332 
s 2
f 1326/364/1329 1330/368/1333 1331/570/1334 1327/568/1330 
s 1
f 1327/568/1330 1332/370/1335 1333/371/1336 1328/569/1331 
s 2
f 1327/568/1330 1331/570/1334 1334/372/1337 1332/370/1335 
s 1
f 1335/364/1338 1336/436/1339 1337/437/1340 1338/367/1341 
s 2
f 1335/364/1338 1339/368/1342 1340/438/1343 1336/436/1339 
s 1
f 1336/436/1339 1341/370/1344 1342/371/1345 1337/437/1340 
s 2
f 1336/436/1339 1340/438/1343 1343/372/1346 1341/370/1344 
s 1
f 1344/364/1347 1345/448/1348 1346/449/1349 1347/367/1350 
s 2
f 1344/364/1347 1348/368/1351 1349/450/1352 1345/448/1348 
s 1
f 1345/448/1348 1350/370/1353 1351/371/1354 1346/449/1349 
s 2
f 1345/448/1348 1349/450/1352 1352/372/1355 1350/370/1353 
s 1
f 1353/364/1356 1354/562/1357 1355/563/1358 1356/367/1359 
s 2
f 1353/364/1356 1357/368/1360 1358/564/1361 1354/562/1357 
s 1
f 1354/562/1357 1359/565/1362 1360/566/1363 1355/563/1358 
s 2
f 1354/562/1357 1358/564/1361 1361/567/1364 1359/565/1362 
s 1
f 1359/565/1362 1362/370/1365 1363/371/1366 1360/566/1363 
s 2
f 1359/565/1362 1361/567/1364 1364/372/1367 1362/370/1365 
s 1
f 1365/364/1368 1366/571/1369 1367/572/1370 1368/367/1371 
s 2
f 1365/364/1368 1369/368/1372 1370/573/1373 1366/571/1369 
s 1
f 1366/571/1369 1371/370/1374 1372/371/1375 1367/572/1370 
s 2
f 1366/571/1369 1370/573/1373 1373/372/1376 1371/370/1374 
s 1
f 1374/364/1377 1375/574/1378 1376/575/1379 1377/367/1380 
s 2
f 1374/364/1377 1378/368/1381 1379/576/1382 1375/574/1378 
s 1
f 1375/574/1378 1380/577/1383 1381/578/1384 1376/575/1379 
s 2
f 1375/574/1378 1379/576/1382 1382/579/1385 1380/577/1383 
s 1
f 1380/577/1383 1383/370/1386 1384/371/1387 1381/578/1384 
s 2
f 1380/577/1383 1382/579/1385 1385/372/1388 1383/370/1386 
s 1
f 1386/364/1389 1387/568/1390 1388/569/1391 1389/367/1392 
s 2
f 1386/364/1389 1390/368/1393 1391/570/1394 1387/568/1390 
s 1
f 1387/568/1390 1392/370/1395 1393/371/1396 1388/569/1391 
s 2
f 1387/568/1390 1391/570/1394 1394/372/1397 1392/370/1395 
s 1
f 1395/364/1398 1396/496/1399 1397/497/1400 1398/367/1401 
s 2
f 1395/364/1398 1399/368/1402 1400/498/1403 1396/496/1399 
s 1
f 1396/496/1399 1401/478/1404 1402/479/1405 1397/497/1400 
s 2
f 1396/496/1399 1400/498/1403 1403/480/1406 1401/478/1404 
s 1
f 1401/478/1404 1404/370/1407 1405/371/1408 1402/479/1405 
s 2
f 1401/478/1404 1403/480/1406 1406/372/1409 1404/370/1407 
s 1
f 1407/364/1410 1408/365/1411 1409/366/1412 1410/367/1413 
s 2
f 1407/364/1410 1411/368/1414 1412/369/1415 1408/365/1411 
s 1
f 1408/365/1411 1413/370/1416 1414/371/1417 1409/366/1412 
s 2
f 1408/365/1411 1412/369/1415 1415/372/1418 1413/370/1416 
s 1
f 1416/364/1419 1417/373/1420 1418/374/1421 1419/367/1422 
s 2
f 1416/364/1419 1420/368/1423 1421/375/1424 1417/373/1420 
s 1
f 1417/373/1420 1422/370/1425 1423/371/1426 1418/374/1421 
s 2
f 1417/373/1420 1421/375/1424 1424/372/1427 1422/370/1425 
s 1
f 1425/364/1428 1426/376/1429 1427/377/1430 1428/367/1431 
s 2
f 1425/364/1428 1429/368/1432 1430/378/1433 1426/376/1429 
s 1
f 1426/376/1429 1431/370/1434 1432/371/1435 1427/377/1430 
s 2
f 1426/376/1429 1430/378/1433 1433/372/1436 1431/370/1434 
s 1
f 1434/364/1437 1435/379/1438 1436/380/1439 1437/367/1440 
s 2
f 1434/364/1437 1438/368/1441 1439/381/1442 1435/379/1438 
s 1
f 1435/379/1438 1440/370/1443 1441/371/1444 1436/380/1439 
s 2
f 1435/379/1438 1439/381/1442 1442/372/1445 1440/370/1443 
s 1
f 1443/364/1446 1444/382/1447 1445/383/1448 1446/367/1449 
s 2
f 1443/364/1446 1447/368/1450 1448/384/1451 1444/382/1447 
s 1
f 1444/382/1447 1449/370/1452 1450/371/1453 1445/383/1448 
s 2
f 1444/382/1447 1448/384/1451 1451/372/1454 1449/370/1452 
s 1
f 1452/364/1455 1453/496/1456 1454/497/1457 1455/367/1458 
s 2
f 1452/364/1455 1456/368/1459 1457/498/1460 1453/496/1456 
s 1
f 1453/496/1456 1458/478/1461 1459/479/1462 1454/497/1457 
s 2
f 1453/496/1456 1457/498/1460 1460/480/1463 1458/478/1461 
s 1
f 1458/478/1461 1461/370/1464 1462/371/1465 1459/479/1462 
s 2
f 1458/478/1461 1460/480/1463 1463/372/1466 1461/370/1464 
s 1
f 1464/364/1467 1465/373/1468 1466/374/1469 1467/367/1470 
s 2
f 1464/364/1467 1468/368/1471 1469/375/1472 1465/373/1468 
s 1
f 1465/373/1468 1470/370/1473 1471/371/1474 1466/374/1469 
s 2
f 1465/373/1468 1469/375/1472 1472/372/1475 1470/370/1473 
s 1
f 1473/364/1476 1474/394/1477 1475/395/1478 1476/367/1479 
s 2
f 1473/364/1476 1477/368/1480 1478/396/1481 1474/394/1477 
s 1
f 1474/394/1477 1479/397/1482 1480/398/1483 1475/395/1478 
s 2
f 1474/394/1477 1478/396/1481 1481/399/1484 1479/397/1482 
s 1
f 1479/397/1482 1482/370/1485 1483/371/1486 1480/398/1483 
s 2
f 1479/397/1482 1481/399/1484 1484/372/1487 1482/370/1485 
s 1
f 1485/364/1488 1486/400/1489 1487/401/1490 1488/367/1491 
s 2
f 1485/364/1488 1489/368/1492 1490/402/1493 1486/400/1489 
s 1
f 1486/400/1489 1491/403/1494 1492/404/1495 1487/401/1490 
s 2
f 1486/400/1489 1490/402/1493 1493/405/1496 1491/403/1494 
s 1
f 1491/403/1494 1494/370/1497 1495/371/1498 1492/404/1495 
s 2
f 1491/403/1494 1493/405/1496 1496/372/1499 1494/370/1497 
s 1
f 1497/364/1500 1498/406/1501 1499/407/1502 1500/367/1503 
s 2
f 1497/364/1500 1501/368/1504 1502/408/1505 1498/406/1501 
s 1
f 1498/406/1501 1503/370/1506 1504/371/1507 1499/407/1502 
s 2
f 1498/406/1501 1502/408/1505 1505/372/1508 1503/370/1506 
s 1
f 1506/364/1509 1507/580/1510 1508/581/1511 1509/367/1512 
s 2
f 1506/364/1509 1510/368/1513 1511/582/1514 1507/580/1510 
s 1
f 1507/580/1510 1512/583/1515 1513/584/1516 1508/581/1511 
s 2
f 1507/580/1510 1511/582/1514 1514/585/1517 1512/583/1515 
s 1
f 1512/583/1515 1515/370/1518 1516/371/1519 1513/584/1516 
s 2
f 1512/583/1515 1514/585/1517 1517/372/1520 1515/370/1518 
s 1
f 1518/364/1521 1519/376/1522 1520/377/1523 1521/367/1524 
s 2
f 1518/364/1521 1522/368/1525 1523/378/1526 1519/376/1522 
s 1
f 1519/376/1522 1524/370/1527 1525/371/1528 1520/377/1523 
s 2
f 1519/376/1522 1523/378/1526 1526/372/1529 1524/370/1527 
s 1
f 1527/364/1530 1528/373/1531 1529/374/1532 1530/367/1533 
s 2
f 1527/364/1530 1531/368/1534 1532/375/1535 1528/373/1531 
s 1
f 1528/373/1531 1533/370/1536 1534/371/1537 1529/374/1532 
s 2
f 1528/373/1531 1532/375/1535 1535/372/1538 1533/370/1536 
s 1
f 1536/364/1539 1537/550/1540 1538/551/1541 1539/367/1542 
s 2
f 1536/364/1539 1540/368/1543 1541/552/1544 1537/550/1540 
s 1
f 1537/550/1540 1542/370/1545 1543/371/1546 1538/551/1541 
s 2
f 1537/550/1540 1541/552/1544 1544/372/1547 1542/370/1545 
s 1
f 1545/364/1548 1546/469/1549 1547/470/1550 1548/367/1551 
s 2
f 1545/364/1548 1549/368/1552 1550/471/1553 1546/469/1549 
s 1
f 1546/469/1549 1551/370/1554 1552/371/1555 1547/470/1550 
s 2
f 1546/469/1549 1550/471/1553 1553/372/1556 1551/370/1554 
s 1
f 1554/364/1557 1555/421/1558 1556/422/1559 1557/367/1560 
s 2
f 1554/364/1557 1558/368/1561 1559/423/1562 1555/421/1558 
s 1
f 1555/421/1558 1560/370/1563 1561/371/1564 1556/422/1559 
s 2
f 1555/421/1558 1559/423/1562 1562/372/1565 1560/370/1563 
s 1
f 1563/364/1566 1564/424/1567 1565/425/1568 1566/367/1569 
s 2
f 1563/364/1566 1567/368/1570 1568/426/1571 1564/424/1567 
s 1
f 1564/424/1567 1569/370/1572 1570/371/1573 1565/425/1568 
s 2
f 1564/424/1567 1568/426/1571 1571/372/1574 1569/370/1572 
s 1
f 1572/364/1575 1573/484/1576 1574/485/1577 1575/367/1578 
s 2
f 1572/364/1575 1576/368/1579 1577/486/1580 1573/484/1576 
s 1
f 1573/484/1576 1578/370/1581 1579/371/1582 1574/485/1577 
s 2
f 1573/484/1576 1577/486/1580 1580/372/1583 1578/370/1581 
s 1
f 1581/364/1584 1582/550/1585 1583/551/1586 1584/367/1587 
s 2
f 1581/364/1584 1585/368/1588 1586/552/1589 1582/550/1585 
s 1
f 1582/550/1585 1587/370/1590 1588/371/1591 1583/551/1586 
s 2
f 1582/550/1585 1586/552/1589 1589/372/1592 1587/370/1590 
s 1
f 1590/364/1593 1591/439/1594 1592/440/1595 1593/367/1596 
s 2
f 1590/364/1593 1594/368/1597 1595/441/1598 1591/439/1594 
s 1
f 1591/439/1594 1596/370/1599 1597/371/1600 1592/440/1595 
s 2
f 1591/439/1594 1595/441/1598 1598/372/1601 1596/370/1599 
s 1
f 1599/364/1602 1600/433/1603 1601/434/1604 1602/367/1605 
s 2
f 1599/364/1602 1603/368/1606 1604/435/1607 1600/433/1603 
s 1
f 1600/433/1603 1605/370/1608 1606/371/1609 1601/434/1604 
s 2
f 1600/433/1603 1604/435/1607 1607/372/1610 1605/370/1608 
s 1
f 1608/364/1611 1609/586/1612 1610/587/1613 1611/367/1614 
s 2
f 1608/364/1611 1612/368/1615 1613/588/1616 1609/586/1612 
s 1
f 1609/586/1612 1614/589/1617 1615/590/1618 1610/587/1613 
s 2
f 1609/586/1612 1613/588/1616 1616/591/1619 1614/589/1617 
s 1
f 1614/589/1617 1617/370/1620 1618/371/1621 1615/590/1618 
s 2
f 1614/589/1617 1616/591/1619 1619/372/1622 1617/370/1620 
s 1
f 1620/364/1623 1621/469/1624 1622/470/1625 1623/367/1626 
s 2
f 1620/364/1623 1624/368/1627 1625/471/1628 1621/469/1624 
s 1
f 1621/469/1624 1626/370/1629 1627/371/1630 1622/470/1625 
s 2
f 1621/469/1624 1625/471/1628 1628/372/1631 1626/370/1629 
s 1
f 1629/364/1632 1630/457/1633 1631/458/1634 1632/367/1635 
s 2
f 1629/364/1632 1633/368/1636 1634/459/1637 1630/457/1633 
s 1
f 1630/457/1633 1635/370/1638 1636/371/1639 1631/458/1634 
s 2
f 1630/457/1633 1634/459/1637 1637/372/1640 1635/370/1638 
s 1
f 1638/364/1641 1639/439/1642 1640/440/1643 1641/367/1644 
s 2
f 1638/364/1641 1642/368/1645 1643/441/1646 1639/439/1642 
s 1
f 1639/439/1642 1644/370/1647 1645/371/1648 1640/440/1643 
s 2
f 1639/439/1642 1643/441/1646 1646/372/1649 1644/370/1647 
s 1
f 1647/364/1650 1648/592/1651 1649/593/1652 1650/367/1653 
s 2
f 1647/364/1650 1651/368/1654 1652/594/1655 1648/592/1651 
s 1
f 1648/592/1651 1653/370/1656 1654/371/1657 1649/593/1652 
s 2
f 1648/592/1651 1652/594/1655 1655/372/1658 1653/370/1656 
s 1
f 1656/364/1659 1657/472/1660 1658/473/1661 1659/367/1662 
s 2
f 1656/364/1659 1660/368/1663 1661/474/1664 1657/472/1660 
s 1
f 1657/472/1660 1662/370/1665 1663/371/1666 1658/473/1661 
s 2
f 1657/472/1660 1661/474/1664 1664/372/1667 1662/370/1665 
s 1
f 1665/364/1668 1666/475/1669 1667/476/1670 1668/367/1671 
s 2
f 1665/364/1668 1669/368/1672 1670/477/1673 1666/475/1669 
s 1
f 1666/475/1669 1671/478/1674 1672/479/1675 1667/476/1670 
s 2
f 1666/475/1669 1670/477/1673 1673/480/1676 1671/478/1674 
s 1
f 1671/478/1674 1674/370/1677 1675/371/1678 1672/479/1675 
s 2
f 1671/478/1674 1673/480/1676 1676/372/1679 1674/370/1677 
s 1
f 1677/364/1680 1678/574/1681 1679/575/1682 1680/367/1683 
s 2
f 1677/364/1680 1681/368/1684 1682/576/1685 1678/574/1681 
s 1
f 1678/574/1681 1683/577/1686 1684/578/1687 1679/575/1682 
s 2
f 1678/574/1681 1682/576/1685 1685/579/1688 1683/577/1686 
s 1
f 1683/577/1686 1686/370/1689 1687/371/1690 1684/578/1687 
s 2
f 1683/577/1686 1685/579/1688 1688/372/1691 1686/370/1689 
s 1
f 1689/364/1692 1690/484/1693 1691/485/1694 1692/367/1695 
s 2
f 1689/364/1692 1693/368/1696 1694/486/1697 1690/484/1693 
s 1
f 1690/484/1693 1695/370/1698 1696/371/1699 1691/485/1694 
s 2
f 1690/484/1693 1694/486/1697 1697/372/1700 1695/370/1698 
s 1
f 1698/364/1701 1699/592/1702 1700/593/1703 1701/367/1704 
s 2
f 1698/364/1701 1702/368/1705 1703/594/1706 1699/592/1702 
s 1
f 1699/592/1702 1704/370/1707 1705/371/1708 1700/593/1703 
s 2
f 1699/592/1702 1703/594/1706 1706/372/1709 1704/370/1707 
s 1
f 1707/364/1710 1708/373/1711 1709/374/1712 1710/367/1713 
s 2
f 1707/364/1710 1711/368/1714 1712/375/1715 1708/373/1711 
s 1
f 1708/373/1711 1713/370/1716 1714/371/1717 1709/374/1712 
s 2
f 1708/373/1711 1712/375/1715 1715/372/1718 1713/370/1716 
s 1
f 1716/364/1719 1717/433/1720 1718/434/1721 1719/367/1722 
s 2
f 1716/364/1719 1720/368/1723 1721/435/1724 1717/433/1720 
s 1
f 1717/433/1720 1722/370/1725 1723/371/1726 1718/434/1721 
s 2
f 1717/433/1720 1721/435/1724 1724/372/1727 1722/370/1725 
s 1
f 1725/364/1728 1726/490/1729 1727/491/1730 1728/367/1731 
s 2
f 1725/364/1728 1729/368/1732 1730/492/1733 1726/490/1729 
s 1
f 1726/490/1729 1731/370/1734 1732/371/1735 1727/491/1730 
s 2
f 1726/490/1729 1730/492/1733 1733/372/1736 1731/370/1734 
s 1
f 1734/364/1737 1735/469/1738 1736/470/1739 1737/367/1740 
s 2
f 1734/364/1737 1738/368/1741 1739/471/1742 1735/469/1738 
s 1
f 1735/469/1738 1740/370/1743 1741/371/1744 1736/470/1739 
s 2
f 1735/469/1738 1739/471/1742 1742/372/1745 1740/370/1743 
s 1
f 1743/364/1746 1744/580/1747 1745/581/1748 1746/367/1749 
s 2
f 1743/364/1746 1747/368/1750 1748/582/1751 1744/580/1747 
s 1
f 1744/580/1747 1749/583/1752 1750/584/1753 1745/581/1748 
s 2
f 1744/580/1747 1748/582/1751 1751/585/1754 1749/583/1752 
s 1
f 1749/583/1752 1752/370/1755 1753/371/1756 1750/584/1753 
s 2
f 1749/583/1752 1751/585/1754 1754/372/1757 1752/370/1755 
s 1
f 1755/364/1758 1756/373/1759 1757/374/1760 1758/367/1761 
s 2
f 1755/364/1758 1759/368/1762 1760/375/1763 1756/373/1759 
s 1
f 1756/373/1759 1761/370/1764 1762/371/1765 1757/374/1760 
s 2
f 1756/373/1759 1760/375/1763 1763/372/1766 1761/370/1764 
s 1
f 1764/364/1767 1765/595/1768 1766/596/1769 1767/367/1770 
s 2
f 1764/364/1767 1768/368/1771 1769/597/1772 1765/595/1768 
s 1
f 1765/595/1768 1770/370/1773 1771/371/1774 1766/596/1769 
s 2
f 1765/595/1768 1769/597/1772 1772/372/1775 1770/370/1773 
s 1
f 1773/364/1776 1774/493/1777 1775/494/1778 1776/367/1779 
s 2
f 1773/364/1776 1777/368/1780 1778/495/1781 1774/493/1777 
s 1
f 1774/493/1777 1779/370/1782 1780/371/1783 1775/494/1778 
s 2
f 1774/493/1777 1778/495/1781 1781/372/1784 1779/370/1782 
s 1
f 1782/364/1785 1783/475/1786 1784/476/1787 1785/367/1788 
s 2
f 1782/364/1785 1786/368/1789 1787/477/1790 1783/475/1786 
s 1
f 1783/475/1786 1788/478/1791 1789/479/1792 1784/476/1787 
s 2
f 1783/475/1786 1787/477/1790 1790/480/1793 1788/478/1791 
s 1
f 1788/478/1791 1791/370/1794 1792/371/1795 1789/479/1792 
s 2
f 1788/478/1791 1790/480/1793 1793/372/1796 1791/370/1794 
s 1
f 1794/364/1797 1795/424/1798 1796/425/1799 1797/367/1800 
s 2
f 1794/364/1797 1798/368/1801 1799/426/1802 1795/424/1798 
s 1
f 1795/424/1798 1800/370/1803 1801/371/1804 1796/425/1799 
s 2
f 1795/424/1798 1799/426/1802 1802/372/1805 1800/370/1803 
s 1
f 1803/364/1806 1804/595/1807 1805/596/1808 1806/367/1809 
s 2
f 1803/364/1806 1807/368/1810 1808/597/1811 1804/595/1807 
s 1
f 1804/595/1807 1809/370/1812 1810/371/1813 1805/596/1808 
s 2
f 1804/595/1807 1808/597/1811 1811/372/1814 1809/370/1812 
s 1
f 1812/364/1815 1813/388/1816 1814/389/1817 1815/367/1818 
s 2
f 1812/364/1815 1816/368/1819 1817/390/1820 1813/388/1816 
s 1
f 1813/388/1816 1818/370/1821 1819/371/1822 1814/389/1817 
s 2
f 1813/388/1816 1817/390/1820 1820/372/1823 1818/370/1821 
s 1
f 1821/364/1824 1822/388/1825 1823/389/1826 1824/367/1827 
s 2
f 1821/364/1824 1825/368/1828 1826/390/1829 1822/388/1825 
s 1
f 1822/388/1825 1827/370/1830 1828/371/1831 1823/389/1826 
s 2
f 1822/388/1825 1826/390/1829 1829/372/1832 1827/370/1830 
s 1
f 1830/364/1833 1831/365/1834 1832/366/1835 1833/367/1836 
s 2
f 1830/364/1833 1834/368/1837 1835/369/1838 1831/365/1834 
s 1
f 1831/365/1834 1836/370/1839 1837/371/1840 1832/366/1835 
s 2
f 1831/365/1834 1835/369/1838 1838/372/1841 1836/370/1839 
s 1
f 1839/364/1842 1840/373/1843 1841/374/1844 1842/367/1845 
s 2
f 1839/364/1842 1843/368/1846 1844/375/1847 1840/373/1843 
s 1
f 1840/373/1843 1845/370/1848 1846/371/1849 1841/374/1844 
s 2
f 1840/373/1843 1844/375/1847 1847/372/1850 1845/370/1848 
s 1
f 1848/364/1851 1849/376/1852 1850/377/1853 1851/367/1854 
s 2
f 1848/364/1851 1852/368/1855 1853/378/1856 1849/376/1852 
s 1
f 1849/376/1852 1854/370/1857 1855/371/1858 1850/377/1853 
s 2
f 1849/376/1852 1853/378/1856 1856/372/1859 1854/370/1857 
s 1
f 1857/364/1860 1858/391/1861 1859/392/1862 1860/367/1863 
s 2
f 1857/364/1860 1861/368/1864 1862/393/1865 1858/391/1861 
s 1
f 1858/391/1861 1863/370/1866 1864/371/1867 1859/392/1862 
s 2
f 1858/391/1861 1862/393/1865 1865/372/1868 1863/370/1866 
s 1
f 1866/364/1869 1867/391/1870 1868/392/1871 1869/367/1872 
s 2
f 1866/364/1869 1870/368/1873 1871/393/1874 1867/391/1870 
s 1
f 1867/391/1870 1872/370/1875 1873/371/1876 1868/392/1871 
s 2
f 1867/391/1870 1871/393/1874 1874/372/1877 1872/370/1875 
s 1
f 1875/364/1878 1876/394/1879 1877/395/1880 1878/367/1881 
s 2
f 1875/364/1878 1879/368/1882 1880/396/1883 1876/394/1879 
s 1
f 1876/394/1879 1881/397/1884 1882/398/1885 1877/395/1880 
s 2
f 1876/394/1879 1880/396/1883 1883/399/1886 1881/397/1884 
s 1
f 1881/397/1884 1884/370/1887 1885/371/1888 1882/398/1885 
s 2
f 1881/397/1884 1883/399/1886 1886/372/1889 1884/370/1887 
s 1
f 1887/364/1890 1888/400/1891 1889/401/1892 1890/367/1893 
s 2
f 1887/364/1890 1891/368/1894 1892/402/1895 1888/400/1891 
s 1
f 1888/400/1891 1893/403/1896 1894/404/1897 1889/401/1892 
s 2
f 1888/400/1891 1892/402/1895 1895/405/1898 1893/403/1896 
s 1
f 1893/403/1896 1896/370/1899 1897/371/1900 1894/404/1897 
s 2
f 1893/403/1896 1895/405/1898 1898/372/1901 1896/370/1899 
s 1
f 1899/364/1902 1900/406/1903 1901/407/1904 1902/367/1905 
s 2
f 1899/364/1902 1903/368/1906 1904/408/1907 1900/406/1903 
s 1
f 1900/406/1903 1905/370/1908 1906/371/1909 1901/407/1904 
s 2
f 1900/406/1903 1904/408/1907 1907/372/1910 1905/370/1908 
s 1
f 1908/364/1911 1909/418/1912 1910/419/1913 1911/367/1914 
s 2
f 1908/364/1911 1912/368/1915 1913/420/1916 1909/418/1912 
s 1
f 1909/418/1912 1914/370/1917 1915/371/1918 1910/419/1913 
s 2
f 1909/418/1912 1913/420/1916 1916/372/1919 1914/370/1917 
s 1
f 1917/364/1920 1918/418/1921 1919/419/1922 1920/367/1923 
s 2
f 1917/364/1920 1921/368/1924 1922/420/1925 1918/418/1921 
s 1
f 1918/418/1921 1923/370/1926 1924/371/1927 1919/419/1922 
s 2
f 1918/418/1921 1922/420/1925 1925/372/1928 1923/370/1926 
s 1
f 1926/364/1929 1927/406/1930 1928/407/1931 1929/367/1932 
s 2
f 1926/364/1929 1930/368/1933 1931/408/1934 1927/406/1930 
s 1
f 1927/406/1930 1932/370/1935 1933/371/1936 1928/407/1931 
s 2
f 1927/406/1930 1931/408/1934 1934/372/1937 1932/370/1935 
s 1
f 1935/364/1938 1936/421/1939 1937/422/1940 1938/367/1941 
s 2
f 1935/364/1938 1939/368/1942 1940/423/1943 1936/421/1939 
s 1
f 1936/421/1939 1941/370/1944 1942/371/1945 1937/422/1940 
s 2
f 1936/421/1939 1940/423/1943 1943/372/1946 1941/370/1944 
s 1
f 1944/364/1947 1945/496/1948 1946/497/1949 1947/367/1950 
s 2
f 1944/364/1947 1948/368/1951 1949/498/1952 1945/496/1948 
s 1
f 1945/496/1948 1950/478/1953 1951/479/1954 1946/497/1949 
s 2
f 1945/496/1948 1949/498/1952 1952/480/1955 1950/478/1953 
s 1
f 1950/478/1953 1953/370/1956 1954/371/1957 1951/479/1954 
s 2
f 1950/478/1953 1952/480/1955 1955/372/1958 1953/370/1956 
s 1
f 1956/364/1959 1957/472/1960 1958/473/1961 1959/367/1962 
s 2
f 1956/364/1959 1960/368/1963 1961/474/1964 1957/472/1960 
s 1
f 1957/472/1960 1962/370/1965 1963/371/1966 1958/473/1961 
s 2
f 1957/472/1960 1961/474/1964 1964/372/1967 1962/370/1965 
s 1
f 1965/364/1968 1966/598/1969 1967/599/1970 1968/367/1971 
s 2
f 1965/364/1968 1969/368/1972 1970/600/1973 1966/598/1969 
s 1
f 1966/598/1969 1971/370/1974 1972/371/1975 1967/599/1970 
s 2
f 1966/598/1969 1970/600/1973 1973/372/1976 1971/370/1974 
s 1
f 1974/364/1977 1975/574/1978 1976/575/1979 1977/367/1980 
s 2
f 1974/364/1977 1978/368/1981 1979/576/1982 1975/574/1978 
s 1
f 1975/574/1978 1980/577/1983 1981/578/1984 1976/575/1979 
s 2
f 1975/574/1978 1979/576/1982 1982/579/1985 1980/577/1983 
s 1
f 1980/577/1983 1983/370/1986 1984/371/1987 1981/578/1984 
s 2
f 1980/577/1983 1982/579/1985 1985/372/1988 1983/370/1986 
s 1
f 1986/364/1989 1987/601/1990 1988/602/1991 1989/367/1992 
s 2
f 1986/364/1989 1990/368/1993 1991/603/1994 1987/601/1990 
s 1
f 1987/601/1990 1992/370/1995 1993/371/1996 1988/602/1991 
s 2
f 1987/601/1990 1991/603/1994 1994/372/1997 1992/370/1995 
s 1
f 1995/364/1998 1996/430/1999 1997/431/2000 1998/367/2001 
s 2
f 1995/364/1998 1999/368/2002 2000/432/2003 1996/430/1999 
s 1
f 1996/430/1999 2001/370/2004 2002/371/2005 1997/431/2000 
s 2
f 1996/430/1999 2000/432/2003 2003/372/2006 2001/370/2004 
s 1
f 2004/364/2007 2005/604/2008 2006/605/2009 2007/367/2010 
s 2
f 2004/364/2007 2008/368/2011 2009/606/2012 2005/604/2008 
s 1
f 2005/604/2008 2010/370/2013 2011/371/2014 2006/605/2009 
s 2
f 2005/604/2008 2009/606/2012 2012/372/2015 2010/370/2013 
s 1
f 2013/364/2016 2014/607/2017 2015/608/2018 2016/367/2019 
s 2
f 2013/364/2016 2017/368/2020 2018/609/2021 2014/607/2017 
s 1
f 2014/607/2017 2019/370/2022 2020/371/2023 2015/608/2018 
s 2
f 2014/607/2017 2018/609/2021 2021/372/2024 2019/370/2022 
s 1
f 2022/364/2025 2023/610/2026 2024/611/2027 2025/367/2028 
s 2
f 2022/364/2025 2026/368/2029 2027/612/2030 2023/610/2026 
s 1
f 2023/610/2026 2028/370/2031 2029/371/2032 2024/611/2027 
s 2
f 2023/610/2026 2027/612/2030 2030/372/2033 2028/370/2031 
s 1
f 2031/364/2034 2032/493/2035 2033/494/2036 2034/367/2037 
s 2
f 2031/364/2034 2035/368/2038 2036/495/2039 2032/493/2035 
s 1
f 2032/493/2035 2037/370/2040 2038/371/2041 2033/494/2036 
s 2
f 2032/493/2035 2036/495/2039 2039/372/2042 2037/370/2040 
s 1
f 2040/364/2043 2041/508/2044 2042/509/2045 2043/367/2046 
s 2
f 2040/364/2043 2044/368/2047 2045/510/2048 2041/508/2044 
s 1
f 2041/508/2044 2046/370/2049 2047/371/2050 2042/509/2045 
s 2
f 2041/508/2044 2045/510/2048 2048/372/2051 2046/370/2049 
s 1
f 2049/364/2052 2050/499/2053 2051/500/2054 2052/367/2055 
s 2
f 2049/364/2052 2053/368/2056 2054/501/2057 2050/499/2053 
s 1
f 2050/499/2053 2055/370/2058 2056/371/2059 2051/500/2054 
s 2
f 2050/499/2053 2054/501/2057 2057/372/2060 2055/370/2058 
s 1
f 2058/364/2061 2059/613/2062 2060/614/2063 2061/367/2064 
s 2
f 2058/364/2061 2062/368/2065 2063/615/2066 2059/613/2062 
s 1
f 2059/613/2062 2064/370/2067 2065/371/2068 2060/614/2063 
s 2
f 2059/613/2062 2063/615/2066 2066/372/2069 2064/370/2067 
s 1
f 2067/364/2070 2068/616/2071 2069/617/2072 2070/367/2073 
s 2
f 2067/364/2070 2071/368/2074 2072/618/2075 2068/616/2071 
s 1
f 2068/616/2071 2073/370/2076 2074/371/2077 2069/617/2072 
s 2
f 2068/616/2071 2072/618/2075 2075/372/2078 2073/370/2076 
s 1
f 2076/364/2079 2077/619/2080 2078/620/2081 2079/367/2082 
s 2
f 2076/364/2079 2080/368/2083 2081/621/2084 2077/619/2080 
s 1
f 2077/619/2080 2082/370/2085 2083/371/2086 2078/620/2081 
s 2
f 2077/619/2080 2081/621/2084 2084/372/2087 2082/370/2085 
s 1
f 2085/364/2088 2086/460/2089 2087/461/2090 2088/367/2091 
s 2
f 2085/364/2088 2089/368/2092 2090/462/2093 2086/460/2089 
s 1
f 2086/460/2089 2091/463/2094 2092/464/2095 2087/461/2090 
s 2
f 2086/460/2089 2090/462/2093 2093/465/2096 2091/463/2094 
s 1
f 2091/463/2094 2094/370/2097 2095/371/2098 2092/464/2095 
s 2
f 2091/463/2094 2093/465/2096 2096/372/2099 2094/370/2097 
s 1
f 2097/364/2100 2098/592/2101 2099/593/2102 2100/367/2103 
s 2
f 2097/364/2100 2101/368/2104 2102/594/2105 2098/592/2101 
s 1
f 2098/592/2101 2103/370/2106 2104/371/2107 2099/593/2102 
s 2
f 2098/592/2101 2102/594/2105 2105/372/2108 2103/370/2106 
s 1
f 2106/364/2109 2107/472/2110 2108/473/2111 2109/367/2112 
s 2
f 2106/364/2109 2110/368/2113 2111/474/2114 2107/472/2110 
s 1
f 2107/472/2110 2112/370/2115 2113/371/2116 2108/473/2111 
s 2
f 2107/472/2110 2111/474/2114 2114/372/2117 2112/370/2115 
s 1
f 2115/622/2118 2116/623/2119 2117/624/2119 2118/625/2118 
f 2116/626/2119 2119/627/2120 2120/628/2120 2117/629/2119 
f 2119/630/2120 2121/631/2121 2122/632/2121 2120/633/2120 
f 2121/634/2121 2115/635/2118 2118/636/2118 2122/637/2121 
f 2118/625/2118 2117/624/2119 2123/638/2119 2124/639/2122 
f 2117/629/2119 2120/628/2120 2125/640/2120 2123/641/2119 
f 2120/633/2120 2122/632/2121 2126/642/2121 2125/643/2120 
f 2122/637/2121 2118/636/2118 2124/644/2122 2126/645/2121 
f 2127/646/2123 2128/647/2124 2129/648/2125 2130/649/2126 
f 2128/650/2124 2131/651/2127 2132/652/2128 2129/653/2125 
f 2131/654/2127 2133/655/2129 2134/656/2130 2132/657/2128 
f 2133/658/2129 2127/659/2123 2130/660/2126 2134/661/2130 
f 2130/649/2126 2129/648/2125 2135/662/2131 2136/663/2132 
f 2129/664/2125 2132/665/2128 2137/666/2133 2135/667/2131 
f 2132/657/2128 2134/656/2130 2138/668/2134 2137/669/2133 
f 2134/670/2130 2130/671/2126 2136/672/2132 2138/673/2134 
f 2136/663/2132 2135/662/2131 2139/674/2135 2140/675/2136 
f 2135/667/2131 2137/666/2133 2141/676/2137 2139/677/2135 
f 2137/669/2133 2138/668/2134 2142/678/2138 2141/679/2137 
f 2138/673/2134 2136/672/2132 2140/680/2136 2142/681/2138 
f 2140/675/2136 2139/674/2135 2143/682/2139 2144/683/2140 
f 2139/677/2135 2141/676/2137 2145/684/2141 2143/685/2139 
f 2141/679/2137 2142/678/2138 2146/686/2142 2145/687/2141 
f 2142/681/2138 2140/680/2136 2144/688/2140 2146/689/2142 
f 2144/690/2140 2143/691/2139 2147/692/2143 2148/693/2144 
f 2143/685/2139 2145/684/2141 2149/694/2145 2147/695/2143 
f 2145/696/2141 2146/697/2142 2150/698/2146 2149/699/2145 
f 2146/689/2142 2144/688/2140 2148/700/2144 2150/701/2146 
f 2151/702/2147 2152/703/2148 2153/704/2148 2154/705/2147 
f 2152/706/2148 2155/707/2149 2156/708/2149 2153/709/2148 
f 2155/710/2149 2151/711/2147 2154/712/2147 2156/713/2149 
f 2157/714/2150 2158/715/2151 2159/716/2151 2160/717/2150 
f 2158/718/2151 2161/719/2152 2162/720/2152 2159/721/2151 
f 2161/722/2152 2157/723/2150 2160/724/2150 2162/725/2152 
f 2163/726/2153 2164/727/2154 2165/728/2154 2166/729/2155 
f 2164/730/2154 2167/731/2156 2168/732/2157 2165/733/2154 
f 2167/734/2156 2163/735/2153 2166/736/2155 2168/737/2157 
f 2169/738/2158 2170/739/2159 2171/740/2159 2172/741/2158 
f 2170/742/2159 2173/743/2160 2174/744/2161 2171/745/2159 
f 2173/746/2160 2169/747/2158 2172/748/2158 2174/749/2161 
f 2175/750/2162 2176/751/2163 2177/752/2163 2178/753/2162 
f 2176/754/2163 2179/755/2164 2180/756/2164 2177/757/2163 
f 2179/758/2164 2175/759/2162 2178/760/2162 2180/761/2164 
f 2181/762/2165 2182/763/2166 2183/764/2166 2184/765/2167 
f 2182/766/2166 2185/767/2168 2186/768/2169 2183/769/2166 
f 2185/770/2168 2181/771/2165 2184/772/2167 2186/773/2169 
f 2187/774/2170 2188/775/2171 2189/776/2171 2190/777/2170 
f 2188/778/2171 2191/779/2172 2192/780/2172 2189/781/2171 
f 2191/782/2172 2187/783/2170 2190/784/2170 2192/785/2172 
f 2193/786/2173 2194/787/2174 2195/788/2175 2196/789/2176 
f 2194/790/2174 2197/791/2177 2198/792/2177 2195/793/2175 
f 2197/794/2177 2193/795/2173 2196/796/2176 2198/797/2177 
f 2199/798/2178 2200/799/2179 2201/800/2180 2202/801/2181 
f 2200/802/2179 2203/803/2182 2204/804/2183 2201/805/2180 
f 2203/806/2182 2205/807/2184 2206/808/2185 2204/809/2183 
f 2205/810/2184 2199/811/2178 2202/812/2181 2206/813/2185 
f 2202/801/2181 2201/800/2180 2207/814/2186 2208/815/2187 
f 2201/816/2180 2204/817/2183 2209/818/2188 2207/819/2186 
f 2204/809/2183 2206/808/2185 2210/820/2189 2209/821/2188 
f 2206/822/2185 2202/823/2181 2208/824/2187 2210/825/2189 
f 2208/815/2187 2207/814/2186 2211/826/2190 2212/827/2191 
f 2207/819/2186 2209/818/2188 2213/828/2192 2211/829/2190 
f 2209/821/2188 2210/820/2189 2214/830/2193 2213/831/2192 
f 2210/825/2189 2208/824/2187 2212/832/2191 2214/833/2193 
f 2212/827/2191 2211/826/2190 2215/834/2194 2216/835/2195 
f 2211/829/2190 2213/828/2192 2217/836/2196 2215/837/2194 
f 2213/831/2192 2214/830/2193 2218/838/2197 2217/839/2196 
f 2214/833/2193 2212/832/2191 2216/840/2195 2218/841/2197 
f 2216/835/2195 2215/834/2194 2219/842/2198 2220/843/2199 
f 2215/837/2194 2217/836/2196 2221/844/2200 2219/845/2198 
f 2217/839/2196 2218/838/2197 2222/846/2201 2221/847/2200 
f 2218/841/2197 2216/840/2195 2220/848/2199 2222/849/2201 
f 2223/850/2202 2224/851/2203 2225/852/2203 2226/853/2202 
f 2224/854/2203 2227/855/2204 2228/856/2204 2225/857/2203 
f 2227/858/2204 2223/859/2202 2226/860/2202 2228/861/2204 
f 2229/862/2205 2230/863/2206 2231/864/2207 2232/865/2208 
f 2230/866/2206 2233/867/2209 2234/868/2210 2231/869/2207 
f 2233/870/2209 2229/871/2205 2232/872/2208 2234/873/2210 
f 2235/874/2211 2236/875/2212 2237/876/2212 2238/877/2211 
f 2236/878/2212 2239/879/2213 2240/880/2214 2237/881/2212 
f 2239/882/2213 2235/883/2211 2238/884/2211 2240/885/2214 
f 2241/886/2215 2242/887/2216 2243/888/2216 2244/889/2215 
f 2242/890/2216 2245/891/2217 2246/892/2217 2243/893/2216 
f 2245/894/2217 2241/895/2215 2244/896/2215 2246/897/2217 
f 2247/898/2218 2248/899/2219 2249/900/2219 2250/901/2218 
f 2248/902/2219 2251/903/2220 2252/904/2220 2249/905/2219 
f 2251/906/2220 2247/907/2218 2250/908/2218 2252/909/2220 
f 2253/910/2221 2254/911/2222 2255/912/2223 2256/913/2224 
f 2254/914/2222 2257/915/2225 2258/916/2225 2255/917/2223 
f 2257/918/2225 2253/919/2221 2256/920/2224 2258/921/2225 
f 2259/922/2226 2260/923/2227 2261/924/2227 2262/925/2226 
f 2260/926/2227 2263/927/2228 2264/928/2228 2261/929/2227 
f 2263/930/2228 2259/931/2226 2262/932/2226 2264/933/2228 
f 2265/934/2229 2266/935/2230 2267/936/2230 2268/937/2229 
f 2266/938/2230 2269/939/2231 2270/940/2231 2267/941/2230 
f 2269/942/2231 2265/943/2229 2268/944/2229 2270/945/2231 
f 2271/946/2232 2272/947/2233 2273/948/2233 2274/949/2232 
f 2272/950/2233 2275/951/2234 2276/952/2235 2273/953/2233 
f 2275/954/2234 2271/955/2232 2274/956/2232 2276/957/2235 
f 2277/958/2236 2278/959/2237 2279/960/2238 2280/961/2239 
f 2278/962/2237 2281/963/2240 2282/964/2241 2279/965/2238 
f 2281/966/2240 2283/967/2242 2284/968/2243 2282/969/2241 
f 2283/970/2242 2277/971/2236 2280/972/2239 2284/973/2243 
f 2280/961/2239 2279/960/2238 2285/974/2244 2286/975/2245 
f 2279/965/2238 2282/964/2241 2287/976/2246 2285/977/2244 
f 2282/969/2241 2284/968/2243 2288/978/2247 2287/979/2246 
f 2284/973/2243 2280/972/2239 2286/980/2245 2288/981/2247 
f 2286/975/2245 2285/974/2244 2289/982/2248 2290/983/2249 
f 2285/977/2244 2287/976/2246 2291/984/2250 2289/985/2248 
f 2287/979/2246 2288/978/2247 2292/986/2251 2291/987/2250 
f 2288/981/2247 2286/980/2245 2290/988/2249 2292/989/2251 
f 2290/983/2249 2289/982/2248 2293/990/2252 2294/991/2253 
f 2289/985/2248 2291/984/2250 2295/992/2254 2293/993/2252 
f 2291/987/2250 2292/986/2251 2296/994/2255 2295/995/2254 
f 2292/989/2251 2290/988/2249 2294/996/2253 2296/997/2255 
f 2294/991/2253 2293/990/2252 2297/998/2256 2298/999/2257 
f 2293/993/2252 2295/992/2254 2299/1000/2258 2297/1001/2256 
f 2295/995/2254 2296/994/2255 2300/1002/2259 2299/1003/2258 
f 2296/997/2255 2294/996/2253 2298/1004/2257 2300/1005/2259 
f 2301/1006/2260 2302/1007/2261 2303/1008/2262 2304/1009/2260 
f 2302/1010/2261 2305/1011/2263 2306/1012/2263 2303/1013/2262 
f 2305/1014/2263 2301/1015/2260 2304/1016/2260 2306/1017/2263 
f 2307/1018/2264 2308/1019/2265 2309/1020/2265 2310/1021/2264 
f 2308/1022/2265 2311/1023/2266 2312/1024/2266 2309/1025/2265 
f 2311/1026/2266 2307/1027/2264 2310/1028/2264 2312/1029/2266 
f 2313/1030/2267 2314/1031/2268 2315/1032/2268 2316/1033/2267 
f 2314/1034/2268 2317/1035/2269 2318/1036/2269 2315/1037/2268 
f 2317/1038/2269 2313/1039/2267 2316/1040/2267 2318/1041/2269 
f 2319/1042/2270 2320/1043/2271 2321/1044/2271 2322/1045/2270 
f 2320/1046/2271 2323/1047/2272 2324/1048/2272 2321/1049/2271 
f 2323/1050/2272 2319/1051/2270 2322/1052/2270 2324/1053/2272 
f 2325/1054/2273 2326/1055/2274 2327/1056/2275 2328/1057/2273 
f 2326/1058/2274 2329/1059/2276 2330/1060/2276 2327/1061/2275 
f 2329/1062/2276 2325/1063/2273 2328/1064/2273 2330/1065/2276 
f 2331/1066/2277 2332/1067/2278 2333/1068/2278 2334/1069/2277 
f 2332/1070/2278 2335/1071/2279 2336/1072/2279 2333/1073/2278 
f 2335/1074/2279 2331/1075/2277 2334/1076/2277 2336/1077/2279 
f 2337/1078/2280 2338/1079/2281 2339/1080/2281 2340/1081/2280 
f 2338/1082/2281 2341/1083/2282 2342/1084/2282 2339/1085/2281 
f 2341/1086/2282 2337/1087/2280 2340/1088/2280 2342/1089/2282 
f 2343/1090/2283 2344/1091/2284 2345/1092/2284 2346/1093/2283 
f 2344/1094/2284 2347/1095/2285 2348/1096/2286 2345/1097/2284 
f 2347/1098/2285 2343/1099/2283 2346/1100/2283 2348/1101/2286 
f 2349/1102/2287 2350/1103/2288 2351/1104/2288 2352/1105/2287 
f 2350/1106/2288 2353/1107/2289 2354/1108/2289 2351/1109/2288 
f 2353/1110/2289 2349/1111/2287 2352/1112/2287 2354/1113/2289 
f 2355/1114/2290 2356/1115/2291 2357/1116/2292 2358/1117/2293 
f 2356/1118/2291 2359/1119/2294 2360/1120/2295 2357/1121/2292 
f 2359/1122/2294 2361/1123/2296 2362/1124/2297 2360/1125/2295 
f 2361/1126/2296 2355/1127/2290 2358/1128/2293 2362/1129/2297 
f 2358/1117/2293 2357/1116/2292 2363/1130/2298 2364/1131/2299 
f 2357/1132/2292 2360/1133/2295 2365/1134/2300 2363/1135/2298 
f 2360/1125/2295 2362/1124/2297 2366/1136/2301 2365/1137/2300 
f 2362/1129/2297 2358/1128/2293 2364/1138/2299 2366/1139/2301 
f 2364/1131/2299 2363/1130/2298 2367/1140/2302 2368/1141/2303 
f 2363/1135/2298 2365/1134/2300 2369/1142/2304 2367/1143/2302 
f 2365/1137/2300 2366/1136/2301 2370/1144/2305 2369/1145/2304 
f 2366/1146/2301 2364/1147/2299 2368/1148/2303 2370/1149/2305 
f 2368/1141/2303 2367/1140/2302 2371/1150/2306 2372/1151/2307 
f 2367/1143/2302 2369/1142/2304 2373/1152/2308 2371/1153/2306 
f 2369/1145/2304 2370/1144/2305 2374/1154/2309 2373/1155/2308 
f 2370/1149/2305 2368/1148/2303 2372/1156/2307 2374/1157/2309 
f 2372/1158/2307 2371/1159/2306 2375/1160/2310 2376/1161/2311 
f 2371/1153/2306 2373/1152/2308 2377/1162/2312 2375/1163/2310 
f 2373/1155/2308 2374/1154/2309 2378/1164/2313 2377/1165/2312 
f 2374/1157/2309 2372/1156/2307 2376/1166/2311 2378/1167/2313 
f 2379/1168/2314 2380/1169/2315 2381/1170/2315 2382/1171/2314 
f 2380/1172/2315 2383/1173/2316 2384/1174/2316 2381/1175/2315 
f 2383/1176/2316 2379/1177/2314 2382/1178/2314 2384/1179/2316 
f 2385/1180/2317 2386/1181/2318 2387/1182/2318 2388/1183/2317 
f 2386/1184/2318 2389/1185/2319 2390/1186/2319 2387/1187/2318 
f 2389/1188/2319 2385/1189/2317 2388/1190/2317 2390/1191/2319 
f 2391/1192/2320 2392/1193/2321 2393/1194/2322 2394/1195/2320 
f 2392/1196/2321 2395/1197/2323 2396/1198/2323 2393/1199/2322 
f 2395/1200/2323 2391/1201/2320 2394/1202/2320 2396/1203/2323 
f 2397/1204/2324 2398/1205/2325 2399/1206/2326 2400/1207/2327 
f 2398/1208/2325 2401/1209/2328 2402/1210/2329 2399/1211/2326 
f 2401/1212/2328 2397/1213/2324 2400/1214/2327 2402/1215/2329 
f 2403/1216/2330 2404/1217/2331 2405/1218/2332 2406/1219/2330 
f 2404/1220/2331 2407/1221/2333 2408/1222/2333 2405/1223/2332 
f 2407/1224/2333 2403/1225/2330 2406/1226/2330 2408/1227/2333 
f 2409/1228/2334 2410/1229/2335 2411/1230/2336 2412/1231/2334 
f 2410/1232/2335 2413/1233/2337 2414/1234/2337 2411/1235/2336 
f 2413/1236/2337 2409/1237/2334 2412/1238/2334 2414/1239/2337 
f 2415/1240/2338 2416/1241/2339 2417/1242/2339 2418/1243/2338 
f 2416/1244/2339 2419/1245/2340 2420/1246/2340 2417/1247/2339 
f 2419/1248/2340 2415/1249/2338 2418/1250/2338 2420/1251/2340 
f 2421/1252/2341 2422/1253/2342 2423/1254/2342 2424/1255/2341 
f 2422/1256/2342 2425/1257/2343 2426/1258/2343 2423/1259/2342 
f 2425/1260/2343 2421/1261/2341 2424/1262/2341 2426/1263/2343 
f 2427/1264/2344 2428/1265/2345 2429/1266/2346 2430/1267/2347 
f 2428/1268/2345 2431/1269/2348 2432/1270/2349 2429/1271/2346 
f 2431/1272/2348 2433/1273/2350 2434/1274/2351 2432/1275/2349 
f 2433/1276/2350 2427/1277/2344 2430/1278/2347 2434/1279/2351 
f 2430/1267/2347 2429/1266/2346 2435/1280/2352 2436/1281/2353 
f 2429/1271/2346 2432/1270/2349 2437/1282/2354 2435/1283/2352 
f 2432/1275/2349 2434/1274/2351 2438/1284/2355 2437/1285/2354 
f 2434/1279/2351 2430/1278/2347 2436/1286/2353 2438/1287/2355 
f 2436/1281/2353 2435/1280/2352 2439/1288/2356 2440/1289/2357 
f 2435/1283/2352 2437/1282/2354 2441/1290/2358 2439/1291/2356 
f 2437/1285/2354 2438/1284/2355 2442/1292/2359 2441/1293/2358 
f 2438/1287/2355 2436/1286/2353 2440/1294/2357 2442/1295/2359 
f 2440/1289/2357 2439/1288/2356 2443/1296/2360 2444/1297/2361 
f 2439/1291/2356 2441/1290/2358 2445/1298/2362 2443/1299/2360 
f 2441/1293/2358 2442/1292/2359 2446/1300/2363 2445/1301/2362 
f 2442/1295/2359 2440/1294/2357 2444/1302/2361 2446/1303/2363 
f 2444/1297/2361 2443/1296/2360 2447/1304/2364 2448/1305/2365 
f 2443/1299/2360 2445/1298/2362 2449/1306/2366 2447/1307/2364 
f 2445/1301/2362 2446/1300/2363 2450/1308/2367 2449/1309/2366 
f 2446/1303/2363 2444/1302/2361 2448/1310/2365 2450/1311/2367 
f 2451/1312/2368 2452/1313/2369 2453/1314/2369 2454/1315/2368 
f 2452/1316/2369 2455/1317/2370 2456/1318/2370 2453/1319/2369 
f 2455/1320/2370 2451/1321/2368 2454/1322/2368 2456/1323/2370 
f 2457/1324/2371 2458/1325/2372 2459/1326/2372 2460/1327/2373 
f 2458/1328/2372 2461/1329/2374 2462/1330/2374 2459/1331/2372 
f 2461/1332/2374 2457/1333/2371 2460/1334/2373 2462/1335/2374 
f 2463/1336/2375 2464/1337/2376 2465/1338/2376 2466/1339/2375 
f 2464/1340/2376 2467/1341/2377 2468/1342/2377 2465/1343/2376 
f 2467/1344/2377 2463/1345/2375 2466/1346/2375 2468/1347/2377 
f 2469/1348/2378 2470/1349/2379 2471/1350/2379 2472/1351/2378 
f 2470/1352/2379 2473/1353/2380 2474/1354/2381 2471/1355/2379 
f 2473/1356/2380 2469/1357/2378 2472/1358/2378 2474/1359/2381 
f 2475/1360/2382 2476/1361/2383 2477/1362/2383 2478/1363/2382 
f 2476/1364/2383 2479/1365/2384 2480/1366/2385 2477/1367/2383 
f 2479/1368/2384 2475/1369/2382 2478/1370/2382 2480/1371/2385 
f 2481/1372/2386 2482/1373/2387 2483/1374/2388 2484/1375/2386 
f 2482/1376/2387 2485/1377/2389 2486/1378/2389 2483/1379/2388 
f 2485/1380/2389 2481/1381/2386 2484/1382/2386 2486/1383/2389 
f 2487/1384/2390 2488/1385/2391 2489/1386/2391 2490/1387/2390 
f 2488/1388/2391 2491/1389/2392 2492/1390/2392 2489/1391/2391 
f 2491/1392/2392 2487/1393/2390 2490/1394/2390 2492/1395/2392 
f 2493/1396/2393 2494/1397/2394 2495/1398/2394 2496/1399/2393 
f 2494/1400/2394 2497/1401/2395 2498/1402/2395 2495/1403/2394 
f 2497/1404/2395 2493/1405/2393 2496/1406/2393 2498/1407/2395 
f 2499/1408/2396 2500/1409/2397 2501/1410/2398 2502/1411/2399 
f 2500/1412/2397 2503/1413/2400 2504/1414/2401 2501/1415/2398 
f 2503/1416/2400 2505/1417/2402 2506/1418/2403 2504/1419/2401 
f 2505/1420/2402 2499/1421/2396 2502/1422/2399 2506/1423/2403 
f 2502/1411/2399 2501/1410/2398 2507/1424/2404 2508/1425/2405 
f 2501/1415/2398 2504/1414/2401 2509/1426/2406 2507/1427/2404 
f 2504/1419/2401 2506/1418/2403 2510/1428/2407 2509/1429/2406 
f 2506/1423/2403 2502/1422/2399 2508/1430/2405 2510/1431/2407 
f 2508/1425/2405 2507/1424/2404 2511/1432/2408 2512/1433/2409 
f 2507/1434/2404 2509/1435/2406 2513/1436/2410 2511/1437/2408 
f 2509/1429/2406 2510/1428/2407 2514/1438/2411 2513/1439/2410 
f 2510/1440/2407 2508/1441/2405 2512/1442/2409 2514/1443/2411 
f 2512/1444/2409 2511/1445/2408 2515/1446/2412 2516/1447/2413 
f 2511/1437/2408 2513/1436/2410 2517/1448/2414 2515/1449/2412 
f 2513/1439/2410 2514/1438/2411 2518/1450/2415 2517/1451/2414 
f 2514/1443/2411 2512/1442/2409 2516/1452/2413 2518/1453/2415 
f 2516/1447/2413 2515/1446/2412 2519/1454/2416 2520/1455/2417 
f 2515/1449/2412 2517/1448/2414 2521/1456/2418 2519/1457/2416 
f 2517/1458/2414 2518/1459/2415 2522/1460/2419 2521/1461/2418 
f 2518/1453/2415 2516/1452/2413 2520/1462/2417 2522/1463/2419 
f 2523/1464/2420 2524/1465/2421 2525/1466/2421 2526/1467/2420 
f 2524/1468/2421 2527/1469/2422 2528/1470/2422 2525/1471/2421 
f 2527/1472/2422 2523/1473/2420 2526/1474/2420 2528/1475/2422 
f 2529/1476/2423 2530/1477/2424 2531/1478/2424 2532/1479/2423 
f 2530/1480/2424 2533/1481/2425 2534/1482/2425 2531/1483/2424 
f 2533/1484/2425 2529/1485/2423 2532/1486/2423 2534/1487/2425 
f 2535/1488/2426 2536/1489/2427 2537/1490/2427 2538/1491/2426 
f 2536/1492/2427 2539/1493/2428 2540/1494/2428 2537/1495/2427 
f 2539/1496/2428 2535/1497/2426 2538/1498/2426 2540/1499/2428 
f 2541/1500/2429 2542/1501/2430 2543/1502/2430 2544/1503/2429 
f 2542/1504/2430 2545/1505/2431 2546/1506/2431 2543/1507/2430 
f 2545/1508/2431 2541/1509/2429 2544/1510/2429 2546/1511/2431 
f 2547/1512/2432 2548/1513/2433 2549/1514/2433 2550/1515/2434 
f 2548/1516/2433 2551/1517/2435 2552/1518/2435 2549/1519/2433 
f 2551/1520/2435 2547/1521/2432 2550/1522/2434 2552/1523/2435 
f 2553/1524/2436 2554/1525/2437 2555/1526/2437 2556/1527/2436 
f 2554/1528/2437 2557/1529/2438 2558/1530/2438 2555/1531/2437 
f 2557/1532/2438 2553/1533/2436 2556/1534/2436 2558/1535/2438 
f 2559/1536/2439 2560/1537/2440 2561/1538/2441 2562/1539/2442 
f 2560/1540/2440 2563/1541/2443 2564/1542/2444 2561/1543/2441 
f 2563/1544/2443 2559/1545/2439 2562/1546/2442 2564/1547/2444 
f 2565/1548/2445 2566/1549/2446 2567/1550/2446 2568/1551/2445 
f 2566/1552/2446 2569/1553/2447 2570/1554/2447 2567/1555/2446 
f 2569/1556/2447 2565/1557/2445 2568/1558/2445 2570/1559/2447 
f 2571/1560/2448 2572/1561/2449 2573/1562/2450 2574/1563/2451 
f 2572/1564/2449 2575/1565/2452 2576/1566/2453 2573/1567/2450 
f 2575/1568/2452 2577/1569/2454 2578/1570/2455 2576/1571/2453 
f 2577/1572/2454 2571/1573/2448 2574/1574/2451 2578/1575/2455 
f 2574/1563/2451 2573/1562/2450 2579/1576/2456 2580/1577/2457 
f 2573/1567/2450 2576/1566/2453 2581/1578/2458 2579/1579/2456 
f 2576/1571/2453 2578/1570/2455 2582/1580/2459 2581/1581/2458 
f 2578/1575/2455 2574/1574/2451 2580/1582/2457 2582/1583/2459 
f 2580/1577/2457 2579/1576/2456 2583/1584/2460 2584/1585/2461 
f 2579/1579/2456 2581/1578/2458 2585/1586/2462 2583/1587/2460 
f 2581/1581/2458 2582/1580/2459 2586/1588/2463 2585/1589/2462 
f 2582/1583/2459 2580/1582/2457 2584/1590/2461 2586/1591/2463 
f 2584/1585/2461 2583/1584/2460 2587/1592/2464 2588/1593/2465 
f 2583/1587/2460 2585/1586/2462 2589/1594/2466 2587/1595/2464 
f 2585/1589/2462 2586/1588/2463 2590/1596/2467 2589/1597/2466 
f 2586/1591/2463 2584/1590/2461 2588/1598/2465 2590/1599/2467 
f 2588/1593/2465 2587/1592/2464 2591/1600/2468 2592/1601/2469 
f 2587/1595/2464 2589/1594/2466 2593/1602/2470 2591/1603/2468 
f 2589/1597/2466 2590/1596/2467 2594/1604/2471 2593/1605/2470 
f 2590/1599/2467 2588/1598/2465 2592/1606/2469 2594/1607/2471 
f 2595/1608/2472 2596/1609/2473 2597/1610/2473 2598/1611/2472 
f 2596/1612/2473 2599/1613/2474 2600/1614/2474 2597/1615/2473 
f 2599/1616/2474 2595/1617/2472 2598/1618/2472 2600/1619/2474 
f 2601/1620/2475 2602/1621/2476 2603/1622/2476 2604/1623/2475 
f 2602/1624/2476 2605/1625/2477 2606/1626/2477 2603/1627/2476 
f 2605/1628/2477 2601/1629/2475 2604/1630/2475 2606/1631/2477 
f 2607/1632/2478 2608/1633/2479 2609/1634/2479 2610/1635/2480 
f 2608/1636/2479 2611/1637/2481 2612/1638/2481 2609/1639/2479 
f 2611/1640/2481 2607/1641/2478 2610/1642/2480 2612/1643/2481 
f 2613/1644/2482 2614/1645/2483 2615/1646/2484 2616/1647/2485 
f 2614/1648/2483 2617/1649/2486 2618/1650/2487 2615/1651/2484 
f 2617/1652/2486 2613/1653/2482 2616/1654/2485 2618/1655/2487 
f 2619/1656/2488 2620/1657/2489 2621/1658/2489 2622/1659/2488 
f 2620/1660/2489 2623/1661/2490 2624/1662/2490 2621/1663/2489 
f 2623/1664/2490 2619/1665/2488 2622/1666/2488 2624/1667/2490 
f 2625/1668/2491 2626/1669/2492 2627/1670/2492 2628/1671/2491 
f 2626/1672/2492 2629/1673/2493 2630/1674/2493 2627/1675/2492 
f 2629/1676/2493 2625/1677/2491 2628/1678/2491 2630/1679/2493 
f 2631/1680/2494 2632/1681/2495 2633/1682/2495 2634/1683/2494 
f 2632/1684/2495 2635/1685/2496 2636/1686/2496 2633/1687/2495 
f 2635/1688/2496 2631/1689/2494 2634/1690/2494 2636/1691/2496 
f 2637/1692/2497 2638/1693/2498 2639/1694/2498 2640/1695/2499 
f 2638/1696/2498 2641/1697/2500 2642/1698/2500 2639/1699/2498 
f 2641/1700/2500 2637/1701/2497 2640/1702/2499 2642/1703/2500 
f 2643/1704/2501 2644/1705/2502 2645/1706/2503 2646/1707/2504 
f 2644/1708/2502 2647/1709/2505 2648/1710/2506 2645/1711/2503 
f 2647/1712/2505 2649/1713/2507 2650/1714/2508 2648/1715/2506 
f 2649/1716/2507 2643/1717/2501 2646/1718/2504 2650/1719/2508 
f 2646/1707/2504 2645/1706/2503 2651/1720/2509 2652/1721/2510 
f 2645/1711/2503 2648/1710/2506 2653/1722/2511 2651/1723/2509 
f 2648/1715/2506 2650/1714/2508 2654/1724/2512 2653/1725/2511 
f 2650/1719/2508 2646/1718/2504 2652/1726/2510 2654/1727/2512 
f 2652/1721/2510 2651/1720/2509 2655/1728/2513 2656/1729/2514 
f 2651/1730/2509 2653/1731/2511 2657/1732/2515 2655/1733/2513 
f 2653/1725/2511 2654/1724/2512 2658/1734/2516 2657/1735/2515 
f 2654/1736/2512 2652/1737/2510 2656/1738/2514 2658/1739/2516 
f 2656/1740/2514 2655/1741/2513 2659/1742/2517 2660/1743/2518 
f 2655/1733/2513 2657/1732/2515 2661/1744/2519 2659/1745/2517 
f 2657/1746/2515 2658/1747/2516 2662/1748/2520 2661/1749/2519 
f 2658/1739/2516 2656/1738/2514 2660/1750/2518 2662/1751/2520 
f 2660/1743/2518 2659/1742/2517 2663/1752/2521 2664/1753/2522 
f 2659/1745/2517 2661/1744/2519 2665/1754/2523 2663/1755/2521 
f 2661/1749/2519 2662/1748/2520 2666/1756/2524 2665/1757/2523 
f 2662/1751/2520 2660/1750/2518 2664/1758/2522 2666/1759/2524 
f 2667/1760/2525 2668/1761/2526 2669/1762/2526 2670/1763/2525 
f 2668/1764/2526 2671/1765/2527 2672/1766/2527 2669/1767/2526 
f 2671/1768/2527 2667/1769/2525 2670/1770/2525 2672/1771/2527 
f 2673/1772/2528 2674/1773/2529 2675/1774/2529 2676/1775/2528 
f 2674/1776/2529 2677/1777/2530 2678/1778/2530 2675/1779/2529 
f 2677/1780/2530 2673/1781/2528 2676/1782/2528 2678/1783/2530 
f 2679/1784/2531 2680/1785/2532 2681/1786/2532 2682/1787/2531 
f 2680/1788/2532 2683/1789/2533 2684/1790/2533 2681/1791/2532 
f 2683/1792/2533 2679/1793/2531 2682/1794/2531 2684/1795/2533 
f 2685/1796/2534 2686/1797/2535 2687/1798/2536 2688/1799/2537 
f 2686/1800/2535 2689/1801/2538 2690/1802/2539 2687/1803/2536 
f 2689/1804/2538 2685/1805/2534 2688/1806/2537 2690/1807/2539 
f 2691/1808/2540 2692/1809/2541 2693/1810/2541 2694/1811/2540 
f 2692/1812/2541 2695/1813/2542 2696/1814/2542 2693/1815/2541 
f 2695/1816/2542 2691/1817/2540 2694/1818/2540 2696/1819/2542 
f 2697/1820/2543 2698/1821/2544 2699/1822/2544 2700/1823/2543 
f 2698/1824/2544 2701/1825/2545 2702/1826/2545 2699/1827/2544 
f 2701/1828/2545 2697/1829/2543 2700/1830/2543 2702/1831/2545 
f 2703/1832/2546 2704/1833/2547 2705/1834/2547 2706/1835/2548 
f 2704/1836/2547 2707/1837/2549 2708/1838/2549 2705/1839/2547 
f 2707/1840/2549 2703/1841/2546 2706/1842/2548 2708/1843/2549 
f 2709/1844/2550 2710/1845/2551 2711/1846/2551 2712/1847/2552 
f 2710/1848/2551 2713/1849/2553 2714/1850/2553 2711/1851/2551 
f 2713/1852/2553 2709/1853/2550 2712/1854/2552 2714/1855/2553 
f 2715/1856/2554 2716/1857/2555 2717/1858/2556 2718/1859/2557 
f 2716/1860/2555 2719/1861/2558 2720/1862/2559 2717/1863/2556 
f 2719/1864/2558 2721/1865/2560 2722/1866/2561 2720/1867/2559 
f 2721/1868/2560 2715/1869/2554 2718/1870/2557 2722/1871/2561 
f 2718/1859/2557 2717/1858/2556 2723/1872/2562 2724/1873/2563 
f 2717/1874/2556 2720/1875/2559 2725/1876/2564 2723/1877/2562 
f 2720/1867/2559 2722/1866/2561 2726/1878/2565 2725/1879/2564 
f 2722/1880/2561 2718/1881/2557 2724/1882/2563 2726/1883/2565 
f 2724/1873/2563 2723/1872/2562 2727/1884/2566 2728/1885/2567 
f 2723/1877/2562 2725/1876/2564 2729/1886/2568 2727/1887/2566 
f 2725/1879/2564 2726/1878/2565 2730/1888/2569 2729/1889/2568 
f 2726/1883/2565 2724/1882/2563 2728/1890/2567 2730/1891/2569 
f 2728/1885/2567 2727/1884/2566 2731/1892/2570 2732/1893/2571 
f 2727/1887/2566 2729/1886/2568 2733/1894/2572 2731/1895/2570 
f 2729/1889/2568 2730/1888/2569 2734/1896/2573 2733/1897/2572 
f 2730/1891/2569 2728/1890/2567 2732/1898/2571 2734/1899/2573 
f 2732/1900/2571 2731/1901/2570 2735/1902/2574 2736/1903/2575 
f 2731/1895/2570 2733/1894/2572 2737/1904/2576 2735/1905/2574 
f 2733/1897/2572 2734/1896/2573 2738/1906/2577 2737/1907/2576 
f 2734/1899/2573 2732/1898/2571 2736/1908/2575 2738/1909/2577 
f 2739/1910/2578 2740/1911/2579 2741/1912/2579 2742/1913/2578 
f 2740/1914/2579 2743/1915/2580 2744/1916/2580 2741/1917/2579 
f 2743/1918/2580 2739/1919/2578 2742/1920/2578 2744/1921/2580 
f 2745/1922/2581 2746/1923/2582 2747/1924/2583 2748/1925/2584 
f 2746/1926/2582 2749/1927/2585 2750/1928/2585 2747/1929/2583 
f 2749/1930/2585 2745/1931/2581 2748/1932/2584 2750/1933/2585 
f 2751/1934/2586 2752/1935/2587 2753/1936/2587 2754/1937/2586 
f 2752/1938/2587 2755/1939/2588 2756/1940/2588 2753/1941/2587 
f 2755/1942/2588 2751/1943/2586 2754/1944/2586 2756/1945/2588 
f 2757/1946/2589 2758/1947/2590 2759/1948/2591 2760/1949/2592 
f 2758/1950/2590 2761/1951/2593 2762/1952/2594 2759/1953/2591 
f 2761/1954/2593 2757/1955/2589 2760/1956/2592 2762/1957/2594 
f 2763/1958/2595 2764/1959/2596 2765/1960/2596 2766/1961/2595 
f 2764/1962/2596 2767/1963/2597 2768/1964/2597 2765/1965/2596 
f 2767/1966/2597 2763/1967/2595 2766/1968/2595 2768/1969/2597 
f 2769/1970/2598 2770/1971/2599 2771/1972/2599 2772/1973/2598 
f 2770/1974/2599 2773/1975/2600 2774/1976/2600 2771/1977/2599 
f 2773/1978/2600 2769/1979/2598 2772/1980/2598 2774/1981/2600 
f 2775/1982/2601 2776/1983/2602 2777/1984/2602 2778/1985/2601 
f 2776/1986/2602 2779/1987/2603 2780/1988/2604 2777/1989/2602 
f 2779/1990/2603 2775/1991/2601 2778/1992/2601 2780/1993/2604 
f 2781/1994/2605 2782/1995/2606 2783/1996/2606 2784/1997/2605 
f 2782/1998/2606 2785/1999/2607 2786/2000/2607 2783/2001/2606 
f 2785/2002/2607 2781/2003/2605 2784/2004/2605 2786/2005/2607 
f 2787/2006/2608 2788/2007/2609 2789/2008/2610 2790/2009/2611 
f 2788/2010/2609 2791/2011/2612 2792/2012/2613 2789/2013/2610 
f 2791/2014/2612 2793/2015/2614 2794/2016/2615 2792/2017/2613 
f 2793/2018/2614 2787/2019/2608 2790/2020/2611 2794/2021/2615 
f 2790/2009/2611 2789/2008/2610 2795/2022/2616 2796/2023/2617 
f 2789/2013/2610 2792/2012/2613 2797/2024/2618 2795/2025/2616 
f 2792/2017/2613 2794/2016/2615 2798/2026/2619 2797/2027/2618 
f 2794/2021/2615 2790/2020/2611 2796/2028/2617 2798/2029/2619 
f 2796/2023/2617 2795/2022/2616 2799/2030/2620 2800/2031/2621 
f 2795/2025/2616 2797/2024/2618 2801/2032/2622 2799/2033/2620 
f 2797/2027/2618 2798/2026/2619 2802/2034/2623 2801/2035/2622 
f 2798/2029/2619 2796/2028/2617 2800/2036/2621 2802/2037/2623 
f 2800/2031/2621 2799/2030/2620 2803/2038/2624 2804/2039/2625 
f 2799/2033/2620 2801/2032/2622 2805/2040/2626 2803/2041/2624 
f 2801/2035/2622 2802/2034/2623 2806/2042/2627 2805/2043/2626 
f 2802/2037/2623 2800/2036/2621 2804/2044/2625 2806/2045/2627 
f 2804/2039/2625 2803/2038/2624 2807/2046/2628 2808/2047/2629 
f 2803/2041/2624 2805/2040/2626 2809/2048/2630 2807/2049/2628 
f 2805/2043/2626 2806/2042/2627 2810/2050/2631 2809/2051/2630 
f 2806/2045/2627 2804/2044/2625 2808/2052/2629 2810/2053/2631 
f 2811/2054/2632 2812/2055/2633 2813/2056/2634 2814/2057/2632 
f 2812/2058/2633 2815/2059/2635 2816/2060/2635 2813/2061/2634 
f 2815/2062/2635 2811/2063/2632 2814/2064/2632 2816/2065/2635 
f 2817/2066/2636 2818/2067/2637 2819/2068/2637 2820/2069/2636 
f 2818/2070/2637 2821/2071/2638 2822/2072/2638 2819/2073/2637 
f 2821/2074/2638 2817/2075/2636 2820/2076/2636 2822/2077/2638 
f 2823/2078/2639 2824/2079/2640 2825/2080/2640 2826/2081/2639 
f 2824/2082/2640 2827/2083/2641 2828/2084/2641 2825/2085/2640 
f 2827/2086/2641 2823/2087/2639 2826/2088/2639 2828/2089/2641 
f 2829/2090/2642 2830/2091/2643 2831/2092/2643 2832/2093/2644 
f 2830/2094/2643 2833/2095/2645 2834/2096/2645 2831/2097/2643 
f 2833/2098/2645 2829/2099/2642 2832/2100/2644 2834/2101/2645 
f 2835/2102/2646 2836/2103/2647 2837/2104/2648 2838/2105/2646 
f 2836/2106/2647 2839/2107/2649 2840/2108/2649 2837/2109/2648 
f 2839/2110/2649 2835/2111/2646 2838/2112/2646 2840/2113/2649 
f 2841/2114/2650 2842/2115/2651 2843/2116/2651 2844/2117/2650 
f 2842/2118/2651 2845/2119/2652 2846/2120/2652 2843/2121/2651 
f 2845/2122/2652 2841/2123/2650 2844/2124/2650 2846/2125/2652 
f 2847/2126/2653 2848/2127/2654 2849/2128/2654 2850/2129/2655 
f 2848/2130/2654 2851/2131/2656 2852/2132/2656 2849/2133/2654 
f 2851/2134/2656 2847/2135/2653 2850/2136/2655 2852/2137/2656 
f 2853/2138/2657 2854/2139/2658 2855/2140/2659 2856/2141/2660 
f 2854/2142/2658 2857/2143/2661 2858/2144/2662 2855/2145/2659 
f 2857/2146/2661 2853/2147/2657 2856/2148/2660 2858/2149/2662 
f 2859/2150/2663 2860/2151/2664 2861/2152/2665 2862/2153/2666 
f 2860/2154/2664 2863/2155/2667 2864/2156/2668 2861/2157/2665 
f 2863/2158/2667 2865/2159/2669 2866/2160/2670 2864/2161/2668 
f 2865/2162/2669 2859/2163/2663 2862/2164/2666 2866/2165/2670 
f 2862/2153/2666 2861/2152/2665 2867/2166/2671 2868/2167/2672 
f 2861/2157/2665 2864/2156/2668 2869/2168/2673 2867/2169/2671 
f 2864/2161/2668 2866/2160/2670 2870/2170/2674 2869/2171/2673 
f 2866/2165/2670 2862/2164/2666 2868/2172/2672 2870/2173/2674 
f 2868/2167/2672 2867/2166/2671 2871/2174/2675 2872/2175/2676 
f 2867/2169/2671 2869/2168/2673 2873/2176/2677 2871/2177/2675 
f 2869/2171/2673 2870/2170/2674 2874/2178/2678 2873/2179/2677 
f 2870/2173/2674 2868/2172/2672 2872/2180/2676 2874/2181/2678 
f 2872/2175/2676 2871/2174/2675 2875/2182/2679 2876/2183/2680 
f 2871/2177/2675 2873/2176/2677 2877/2184/2681 2875/2185/2679 
f 2873/2179/2677 2874/2178/2678 2878/2186/2682 2877/2187/2681 
f 2874/2181/2678 2872/2180/2676 2876/2188/2680 2878/2189/2682 
f 2876/2183/2680 2875/2182/2679 2879/2190/2683 2880/2191/2684 
f 2875/2185/2679 2877/2184/2681 2881/2192/2685 2879/2193/2683 
f 2877/2187/2681 2878/2186/2682 2882/2194/2686 2881/2195/2685 
f 2878/2189/2682 2876/2188/2680 2880/2196/2684 2882/2197/2686 
f 2883/2198/2687 2884/2199/2688 2885/2200/2688 2886/2201/2687 
f 2884/2202/2688 2887/2203/2689 2888/2204/2689 2885/2205/2688 
f 2887/2206/2689 2883/2207/2687 2886/2208/2687 2888/2209/2689 
f 2889/2210/2690 2890/2211/2691 2891/2212/2691 2892/2213/2690 
f 2890/2214/2691 2893/2215/2692 2894/2216/2692 2891/2217/2691 
f 2893/2218/2692 2889/2219/2690 2892/2220/2690 2894/2221/2692 
f 2895/2222/2693 2896/2223/2694 2897/2224/2694 2898/2225/2693 
f 2896/2226/2694 2899/2227/2695 2900/2228/2695 2897/2229/2694 
f 2899/2230/2695 2895/2231/2693 2898/2232/2693 2900/2233/2695 
f 2901/2234/2696 2902/2235/2697 2903/2236/2697 2904/2237/2696 
f 2902/2238/2697 2905/2239/2698 2906/2240/2698 2903/2241/2697 
f 2905/2242/2698 2901/2243/2696 2904/2244/2696 2906/2245/2698 
f 2907/2246/2699 2908/2247/2700 2909/2248/2700 2910/2249/2699 
f 2908/2250/2700 2911/2251/2701 2912/2252/2701 2909/2253/2700 
f 2911/2254/2701 2907/2255/2699 2910/2256/2699 2912/2257/2701 
f 2913/2258/2702 2914/2259/2703 2915/2260/2703 2916/2261/2702 
f 2914/2262/2703 2917/2263/2704 2918/2264/2704 2915/2265/2703 
f 2917/2266/2704 2913/2267/2702 2916/2268/2702 2918/2269/2704 
f 2919/2270/2705 2920/2271/2706 2921/2272/2706 2922/2273/2707 
f 2920/2274/2706 2923/2275/2708 2924/2276/2708 2921/2277/2706 
f 2923/2278/2708 2919/2279/2705 2922/2280/2707 2924/2281/2708 
f 2925/2282/2709 2926/2283/2710 2927/2284/2711 2928/2285/2709 
f 2926/2286/2710 2929/2287/2712 2930/2288/2712 2927/2289/2711 
f 2929/2290/2712 2925/2291/2709 2928/2292/2709 2930/2293/2712 
f 2931/2294/2713 2932/2295/2714 2933/2296/2715 2934/2297/2716 
f 2932/2298/2714 2935/2299/2717 2936/2300/2718 2933/2301/2715 
f 2935/2302/2717 2937/2303/2719 2938/2304/2720 2936/2305/2718 
f 2937/2306/2719 2931/2307/2713 2934/2308/2716 2938/2309/2720 
f 2934/2297/2716 2933/2296/2715 2939/2310/2721 2940/2311/2722 
f 2933/2301/2715 2936/2300/2718 2941/2312/2723 2939/2313/2721 
f 2936/2305/2718 2938/2304/2720 2942/2314/2724 2941/2315/2723 
f 2938/2309/2720 2934/2308/2716 2940/2316/2722 2942/2317/2724 
f 2940/2311/2722 2939/2310/2721 2943/2318/2725 2944/2319/2726 
f 2939/2313/2721 2941/2312/2723 2945/2320/2727 2943/2321/2725 
f 2941/2315/2723 2942/2314/2724 2946/2322/2728 2945/2323/2727 
f 2942/2317/2724 2940/2316/2722 2944/2324/2726 2946/2325/2728 
f 2944/2319/2726 2943/2318/2725 2947/2326/2729 2948/2327/2730 
f 2943/2321/2725 2945/2320/2727 2949/2328/2731 2947/2329/2729 
f 2945/2323/2727 2946/2322/2728 2950/2330/2732 2949/2331/2731 
f 2946/2325/2728 2944/2324/2726 2948/2332/2730 2950/2333/2732 
f 2948/2327/2730 2947/2326/2729 2951/2334/2733 2952/2335/2734 
f 2947/2329/2729 2949/2328/2731 2953/2336/2735 2951/2337/2733 
f 2949/2331/2731 2950/2330/2732 2954/2338/2736 2953/2339/2735 
f 2950/2333/2732 2948/2332/2730 2952/2340/2734 2954/2341/2736 
f 2955/2342/2737 2956/2343/2738 2957/2344/2738 2958/2345/2737 
f 2956/2346/2738 2959/2347/2739 2960/2348/2739 2957/2349/2738 
f 2959/2350/2739 2955/2351/2737 2958/2352/2737 2960/2353/2739 
f 2961/2354/2740 2962/2355/2741 2963/2356/2741 2964/2357/2740 
f 2962/2358/2741 2965/2359/2742 2966/2360/2742 2963/2361/2741 
f 2965/2362/2742 2961/2363/2740 2964/2364/2740 2966/2365/2742 
f 2967/2366/2743 2968/2367/2744 2969/2368/2744 2970/2369/2743 
f 2968/2370/2744 2971/2371/2745 2972/2372/2745 2969/2373/2744 
f 2971/2374/2745 2967/2375/2743 2970/2376/2743 2972/2377/2745 
f 2973/2378/2746 2974/2379/2747 2975/2380/2747 2976/2381/2746 
f 2974/2382/2747 2977/2383/2748 2978/2384/2748 2975/2385/2747 
f 2977/2386/2748 2973/2387/2746 2976/2388/2746 2978/2389/2748 
f 2979/2390/2749 2980/2391/2750 2981/2392/2750 2982/2393/2751 
f 2980/2394/2750 2983/2395/2752 2984/2396/2752 2981/2397/2750 
f 2983/2398/2752 2979/2399/2749 2982/2400/2751 2984/2401/2752 
f 2985/2402/2753 2986/2403/2754 2987/2404/2754 2988/2405/2753 
f 2986/2406/2754 2989/2407/2755 2990/2408/2756 2987/2409/2754 
f 2989/2410/2755 2985/2411/2753 2988/2412/2753 2990/2413/2756 
f 2991/2414/2757 2992/2415/2758 2993/2416/2758 2994/2417/2757 
f 2992/2418/2758 2995/2419/2759 2996/2420/2759 2993/2421/2758 
f 2995/2422/2759 2991/2423/2757 2994/2424/2757 2996/2425/2759 
f 2997/2426/2760 2998/2427/2761 2999/2428/2761 3000/2429/2760 
f 2998/2430/2761 3001/2431/2762 3002/2432/2762 2999/2433/2761 
f 3001/2434/2762 2997/2435/2760 3000/2436/2760 3002/2437/2762 
f 3003/2438/2763 3004/2439/2764 3005/2440/2765 3006/2441/2766 
f 3004/2442/2764 3007/2443/2767 3008/2444/2768 3005/2445/2765 
f 3007/2446/2767 3009/2447/2769 3010/2448/2770 3008/2449/2768 
f 3009/2450/2769 3003/2451/2763 3006/2452/2766 3010/2453/2770 
f 3006/2441/2766 3005/2440/2765 3011/2454/2771 3012/2455/2772 
f 3005/2445/2765 3008/2444/2768 3013/2456/2773 3011/2457/2771 
f 3008/2449/2768 3010/2448/2770 3014/2458/2774 3013/2459/2773 
f 3010/2453/2770 3006/2452/2766 3012/2460/2772 3014/2461/2774 
f 3012/2455/2772 3011/2454/2771 3015/2462/2775 3016/2463/2776 
f 3011/2457/2771 3013/2456/2773 3017/2464/2777 3015/2465/2775 
f 3013/2459/2773 3014/2458/2774 3018/2466/2778 3017/2467/2777 
f 3014/2461/2774 3012/2460/2772 3016/2468/2776 3018/2469/2778 
f 3016/2463/2776 3015/2462/2775 3019/2470/2779 3020/2471/2780 
f 3015/2465/2775 3017/2464/2777 3021/2472/2781 3019/2473/2779 
f 3017/2467/2777 3018/2466/2778 3022/2474/2782 3021/2475/2781 
f 3018/2469/2778 3016/2468/2776 3020/2476/2780 3022/2477/2782 
f 3020/2471/2780 3019/2470/2779 3023/2478/2783 3024/2479/2784 
f 3019/2473/2779 3021/2472/2781 3025/2480/2785 3023/2481/2783 
f 3021/2475/2781 3022/2474/2782 3026/2482/2786 3025/2483/2785 
f 3022/2477/2782 3020/2476/2780 3024/2484/2784 3026/2485/2786 
f 3027/2486/2787 3028/2487/2788 3029/2488/2788 3030/2489/2789 
f 3028/2490/2788 3031/2491/2790 3032/2492/2790 3029/2493/2788 
f 3031/2494/2790 3027/2495/2787 3030/2496/2789 3032/2497/2790 
f 3033/2498/2791 3034/2499/2792 3035/2500/2792 3036/2501/2791 
f 3034/2502/2792 3037/2503/2793 3038/2504/2793 3035/2505/2792 
f 3037/2506/2793 3033/2507/2791 3036/2508/2791 3038/2509/2793 
f 3039/2510/2794 3040/2511/2795 3041/2512/2795 3042/2513/2794 
f 3040/2514/2795 3043/2515/2796 3044/2516/2796 3041/2517/2795 
f 3043/2518/2796 3039/2519/2794 3042/2520/2794 3044/2521/2796 
f 3045/2522/2797 3046/2523/2798 3047/2524/2798 3048/2525/2797 
f 3046/2526/2798 3049/2527/2799 3050/2528/2799 3047/2529/2798 
f 3049/2530/2799 3045/2531/2797 3048/2532/2797 3050/2533/2799 
f 3051/2534/2800 3052/2535/2801 3053/2536/2801 3054/2537/2800 
f 3052/2538/2801 3055/2539/2802 3056/2540/2802 3053/2541/2801 
f 3055/2542/2802 3051/2543/2800 3054/2544/2800 3056/2545/2802 
f 3057/2546/2803 3058/2547/2804 3059/2548/2805 3060/2549/2806 
f 3058/2550/2804 3061/2551/2807 3062/2552/2807 3059/2553/2805 
f 3061/2554/2807 3057/2555/2803 3060/2556/2806 3062/2557/2807 
f 3063/2558/2808 3064/2559/2809 3065/2560/2810 3066/2561/2808 
f 3064/2562/2809 3067/2563/2811 3068/2564/2811 3065/2565/2810 
f 3067/2566/2811 3063/2567/2808 3066/2568/2808 3068/2569/2811 
f 3069/2570/2812 3070/2571/2813 3071/2572/2814 3072/2573/2815 
f 3070/2574/2813 3073/2575/2816 3074/2576/2817 3071/2577/2814 
f 3073/2578/2816 3075/2579/2818 3076/2580/2819 3074/2581/2817 
f 3075/2582/2818 3069/2583/2812 3072/2584/2815 3076/2585/2819 
f 3072/2573/2815 3071/2572/2814 3077/2586/2820 3078/2587/2821 
f 3071/2577/2814 3074/2576/2817 3079/2588/2822 3077/2589/2820 
f 3074/2581/2817 3076/2580/2819 3080/2590/2823 3079/2591/2822 
f 3076/2585/2819 3072/2584/2815 3078/2592/2821 3080/2593/2823 
f 3078/2587/2821 3077/2586/2820 3081/2594/2824 3082/2595/2825 
f 3077/2589/2820 3079/2588/2822 3083/2596/2826 3081/2597/2824 
f 3079/2591/2822 3080/2590/2823 3084/2598/2827 3083/2599/2826 
f 3080/2593/2823 3078/2592/2821 3082/2600/2825 3084/2601/2827 
f 3082/2595/2825 3081/2594/2824 3085/2602/2828 3086/2603/2829 
f 3081/2597/2824 3083/2596/2826 3087/2604/2830 3085/2605/2828 
f 3083/2599/2826 3084/2598/2827 3088/2606/2831 3087/2607/2830 
f 3084/2601/2827 3082/2600/2825 3086/2608/2829 3088/2609/2831 
f 3086/2603/2829 3085/2602/2828 3089/2610/2832 3090/2611/2833 
f 3085/2605/2828 3087/2604/2830 3091/2612/2834 3089/2613/2832 
f 3087/2607/2830 3088/2606/2831 3092/2614/2835 3091/2615/2834 
f 3088/2609/2831 3086/2608/2829 3090/2616/2833 3092/2617/2835 
f 3093/2618/2836 3094/2619/2837 3095/2620/2837 3096/2621/2836 
f 3094/2622/2837 3097/2623/2838 3098/2624/2838 3095/2625/2837 
f 3097/2626/2838 3093/2627/2836 3096/2628/2836 3098/2629/2838 
f 3099/2630/2839 3100/2631/2840 3101/2632/2840 3102/2633/2839 
f 3100/2634/2840 3103/2635/2841 3104/2636/2841 3101/2637/2840 
f 3103/2638/2841 3099/2639/2839 3102/2640/2839 3104/2641/2841 
f 3105/2642/2842 3106/2643/2843 3107/2644/2843 3108/2645/2842 
f 3106/2646/2843 3109/2647/2844 3110/2648/2844 3107/2649/2843 
f 3109/2650/2844 3105/2651/2842 3108/2652/2842 3110/2653/2844 
f 3111/2654/2845 3112/2655/2846 3113/2656/2846 3114/2657/2845 
f 3112/2658/2846 3115/2659/2847 3116/2660/2847 3113/2661/2846 
f 3115/2662/2847 3111/2663/2845 3114/2664/2845 3116/2665/2847 
f 3117/2666/2848 3118/2667/2849 3119/2668/2849 3120/2669/2848 
f 3118/2670/2849 3121/2671/2850 3122/2672/2850 3119/2673/2849 
f 3121/2674/2850 3117/2675/2848 3120/2676/2848 3122/2677/2850 
f 3123/2678/2851 3124/2679/2852 3125/2680/2852 3126/2681/2851 
f 3124/2682/2852 3127/2683/2853 3128/2684/2853 3125/2685/2852 
f 3127/2686/2853 3123/2687/2851 3126/2688/2851 3128/2689/2853 
f 3129/2690/2854 3130/2691/2855 3131/2692/2855 3132/2693/2854 
f 3130/2694/2855 3133/2695/2856 3134/2696/2856 3131/2697/2855 
f 3133/2698/2856 3129/2699/2854 3132/2700/2854 3134/2701/2856 
f 3135/2702/2857 3136/2703/2858 3137/2704/2859 3138/2705/2860 
f 3136/2706/2858 3139/2707/2861 3140/2708/2862 3137/2709/2859 
f 3139/2710/2861 3141/2711/2863 3142/2712/2864 3140/2713/2862 
f 3141/2714/2863 3135/2715/2857 3138/2716/2860 3142/2717/2864 
f 3138/2705/2860 3137/2704/2859 3143/2718/2865 3144/2719/2866 
f 3137/2720/2859 3140/2721/2862 3145/2722/2867 3143/2723/2865 
f 3140/2713/2862 3142/2712/2864 3146/2724/2868 3145/2725/2867 
f 3142/2726/2864 3138/2727/2860 3144/2728/2866 3146/2729/2868 
f 3144/2719/2866 3143/2718/2865 3147/2730/2869 3148/2731/2870 
f 3143/2723/2865 3145/2722/2867 3149/2732/2871 3147/2733/2869 
f 3145/2725/2867 3146/2724/2868 3150/2734/2872 3149/2735/2871 
f 3146/2729/2868 3144/2728/2866 3148/2736/2870 3150/2737/2872 
f 3148/2731/2870 3147/2730/2869 3151/2738/2873 3152/2739/2874 
f 3147/2733/2869 3149/2732/2871 3153/2740/2875 3151/2741/2873 
f 3149/2735/2871 3150/2734/2872 3154/2742/2876 3153/2743/2875 
f 3150/2737/2872 3148/2736/2870 3152/2744/2874 3154/2745/2876 
f 3152/2739/2874 3151/2738/2873 3155/2746/2877 3156/2747/2878 
f 3151/2741/2873 3153/2740/2875 3157/2748/2879 3155/2749/2877 
f 3153/2743/2875 3154/2742/2876 3158/2750/2880 3157/2751/2879 
f 3154/2745/2876 3152/2744/2874 3156/2752/2878 3158/2753/2880 
f 3159/2754/2881 3160/2755/2882 3161/2756/2882 3162/2757/2881 
f 3160/2758/2882 3163/2759/2883 3164/2760/2883 3161/2761/2882 
f 3163/2762/2883 3159/2763/2881 3162/2764/2881 3164/2765/2883 
f 3165/2766/2884 3166/2767/2885 3167/2768/2885 3168/2769/2886 
f 3166/2770/2885 3169/2771/2887 3170/2772/2887 3167/2773/2885 
f 3169/2774/2887 3165/2775/2884 3168/2776/2886 3170/2777/2887 
f 3171/2778/2888 3172/2779/2889 3173/2780/2890 3174/2781/2888 
f 3172/2782/2889 3175/2783/2891 3176/2784/2891 3173/2785/2890 
f 3175/2786/2891 3171/2787/2888 3174/2788/2888 3176/2789/2891 
f 3177/2790/2892 3178/2791/2893 3179/2792/2894 3180/2793/2895 
f 3178/2794/2893 3181/2795/2896 3182/2796/2896 3179/2797/2894 
f 3181/2798/2896 3177/2799/2892 3180/2800/2895 3182/2801/2896 
f 3183/2802/2897 3184/2803/2898 3185/2804/2899 3186/2805/2897 
f 3184/2806/2898 3187/2807/2900 3188/2808/2901 3185/2809/2899 
f 3187/2810/2900 3183/2811/2897 3186/2812/2897 3188/2813/2901 
f 3189/2814/2902 3190/2815/2903 3191/2816/2903 3192/2817/2902 
f 3190/2818/2903 3193/2819/2904 3194/2820/2904 3191/2821/2903 
f 3193/2822/2904 3189/2823/2902 3192/2824/2902 3194/2825/2904 
f 3195/2826/2905 3196/2827/2906 3197/2828/2906 3198/2829/2905 
f 3196/2830/2906 3199/2831/2907 3200/2832/2907 3197/2833/2906 
f 3199/2834/2907 3195/2835/2905 3198/2836/2905 3200/2837/2907 
f 3201/2838/2908 3202/2839/2909 3203/2840/2910 3204/2841/2911 
f 3202/2842/2909 3205/2843/2912 3206/2844/2913 3203/2845/2910 
f 3205/2846/2912 3207/2847/2914 3208/2848/2915 3206/2849/2913 
f 3207/2850/2914 3201/2851/2908 3204/2852/2911 3208/2853/2915 
f 3204/2854/2911 3203/2855/2910 3209/2856/2916 3210/2857/2917 
f 3203/2845/2910 3206/2844/2913 3211/2858/2918 3209/2859/2916 
f 3206/2860/2913 3208/2861/2915 3212/2862/2919 3211/2863/2918 
f 3208/2853/2915 3204/2852/2911 3210/2864/2917 3212/2865/2919 
f 3210/2857/2917 3209/2856/2916 3213/2866/2920 3214/2867/2921 
f 3209/2859/2916 3211/2858/2918 3215/2868/2922 3213/2869/2920 
f 3211/2863/2918 3212/2862/2919 3216/2870/2923 3215/2871/2922 
f 3212/2865/2919 3210/2864/2917 3214/2872/2921 3216/2873/2923 
f 3214/2867/2921 3213/2866/2920 3217/2874/2924 3218/2875/2925 
f 3213/2869/2920 3215/2868/2922 3219/2876/2926 3217/2877/2924 
f 3215/2871/2922 3216/2870/2923 3220/2878/2927 3219/2879/2926 
f 3216/2873/2923 3214/2872/2921 3218/2880/2925 3220/2881/2927 
f 3218/2875/2925 3217/2874/2924 3221/2882/2928 3222/2883/2929 
f 3217/2877/2924 3219/2876/2926 3223/2884/2930 3221/2885/2928 
f 3219/2879/2926 3220/2878/2927 3224/2886/2931 3223/2887/2930 
f 3220/2881/2927 3218/2880/2925 3222/2888/2929 3224/2889/2931 
f 3225/2890/2932 3226/2891/2933 3227/2892/2933 3228/2893/2932 
f 3226/2894/2933 3229/2895/2934 3230/2896/2934 3227/2897/2933 
f 3229/2898/2934 3225/2899/2932 3228/2900/2932 3230/2901/2934 
f 3231/2902/2935 3232/2903/2936 3233/2904/2936 3234/2905/2935 
f 3232/2906/2936 3235/2907/2937 3236/2908/2937 3233/2909/2936 
f 3235/2910/2937 3231/2911/2935 3234/2912/2935 3236/2913/2937 
f 3237/2914/2938 3238/2915/2939 3239/2916/2940 3240/2917/2938 
f 3238/2918/2939 3241/2919/2941 3242/2920/2942 3239/2921/2940 
f 3241/2922/2941 3237/2923/2938 3240/2924/2938 3242/2925/2942 
f 3243/2926/2943 3244/2927/2944 3245/2928/2945 3246/2929/2946 
f 3244/2930/2944 3247/2931/2947 3248/2932/2948 3245/2933/2945 
f 3247/2934/2947 3243/2935/2943 3246/2936/2946 3248/2937/2948 
f 3249/2938/2949 3250/2939/2950 3251/2940/2950 3252/2941/2951 
f 3250/2942/2950 3253/2943/2952 3254/2944/2952 3251/2945/2950 
f 3253/2946/2952 3249/2947/2949 3252/2948/2951 3254/2949/2952 
f 3255/2950/2953 3256/2951/2954 3257/2952/2954 3258/2953/2953 
f 3256/2954/2954 3259/2955/2955 3260/2956/2955 3257/2957/2954 
f 3259/2958/2955 3255/2959/2953 3258/2960/2953 3260/2961/2955 
f 3261/2962/2956 3262/2963/2957 3263/2964/2957 3264/2965/2956 
f 3262/2966/2957 3265/2967/2958 3266/2968/2958 3263/2969/2957 
f 3265/2970/2958 3261/2971/2956 3264/2972/2956 3266/2973/2958 
f 3267/2974/2959 3268/2975/2960 3269/2976/2961 3270/2977/2962 
f 3268/2978/2960 3271/2979/2963 3272/2980/2964 3269/2981/2961 
f 3271/2982/2963 3273/2983/2965 3274/2984/2966 3272/2985/2964 
f 3273/2986/2965 3267/2987/2959 3270/2988/2962 3274/2989/2966 
f 3270/2977/2962 3269/2976/2961 3275/2990/2967 3276/2991/2968 
f 3269/2981/2961 3272/2980/2964 3277/2992/2969 3275/2993/2967 
f 3272/2985/2964 3274/2984/2966 3278/2994/2970 3277/2995/2969 
f 3274/2989/2966 3270/2988/2962 3276/2996/2968 3278/2997/2970 
f 3276/2998/2968 3275/2999/2967 3279/3000/2971 3280/3001/2972 
f 3275/2993/2967 3277/2992/2969 3281/3002/2973 3279/3003/2971 
f 3277/3004/2969 3278/3005/2970 3282/3006/2974 3281/3007/2973 
f 3278/2997/2970 3276/2996/2968 3280/3008/2972 3282/3009/2974 
f 3280/3001/2972 3279/3000/2971 3283/3010/2975 3284/3011/2976 
f 3279/3003/2971 3281/3002/2973 3285/3012/2977 3283/3013/2975 
f 3281/3007/2973 3282/3006/2974 3286/3014/2978 3285/3015/2977 
f 3282/3009/2974 3280/3008/2972 3284/3016/2976 3286/3017/2978 
f 3287/3018/2979 3288/3019/2980 3289/3020/2980 3290/3021/2979 
f 3288/3022/2980 3291/3023/2981 3292/3024/2982 3289/3025/2980 
f 3291/3026/2981 3287/3027/2979 3290/3028/2979 3292/3029/2982 
f 3293/3030/2983 3294/3031/2984 3295/3032/2985 3296/3033/2983 
f 3294/3034/2984 3297/3035/2986 3298/3036/2986 3295/3037/2985 
f 3297/3038/2986 3293/3039/2983 3296/3040/2983 3298/3041/2986 
f 3299/3042/2987 3300/3043/2988 3301/3044/2988 3302/3045/2987 
f 3300/3046/2988 3303/3047/2989 3304/3048/2989 3301/3049/2988 
f 3303/3050/2989 3299/3051/2987 3302/3052/2987 3304/3053/2989 
f 3305/3054/2990 3306/3055/2991 3307/3056/2991 3308/3057/2992 
f 3306/3058/2991 3309/3059/2993 3310/3060/2994 3307/3061/2991 
f 3309/3062/2993 3305/3063/2990 3308/3064/2992 3310/3065/2994 
f 3311/3066/2995 3312/3067/2996 3313/3068/2997 3314/3069/2998 
f 3312/3070/2996 3315/3071/2999 3316/3072/2999 3313/3073/2997 
f 3315/3074/2999 3311/3075/2995 3314/3076/2998 3316/3077/2999 
f 3317/3078/3000 3318/3079/3001 3319/3080/3001 3320/3081/3002 
f 3318/3082/3001 3321/3083/3003 3322/3084/3004 3319/3085/3001 
f 3321/3086/3003 3317/3087/3000 3320/3088/3002 3322/3089/3004 
f 3323/3090/3005 3324/3091/3006 3325/3092/3006 3326/3093/3005 
f 3324/3094/3006 3327/3095/3007 3328/3096/3007 3325/3097/3006 
f 3327/3098/3007 3323/3099/3005 3326/3100/3005 3328/3101/3007 
f 3329/3102/3008 3330/3103/3009 3331/3104/3010 3332/3105/3011 
f 3330/3106/3009 3333/3107/3012 3334/3108/3013 3331/3109/3010 
f 3333/3110/3012 3335/3111/3014 3336/3112/3015 3334/3113/3013 
f 3335/3114/3014 3329/3115/3008 3332/3116/3011 3336/3117/3015 
f 3332/3105/3011 3331/3104/3010 3337/3118/3016 3338/3119/3017 
f 3331/3109/3010 3334/3108/3013 3339/3120/3018 3337/3121/3016 
f 3334/3113/3013 3336/3112/3015 3340/3122/3019 3339/3123/3018 
f 3336/3117/3015 3332/3116/3011 3338/3124/3017 3340/3125/3019 
f 3338/3126/3017 3337/3127/3016 3341/3128/3020 3342/3129/3021 
f 3337/3121/3016 3339/3120/3018 3343/3130/3022 3341/3131/3020 
f 3339/3132/3018 3340/3133/3019 3344/3134/3023 3343/3135/3022 
f 3340/3125/3019 3338/3124/3017 3342/3136/3021 3344/3137/3023 
f 3342/3129/3021 3341/3128/3020 3345/3138/3024 3346/3139/3025 
f 3341/3140/3020 3343/3141/3022 3347/3142/3026 3345/3143/3024 
f 3343/3135/3022 3344/3134/3023 3348/3144/3027 3347/3145/3026 
f 3344/3146/3023 3342/3147/3021 3346/3148/3025 3348/3149/3027 
f 3349/3150/3028 3350/3151/3029 3351/3152/3029 3352/3153/3030 
f 3350/3154/3029 3353/3155/3031 3354/3156/3031 3351/3157/3029 
f 3353/3158/3031 3349/3159/3028 3352/3160/3030 3354/3161/3031 
f 3355/3162/3032 3356/3163/3033 3357/3164/3033 3358/3165/3032 
f 3356/3166/3033 3359/3167/3034 3360/3168/3034 3357/3169/3033 
f 3359/3170/3034 3355/3171/3032 3358/3172/3032 3360/3173/3034 
f 3361/3174/3035 3362/3175/3036 3363/3176/3036 3364/3177/3035 
f 3362/3178/3036 3365/3179/3037 3366/3180/3037 3363/3181/3036 
f 3365/3182/3037 3361/3183/3035 3364/3184/3035 3366/3185/3037 
f 3367/3186/3038 3368/3187/3039 3369/3188/3039 3370/3189/3038 
f 3368/3190/3039 3371/3191/3040 3372/3192/3040 3369/3193/3039 
f 3371/3194/3040 3367/3195/3038 3370/3196/3038 3372/3197/3040 
f 3373/3198/3041 3374/3199/3042 3375/3200/3042 3376/3201/3041 
f 3374/3202/3042 3377/3203/3043 3378/3204/3043 3375/3205/3042 
f 3377/3206/3043 3373/3207/3041 3376/3208/3041 3378/3209/3043 
f 3379/3210/3044 3380/3211/3045 3381/3212/3045 3382/3213/3046 
f 3380/3214/3045 3383/3215/3047 3384/3216/3047 3381/3217/3045 
f 3383/3218/3047 3379/3219/3044 3382/3220/3046 3384/3221/3047 
f 3385/3222/3048 3386/3223/3049 3387/3224/3049 3388/3225/3050 
f 3386/3226/3049 3389/3227/3051 3390/3228/3051 3387/3229/3049 
f 3389/3230/3051 3385/3231/3048 3388/3232/3050 3390/3233/3051 
f 3391/3234/3052 3392/3235/3053 3393/3236/3054 3394/3237/3055 
f 3392/3238/3053 3395/3239/3056 3396/3240/3057 3393/3241/3054 
f 3395/3242/3056 3397/3243/3058 3398/3244/3059 3396/3245/3057 
f 3397/3246/3058 3391/3247/3052 3394/3248/3055 3398/3249/3059 
f 3394/3237/3055 3393/3236/3054 3399/3250/3060 3400/3251/3061 
f 3393/3241/3054 3396/3240/3057 3401/3252/3062 3399/3253/3060 
f 3396/3245/3057 3398/3244/3059 3402/3254/3063 3401/3255/3062 
f 3398/3249/3059 3394/3248/3055 3400/3256/3061 3402/3257/3063 
f 3400/3258/3061 3399/3259/3060 3403/3260/3064 3404/3261/3065 
f 3399/3253/3060 3401/3252/3062 3405/3262/3066 3403/3263/3064 
f 3401/3264/3062 3402/3265/3063 3406/3266/3067 3405/3267/3066 
f 3402/3257/3063 3400/3256/3061 3404/3268/3065 3406/3269/3067 
f 3404/3261/3065 3403/3260/3064 3407/3270/3068 3408/3271/3069 
f 3403/3272/3064 3405/3273/3066 3409/3274/3070 3407/3275/3068 
f 3405/3267/3066 3406/3266/3067 3410/3276/3071 3409/3277/3070 
f 3406/3278/3067 3404/3279/3065 3408/3280/3069 3410/3281/3071 
f 3411/3282/3072 3412/3283/3073 3413/3284/3073 3414/3285/3074 
f 3412/3286/3073 3415/3287/3075 3416/3288/3076 3413/3289/3073 
f 3415/3290/3075 3411/3291/3072 3414/3292/3074 3416/3293/3076 
f 3417/3294/3077 3418/3295/3078 3419/3296/3078 3420/3297/3079 
f 3418/3298/3078 3421/3299/3080 3422/3300/3080 3419/3301/3078 
f 3421/3302/3080 3417/3303/3077 3420/3304/3079 3422/3305/3080 
f 3423/3306/3081 3424/3307/3082 3425/3308/3083 3426/3309/3084 
f 3424/3310/3082 3427/3311/3085 3428/3312/3085 3425/3313/3083 
f 3427/3314/3085 3423/3315/3081 3426/3316/3084 3428/3317/3085 
f 3429/3318/3086 3430/3319/3087 3431/3320/3088 3432/3321/3086 
f 3430/3322/3087 3433/3323/3089 3434/3324/3089 3431/3325/3088 
f 3433/3326/3089 3429/3327/3086 3432/3328/3086 3434/3329/3089 
f 3435/3330/3090 3436/3331/3091 3437/3332/3092 3438/3333/3093 
f 3436/3334/3091 3439/3335/3094 3440/3336/3095 3437/3337/3092 
f 3439/3338/3094 3435/3339/3090 3438/3340/3093 3440/3341/3095 
f 3441/3342/3096 3442/3343/3097 3443/3344/3097 3444/3345/3096 
f 3442/3346/3097 3445/3347/3098 3446/3348/3099 3443/3349/3097 
f 3445/3350/3098 3441/3351/3096 3444/3352/3096 3446/3353/3099 
f 3447/3354/3100 3448/3355/3101 3449/3356/3102 3450/3357/3103 
f 3448/3358/3101 3451/3359/3104 3452/3360/3105 3449/3361/3102 
f 3451/3362/3104 3453/3363/3106 3454/3364/3107 3452/3365/3105 
f 3453/3366/3106 3447/3367/3100 3450/3368/3103 3454/3369/3107 
f 3450/3370/3103 3449/3371/3102 3455/3372/3108 3456/3373/3109 
f 3449/3361/3102 3452/3360/3105 3457/3374/3110 3455/3375/3108 
f 3452/3376/3105 3454/3377/3107 3458/3378/3111 3457/3379/3110 
f 3454/3369/3107 3450/3368/3103 3456/3380/3109 3458/3381/3111 
f 3456/3373/3109 3455/3372/3108 3459/3382/3112 3460/3383/3113 
f 3455/3375/3108 3457/3374/3110 3461/3384/3114 3459/3385/3112 
f 3457/3379/3110 3458/3378/3111 3462/3386/3115 3461/3387/3114 
f 3458/3381/3111 3456/3380/3109 3460/3388/3113 3462/3389/3115 
f 3460/3383/3113 3459/3382/3112 3463/3390/3116 3464/3391/3117 
f 3459/3385/3112 3461/3384/3114 3465/3392/3118 3463/3393/3116 
f 3461/3387/3114 3462/3386/3115 3466/3394/3119 3465/3395/3118 
f 3462/3389/3115 3460/3388/3113 3464/3396/3117 3466/3397/3119 
f 3467/3398/3120 3468/3399/3121 3469/3400/3121 3470/3401/3120 
f 3468/3402/3121 3471/3403/3122 3472/3404/3122 3469/3405/3121 
f 3471/3406/3122 3467/3407/3120 3470/3408/3120 3472/3409/3122 
f 3473/3410/3123 3474/3411/3124 3475/3412/3125 3476/3413/3123 
f 3474/3414/3124 3477/3415/3126 3478/3416/3126 3475/3417/3125 
f 3477/3418/3126 3473/3419/3123 3476/3420/3123 3478/3421/3126 
f 3479/3422/3127 3480/3423/3128 3481/3424/3128 3482/3425/3127 
f 3480/3426/3128 3483/3427/3129 3484/3428/3129 3481/3429/3128 
f 3483/3430/3129 3479/3431/3127 3482/3432/3127 3484/3433/3129 
f 3485/3434/3130 3486/3435/3131 3487/3436/3132 3488/3437/3130 
f 3486/3438/3131 3489/3439/3133 3490/3440/3133 3487/3441/3132 
f 3489/3442/3133 3485/3443/3130 3488/3444/3130 3490/3445/3133 
f 3491/3446/3134 3492/3447/3135 3493/3448/3136 3494/3449/3134 
f 3492/3450/3135 3495/3451/3137 3496/3452/3138 3493/3453/3136 
f 3495/3454/3137 3491/3455/3134 3494/3456/3134 3496/3457/3138 
f 3497/3458/3139 3498/3459/3140 3499/3460/3141 3500/3461/3139 
f 3498/3462/3140 3501/3463/3142 3502/3464/3142 3499/3465/3141 
f 3501/3466/3142 3497/3467/3139 3500/3468/3139 3502/3469/3142 
f 3503/3470/3143 3504/3471/3144 3505/3472/3145 3506/3473/3146 
f 3504/3474/3144 3507/3475/3147 3508/3476/3148 3505/3477/3145 
f 3507/3478/3147 3509/3479/3149 3510/3480/3150 3508/3481/3148 
f 3509/3482/3149 3503/3483/3143 3506/3484/3146 3510/3485/3150 
f 3506/3473/3146 3505/3472/3145 3511/3486/3151 3512/3487/3152 
f 3505/3477/3145 3508/3476/3148 3513/3488/3153 3511/3489/3151 
f 3508/3481/3148 3510/3480/3150 3514/3490/3154 3513/3491/3153 
f 3510/3485/3150 3506/3484/3146 3512/3492/3152 3514/3493/3154 
f 3512/3487/3152 3511/3486/3151 3515/3494/3155 3516/3495/3156 
f 3511/3489/3151 3513/3488/3153 3517/3496/3157 3515/3497/3155 
f 3513/3491/3153 3514/3490/3154 3518/3498/3158 3517/3499/3157 
f 3514/3493/3154 3512/3492/3152 3516/3500/3156 3518/3501/3158 
f 3516/3495/3156 3515/3494/3155 3519/3502/3159 3520/3503/3160 
f 3515/3497/3155 3517/3496/3157 3521/3504/3161 3519/3505/3159 
f 3517/3499/3157 3518/3498/3158 3522/3506/3162 3521/3507/3161 
f 3518/3501/3158 3516/3500/3156 3520/3508/3160 3522/3509/3162 
f 3523/3510/3163 3524/3511/3164 3525/3512/3164 3526/3513/3163 
f 3524/3514/3164 3527/3515/3165 3528/3516/3165 3525/3517/3164 
f 3527/3518/3165 3523/3519/3163 3526/3520/3163 3528/3521/3165 
f 3529/3522/3166 3530/3523/3167 3531/3524/3167 3532/3525/3166 
f 3530/3526/3167 3533/3527/3168 3534/3528/3169 3531/3529/3167 
f 3533/3530/3168 3529/3531/3166 3532/3532/3166 3534/3533/3169 
f 3535/3534/3170 3536/3535/3171 3537/3536/3171 3538/3537/3170 
f 3536/3538/3171 3539/3539/3172 3540/3540/3172 3537/3541/3171 
f 3539/3542/3172 3535/3543/3170 3538/3544/3170 3540/3545/3172 
f 3541/3546/3173 3542/3547/3174 3543/3548/3175 3544/3549/3176 
f 3542/3550/3174 3545/3551/3177 3546/3552/3178 3543/3553/3175 
f 3545/3554/3177 3541/3555/3173 3544/3556/3176 3546/3557/3178 
f 3547/3558/3179 3548/3559/3180 3549/3560/3180 3550/3561/3181 
f 3548/3562/3180 3551/3563/3182 3552/3564/3182 3549/3565/3180 
f 3551/3566/3182 3547/3567/3179 3550/3568/3181 3552/3569/3182 
f 3553/3570/3183 3554/3571/3184 3555/3572/3184 3556/3573/3183 
f 3554/3574/3184 3557/3575/3185 3558/3576/3185 3555/3577/3184 
f 3557/3578/3185 3553/3579/3183 3556/3580/3183 3558/3581/3185 
f 3559/3582/3186 3560/3583/3187 3561/3584/3188 3562/3585/3189 
f 3560/3586/3187 3563/3587/3190 3564/3588/3191 3561/3589/3188 
f 3563/3590/3190 3565/3591/3192 3566/3592/3193 3564/3593/3191 
f 3565/3594/3192 3559/3595/3186 3562/3596/3189 3566/3597/3193 
f 3562/3585/3189 3561/3584/3188 3567/3598/3194 3568/3599/3195 
f 3561/3589/3188 3564/3588/3191 3569/3600/3196 3567/3601/3194 
f 3564/3593/3191 3566/3592/3193 3570/3602/3197 3569/3603/3196 
f 3566/3597/3193 3562/3596/3189 3568/3604/3195 3570/3605/3197 
f 3568/3606/3195 3567/3607/3194 3571/3608/3198 3572/3609/3199 
f 3567/3601/3194 3569/3600/3196 3573/3610/3200 3571/3611/3198 
f 3569/3612/3196 3570/3613/3197 3574/3614/3201 3573/3615/3200 
f 3570/3605/3197 3568/3604/3195 3572/3616/3199 3574/3617/3201 
f 3572/3609/3199 3571/3608/3198 3575/3618/3202 3576/3619/3203 
f 3571/3611/3198 3573/3610/3200 3577/3620/3204 3575/3621/3202 
f 3573/3615/3200 3574/3614/3201 3578/3622/3205 3577/3623/3204 
f 3574/3617/3201 3572/3616/3199 3576/3624/3203 3578/3625/3205 
f 3579/3626/3206 3580/3627/3207 3581/3628/3208 3582/3629/3206 
f 3580/3630/3207 3583/3631/3209 3584/3632/3209 3581/3633/3208 
f 3583/3634/3209 3579/3635/3206 3582/3636/3206 3584/3637/3209 
f 3585/3638/3210 3586/3639/3211 3587/3640/3211 3588/3641/3210 
f 3586/3642/3211 3589/3643/3212 3590/3644/3212 3587/3645/3211 
f 3589/3646/3212 3585/3647/3210 3588/3648/3210 3590/3649/3212 
f 3591/3650/3213 3592/3651/3214 3593/3652/3214 3594/3653/3213 
f 3592/3654/3214 3595/3655/3215 3596/3656/3216 3593/3657/3214 
f 3595/3658/3215 3591/3659/3213 3594/3660/3213 3596/3661/3216 
f 3597/3662/3217 3598/3663/3218 3599/3664/3218 3600/3665/3217 
f 3598/3666/3218 3601/3667/3219 3602/3668/3219 3599/3669/3218 
f 3601/3670/3219 3597/3671/3217 3600/3672/3217 3602/3673/3219 
f 3603/3674/3220 3604/3675/3221 3605/3676/3221 3606/3677/3220 
f 3604/3678/3221 3607/3679/3222 3608/3680/3222 3605/3681/3221 
f 3607/3682/3222 3603/3683/3220 3606/3684/3220 3608/3685/3222 
f 3609/3686/3223 3610/3687/3224 3611/3688/3225 3612/3689/3226 
f 3610/3690/3224 3613/3691/3227 3614/3692/3228 3611/3693/3225 
f 3613/3694/3227 3609/3695/3223 3612/3696/3226 3614/3697/3228 
f 3615/3698/3229 3616/3699/3230 3617/3700/3231 3618/3701/3232 
f 3616/3702/3230 3619/3703/3233 3620/3704/3234 3617/3705/3231 
f 3619/3706/3233 3621/3707/3235 3622/3708/3236 3620/3709/3234 
f 3621/3710/3235 3615/3711/3229 3618/3712/3232 3622/3713/3236 
f 3618/3701/3232 3617/3700/3231 3623/3714/3237 3624/3715/3238 
f 3617/3705/3231 3620/3704/3234 3625/3716/3239 3623/3717/3237 
f 3620/3709/3234 3622/3708/3236 3626/3718/3240 3625/3719/3239 
f 3622/3713/3236 3618/3712/3232 3624/3720/3238 3626/3721/3240 
f 3624/3715/3238 3623/3714/3237 3627/3722/3241 3628/3723/3242 
f 3623/3717/3237 3625/3716/3239 3629/3724/3243 3627/3725/3241 
f 3625/3719/3239 3626/3718/3240 3630/3726/3244 3629/3727/3243 
f 3626/3721/3240 3624/3720/3238 3628/3728/3242 3630/3729/3244 
f 3631/3730/3245 3632/3731/3246 3633/3732/3246 3634/3733/3247 
f 3632/3734/3246 3635/3735/3248 3636/3736/3248 3633/3737/3246 
f 3635/3738/3248 3631/3739/3245 3634/3740/3247 3636/3741/3248 
f 3637/3742/3249 3638/3743/3250 3639/3744/3251 3640/3745/3249 
f 3638/3746/3250 3641/3747/3252 3642/3748/3252 3639/3749/3251 
f 3641/3750/3252 3637/3751/3249 3640/3752/3249 3642/3753/3252 
f 3643/3754/3253 3644/3755/3254 3645/3756/3254 3646/3757/3253 
f 3644/3758/3254 3647/3759/3255 3648/3760/3255 3645/3761/3254 
f 3647/3762/3255 3643/3763/3253 3646/3764/3253 3648/3765/3255 
f 3649/3766/3256 3650/3767/3257 3651/3768/3257 3652/3769/3256 
f 3650/3770/3257 3653/3771/3258 3654/3772/3259 3651/3773/3257 
f 3653/3774/3258 3649/3775/3256 3652/3776/3256 3654/3777/3259 
f 3655/3778/3260 3656/3779/3261 3657/3780/3262 3658/3781/3263 
f 3656/3782/3261 3659/3783/3264 3660/3784/3264 3657/3785/3262 
f 3659/3786/3264 3655/3787/3260 3658/3788/3263 3660/3789/3264 
f 2125/3790/3265 3661/3791/3266 3662/3792/3267 3663/3793/3268 
f 3661/3794/3266 3664/3795/3269 3665/3796/3270 3662/3797/3267 
f 3664/3798/3269 2125/3799/3265 3663/3800/3268 3665/3801/3270 
f 3663/3793/3268 3662/3792/3267 3666/3802/3271 3667/3803/3272 
f 3662/3797/3267 3665/3796/3270 3668/3804/3273 3666/3805/3271 
f 3665/3801/3270 3663/3800/3268 3667/3806/3272 3668/3807/3273 
f 3667/3803/3272 3666/3802/3271 3669/3808/3274 3670/3809/3275 
f 3666/3805/3271 3668/3804/3273 3671/3810/3276 3669/3811/3274 
f 3668/3807/3273 3667/3806/3272 3670/3812/3275 3671/3813/3276 
f 3670/3809/3275 3669/3808/3274 3672/3814/3277 3673/3815/3278 
f 3669/3811/3274 3671/3810/3276 3674/3816/3279 3672/3817/3277 
f 3671/3813/3276 3670/3812/3275 3673/3818/3278 3674/3819/3279 
f 3675/3820/3280 3676/3821/3281 3677/3822/3281 3678/3823/3280 
f 3676/3824/3281 3679/3825/3282 3680/3826/3282 3677/3827/3281 
f 3679/3828/3282 3675/3829/3280 3678/3830/3280 3680/3831/3282 
f 3681/3832/3283 3682/3833/3284 3683/3834/3284 3684/3835/3285 
f 3682/3836/3284 3685/3837/3286 3686/3838/3287 3683/3839/3284 
f 3685/3840/3286 3681/3841/3283 3684/3842/3285 3686/3843/3287 
f 3687/3844/3288 3688/3845/3289 3689/3846/3290 3690/3847/3291 
f 3688/3848/3289 3691/3849/3292 3692/3850/3293 3689/3851/3290 
f 3691/3852/3292 3687/3853/3288 3690/3854/3291 3692/3855/3293 
f 3693/3856/3294 3694/3857/3295 3695/3858/3296 3696/3859/3297 
f 3694/3860/3295 3697/3861/3298 3698/3862/3298 3695/3863/3296 
f 3697/3864/3298 3693/3865/3294 3696/3866/3297 3698/3867/3298 
f 3699/3868/3299 3700/3869/3300 3701/3870/3301 3702/3871/3302 
f 3700/3872/3300 3703/3873/3303 3704/3874/3304 3701/3875/3301 
f 3703/3876/3303 3699/3877/3299 3702/3878/3302 3704/3879/3304 
f 3705/3880/3305 3706/3881/3306 3707/3882/3307 3708/3883/3308 
f 3706/3884/3306 3709/3885/3309 3710/3886/3310 3707/3887/3307 
f 3709/3888/3309 3705/3889/3305 3708/3890/3308 3710/3891/3310 
f 3708/3892/3308 3707/3893/3307 3711/3894/3311 3712/3895/3312 
f 3707/3887/3307 3710/3886/3310 3713/3896/3313 3711/3897/3311 
f 3710/3891/3310 3708/3890/3308 3712/3898/3312 3713/3899/3313 
f 3712/3895/3312 3711/3894/3311 3714/3900/3314 3715/3901/3315 
f 3711/3897/3311 3713/3896/3313 3716/3902/3316 3714/3903/3314 
f 3713/3899/3313 3712/3898/3312 3715/3904/3315 3716/3905/3316 
f 3717/3906/3317 3718/3907/3318 3719/3908/3318 3720/3909/3317 
f 3718/3910/3318 3721/3911/3319 3722/3912/3319 3719/3913/3318 
f 3721/3914/3319 3717/3915/3317 3720/3916/3317 3722/3917/3319 
f 3723/3918/3320 3724/3919/3321 3725/3920/3321 3726/3921/3322 
f 3724/3922/3321 3727/3923/3323 3728/3924/3323 3725/3925/3321 
f 3727/3926/3323 3723/3927/3320 3726/3928/3322 3728/3929/3323 
f 3729/3930/3324 3730/3931/3325 3731/3932/3326 3732/3933/3324 
f 3730/3934/3325 3733/3935/3327 3734/3936/3327 3731/3937/3326 
f 3733/3938/3327 3729/3939/3324 3732/3940/3324 3734/3941/3327 
f 3735/3942/3328 3736/3943/3329 3737/3944/3329 3738/3945/3330 
f 3736/3946/3329 3739/3947/3331 3740/3948/3331 3737/3949/3329 
f 3739/3950/3331 3735/3951/3328 3738/3952/3330 3740/3953/3331 
f 3741/3954/3332 3742/3955/3333 3743/3956/3333 3744/3957/3332 
f 3742/3958/3333 3745/3959/3334 3746/3960/3334 3743/3961/3333 
f 3745/3962/3334 3741/3963/3332 3744/3964/3332 3746/3965/3334 
f 3747/3966/3335 3748/3967/3336 3749/3968/3337 3750/3969/3338 
f 3748/3970/3336 3751/3971/3339 3752/3972/3340 3749/3973/3337 
f 3751/3974/3339 3747/3975/3335 3750/3976/3338 3752/3977/3340 
f 3750/3969/3338 3749/3968/3337 3753/3978/3341 3754/3979/3342 
f 3749/3973/3337 3752/3972/3340 3755/3980/3343 3753/3981/3341 
f 3752/3977/3340 3750/3976/3338 3754/3982/3342 3755/3983/3343 
f 3754/3979/3342 3753/3978/3341 3756/3984/3344 3757/3985/3345 
f 3753/3981/3341 3755/3980/3343 3758/3986/3346 3756/3987/3344 
f 3755/3983/3343 3754/3982/3342 3757/3988/3345 3758/3989/3346 
f 3759/3990/3347 3760/3991/3348 3761/3992/3349 3762/3993/3350 
f 3760/3994/3348 3763/3995/3351 3764/3996/3352 3761/3997/3349 
f 3763/3998/3351 3759/3999/3347 3762/4000/3350 3764/4001/3352 
f 3765/4002/3353 3766/4003/3354 3767/4004/3354 3768/4005/3353 
f 3766/4006/3354 3769/4007/3355 3770/4008/3355 3767/4009/3354 
f 3769/4010/3355 3765/4011/3353 3768/4012/3353 3770/4013/3355 
f 3771/4014/3356 3772/4015/3357 3773/4016/3357 3774/4017/3356 
f 3772/4018/3357 3775/4019/3358 3776/4020/3358 3773/4021/3357 
f 3775/4022/3358 3771/4023/3356 3774/4024/3356 3776/4025/3358 
f 3777/4026/3359 3778/4027/3360 3779/4028/3360 3780/4029/3359 
f 3778/4030/3360 3781/4031/3361 3782/4032/3362 3779/4033/3360 
f 3781/4034/3361 3777/4035/3359 3780/4036/3359 3782/4037/3362 
f 3783/4038/3363 3784/4039/3364 3785/4040/3364 3786/4041/3363 
f 3784/4042/3364 3787/4043/3365 3788/4044/3365 3785/4045/3364 
f 3787/4046/3365 3783/4047/3363 3786/4048/3363 3788/4049/3365 
f 3789/4050/3366 3790/4051/3367 3791/4052/3367 3792/4053/3366 
f 3790/4054/3367 3793/4055/3368 3794/4056/3368 3791/4057/3367 
f 3793/4058/3368 3789/4059/3366 3792/4060/3366 3794/4061/3368 
f 3795/4062/3369 3796/4063/3370 3797/4064/3370 3798/4065/3369 
f 3796/4066/3370 3799/4067/3371 3800/4068/3371 3797/4069/3370 
f 3799/4070/3371 3795/4071/3369 3798/4072/3369 3800/4073/3371 
f 3801/4074/3372 3802/4075/3373 3803/4076/3373 3804/4077/3372 
f 3802/4078/3373 3805/4079/3374 3806/4080/3374 3803/4081/3373 
f 3805/4082/3374 3801/4083/3372 3804/4084/3372 3806/4085/3374 
f 3807/4086/3375 3808/4087/3376 3809/4088/3376 3810/4089/3375 
f 3808/4090/3376 3811/4091/3377 3812/4092/3377 3809/4093/3376 
f 3811/4094/3377 3807/4095/3375 3810/4096/3375 3812/4097/3377 
f 3813/4098/3378 3814/4099/3379 3815/4100/3379 3816/4101/3380 
f 3814/4102/3379 3817/4103/3381 3818/4104/3381 3815/4105/3379 
f 3817/4106/3381 3813/4107/3378 3816/4108/3380 3818/4109/3381 
f 3819/4110/3382 3820/4111/3383 3821/4112/3384 3822/4113/3382 
f 3820/4114/3383 3823/4115/3385 3824/4116/3385 3821/4117/3384 
f 3823/4118/3385 3819/4119/3382 3822/4120/3382 3824/4121/3385 
f 3825/4122/3386 3826/4123/3387 3827/4124/3388 3828/4125/3389 
f 3826/4126/3387 3829/4127/3390 3830/4128/3391 3827/4129/3388 
f 3829/4130/3390 3825/4131/3386 3828/4132/3389 3830/4133/3391 
f 3831/4134/3392 3832/4135/3393 3833/4136/3394 3834/4137/3392 
f 3832/4138/3393 3835/4139/3395 3836/4140/3395 3833/4141/3394 
f 3835/4142/3395 3831/4143/3392 3834/4144/3392 3836/4145/3395 
f 3837/4146/3396 3838/4147/3397 3839/4148/3397 3840/4149/3396 
f 3838/4150/3397 3841/4151/3398 3842/4152/3398 3839/4153/3397 
f 3841/4154/3398 3837/4155/3396 3840/4156/3396 3842/4157/3398 
f 3843/4158/3399 3844/4159/3400 3845/4160/3400 3846/4161/3399 
f 3844/4162/3400 3847/4163/3401 3848/4164/3401 3845/4165/3400 
f 3847/4166/3401 3843/4167/3399 3846/4168/3399 3848/4169/3401 
f 3849/4170/3402 3850/4171/3403 3851/4172/3403 3852/4173/3402 
f 3850/4174/3403 3853/4175/3404 3854/4176/3405 3851/4177/3403 
f 3853/4178/3404 3849/4179/3402 3852/4180/3402 3854/4181/3405 
f 3855/4182/3406 3856/4183/3407 3857/4184/3407 3858/4185/3406 
f 3856/4186/3407 3859/4187/3408 3860/4188/3409 3857/4189/3407 
f 3859/4190/3408 3855/4191/3406 3858/4192/3406 3860/4193/3409 
f 3861/4194/3410 3862/4195/3411 3863/4196/3411 3864/4197/3412 
f 3862/4198/3411 3865/4199/3413 3866/4200/3413 3863/4201/3411 
f 3865/4202/3413 3861/4203/3410 3864/4204/3412 3866/4205/3413 
f 3867/4206/3414 3868/4207/3415 3869/4208/3415 3870/4209/3416 
f 3868/4210/3415 3871/4211/3417 3872/4212/3417 3869/4213/3415 
f 3871/4214/3417 3867/4215/3414 3870/4216/3416 3872/4217/3417 
f 3873/4218/3418 3874/4219/3419 3875/4220/3419 3876/4221/3418 
f 3874/4222/3419 3877/4223/3420 3878/4224/3420 3875/4225/3419 
f 3877/4226/3420 3873/4227/3418 3876/4228/3418 3878/4229/3420 
f 3879/4230/3421 3880/4231/3422 3881/4232/3422 3882/4233/3421 
f 3880/4234/3422 3883/4235/3423 3884/4236/3423 3881/4237/3422 
f 3883/4238/3423 3879/4239/3421 3882/4240/3421 3884/4241/3423 
f 3885/4242/3424 3886/4243/3425 3887/4244/3425 3888/4245/3424 
f 3886/4246/3425 3889/4247/3426 3890/4248/3426 3887/4249/3425 
f 3889/4250/3426 3885/4251/3424 3888/4252/3424 3890/4253/3426 
# 2135 polygons - 20 triangles

